src_legal,tgt_plain
"In order to obtain discovery regarding the issue of personal jurisdiction, at a minimum, the plaintiff must establish a colorable or prima facie showing of personal jurisdiction.","In order to obtain discovery regarding the issue of personal jurisdiction, at a minimum, the plaintiff must establish a convincing or self-evident showing of personal jurisdiction."
"Plaintiffs argue that Defendants knew, or should have known, that the risk of new-onset diabetes mellitus or hyperglycemia associated with Risperdal is significantly higher than with older, cheaper, and equally effective “typical” antipsychotic drugs.","Complainants argue that defendants knew, or should have known, that the risk of new-onset diabetes mellitus or hyperglycemia associated with Risperdal is significantly higher than with older, cheaper, and equally effective “typical” antipsychotic drugs."
"In addition, Palermo alleges that his manager, Brittany Williams (Williams), who is a black female, and another one of his direct supervisors, Terry Green (Green) were aware of his EEO Complaints, the 2004 Case, and the 2008 Case.","In addition, Palermo claims that his manager, Brittany Williams (Williams), who is a black female, and another one of his direct supervisors, Terry Green (Green) were aware of his Equal Employment Opportunity Complaints, the 2004 Case, and the 2008 Case."
"Arch took no action on eight of those claims (Chart, Claims 13-20), and issued a denial letter for the ninth claim (Chart, Claim 21) on March 1, 2010 by re-asserting its position noted before and further asserting that an intervening Endorsement No.","Arch took no action on eight of those claims (Chart, Claims 13-20), and issued a denial letter for the ninth claim (Chart, Claim 21) on March 1, 2010 by re-asserting its position noted before and further asserting that an intervening Endorsement No."
"Because, apparently, no act of obeisance goes unpunished, the Federal Circuit then vacated this Court’s grant of summary judgment to Amphastar and held, in November, 2015, 'that the safe harbor provision did not apply to' its infringing activities.","Because, apparently, no act of reverence goes unpunished, the Federal Circuit then invalidated this Court’s grant of summary judgment to Amphastar and held, in November, 2015, 'that the provision granting protection from liability or penalty if certain conditions are met did not apply to' its infringing activities."
"This Court “may consider a number of factors, including whether the work performed was duplicative, if an attorney takes extra time due to inexperience, or if an attorney performs tasks normally performed by paralegals, clerical personnel, or other non-attorneys.” Ussery, 10 Vet.App.","This Court “may consider a number of factors, including whether the work performed was repetitious, if a lawyer takes extra time due to inexperience, or if a lawyer performs tasks normally performed by legal assistants, clerical personnel, or other non-lawyers.”"
"Obviously, and to the extent further discussion of essential character is even necessary here: the essence of pots and pans is to contain and cook, and they can serve those functions with or without lids; and while lids may complete or enhance that purpose, they are merely incidental thereto and serve no purpose otherwise without the pots/pans to which they are intended to be fitted or combined.","Obviously, and to the extent further discussion of essential character is even necessary here: the essence of pots and pans is to contain and cook, and they can serve those functions with or without lids. While lids may complete or enhance that purpose, they are merely incidental thereto and serve no purpose otherwise without the pots/pans to which they are intended to be fitted or combined."
"Moreover, under section 5121, a determination of whether accrued benefits should be awarded “must be determined based on evidence that was either'physically or constructively in the [deceased claimant’s] file at the time of his death.” Ralston v. West, 13 Vet.App.","Moreover, under section 5121, a determination of whether accrued benefits should be granted “must be determined based on evidence that was either'physically or constructively in the [deceased claimant’s] file at the time of his death.” Ralston v. West, 13 Vet.App."
"We will pay all sums an “insured” legally must pay as damages because of “bodily injury” or “property damage” to which this insurance applies, caused by an “accident” and resulting from “garage operations” involving the ownership, maintenance or use of covered “autos”.","We will pay all sums an “insured” legally must pay as damages because of “bodily injury” or “property damage” to which this insurance applies, caused by an “accident” and resulting from “garage operations” involving the ownership, maintenance or use of covered “autos”."
"Where, as here, a prisoner “challenges the very fact or duration of his physical imprisonment, and the relief he seeks is a determination that he is entitled to immediate release or a speedier release from that imprisonment, his sole federal remedy is a writ of habeas corpus.” Preiser v. Rodriguez, 411 U.S. 475, 500, 93 S.Ct.","Where, as here, a prisoner “challenges the very fact or duration of his physical detention, and the relief he seeks is a determination that he is entitled to immediate release or a speedier release from that detention, his sole federal remedy is a judge's order to bring prisoner into court.” Preiser v. Rodriguez, 411 U.S. 475, 500, 93 S.Ct."
"At oral argument, ST argued that it is clear that no renewal premium is due under ST’s premium plan because the document setting forth the premium plan, the 2005 Flow Plan, nowhere mentions renewal premiums being due after the MCL is reached.","At verbal argument, ST argued that it is clear that no renewal premium is due under ST’s premium plan because the document setting forth the premium plan, the 2005 Flow Plan, nowhere mentions renewal premiums being due after the maximum contaminant level is reached."
"Therefore, the government presented sufficient evidence for a jury to conclude that defendant pledged “all furniture, equipment, and fixtures” in each of the four properties listed, including the Restaurant, and that he falsely represented that no one else held any interest in the collateral.","Therefore, the government presented sufficient evidence for a jury to conclude that defendant pledged “all furniture, equipment, and fixtures” in each of the four properties listed, including the restaurant, and that he falsely represented that no one else held any interest in the security deposit."
"If the plaintiff succeeds in doing so, the burden of production shifts to the defendant ""to articulate some legitimate, nondiscriminatory reason for the employee’s rejection.” McDonnell Douglas, 411 U.S. at 802, 93 S.Ct.","If the complainant succeeds in doing so, the burden of production shifts to the respondent ""to express some legitimate, nondiscriminatory reason for the employee’s rejection.” McDonnell Douglas, 411 U.S. at 802, 93 S.Ct."
"However, because the Court had previously overruled those additional arguments during the September 7 hearing, and because the Court specifically narrowed Defendant's supplemental argument to the issue of § 6308, and because Defendant’s reply raises new issues insofar as neither its supplemental filing nor Plaintiff's response raised those issues, the Court rejects those argument out of hand.","However, because the Court had previously ruled against those additional arguments during the September 7 hearing and specifically narrowed Defendant's supplemental argument to the issue of § 6308, and because Defendant’s reply raises new issues insofar as neither its supplemental filing nor Plaintiff's response raised those issues, the Court rejects those argument without thought."
"The closest Williams comes to addressing the Baze standard is in a heading in the briefs outline that reads, “What is known of the State’s Revised protocol indicates that Williams will likely suffer needless, undue, and excruciating pain during execution.”","The closest Williams comes to addressing the Baze standard is in a heading in the briefs outline that reads, “What is known of the State’s Revised protocol indicates that Williams will likely suffer unnecessary, unlawful, and severe pain during execution.”"
"This is undisputed, but neither party provides any evidence as to what kind of hospital Plaintiffs would be placed in, what level of care they would receive, what services they would be entitled to during their hospitalizations, or the probable durations of their hospital stays.","This is unargued, but neither party provides any evidence as to what kind of hospital complainants would be placed in, what level of care they would receive, what services they would be entitled to during their hospitalizations, or the probable durations of their hospital stays."
"In sum, because Trader Joe’s has made no showing that the lack of an “All Natural” label would imply or suggest ascorbic acid inferiority in violation of the FDCA and FDA regulations, it has made no showing that plaintiffs’ Juice-related claims are preempted.","In sum, because Trader Joe’s has made no showing that the lack of an “All Natural” label would imply or suggest ascorbic acid inferiority in violation of the Federal Food, Drug and Cosmetic Act and Food & Drug Administration regulations, it has made no showing that plaintiffs’ Juice-related claims are preempted."
"To be sure, to win on her alienation of affections claim, Plaintiff must prove: (1) love and affection of the spouse for the plaintiff; (2) actual damages; and (3) overt acts, conduct, or enticement on the part of the defendant causing those affections to depart.","To be sure, to win on her alienation of affections claim, Plaintiff must prove: (1) love and affection of the spouse for the plaintiff; (2) actual damages; and (3) clear acts, conduct, or attraction on the part of the defendant causing those affections to depart."
"Even after the execution of the Contract, Starr and Carson each signed various purchase orders that indicated delivery to Jas-min’s address; Trina delivered the solar panels directly to Jasmin in Australia; and Jasmin accepted and installed the panels, at one point stating in an email to Trina on which JRC was copied that Jasmin would pay the invoices.","Even after the execution of the Contract, Starr and Carson each signed various purchase orders that indicated delivery to Jas-min’s address; Trina delivered the solar panels directly to Jasmin in Australia; and Jasmin accepted and installed the panels, at one point stating in an email to Trina on which JRC was copied that Jasmin would pay the invoices."
"In challenging the validity of Claims 1 and 9 of the ’681 Patent—both of which are independent claims—Nash cites Section 103 of the Patent Act, which forbids the issuance of a patent where “the differences between the claimed invention and the prior art are such that the claimed invention as a whole would have been obvious before the effective filing date of the claimed invention to a person having ordinary skill in the art to which the claimed invention pertains.” 35 U.S.C.",Section 103 of the Patent Act forbids the issuance of a patent where “the differences between the claimed invention and the prior art are such that the claimed invention as a whole would have been obvious before the effective filing date of the claimed invention to a person having ordinary skill in the art to which the claimed invention pertains.” 35 U.S.C. In challenging the validity of Claims 1 and 9 of the ’681 Patent—both of which are independent claims—Nash cites the Section 103 of the Patent Act.
"In doing so, the Board should be mindful that it “has a special obligation to read pro se filings liberally.” Robinson v. Shinseki, 557 F.3d 1355, 1358-59 (Fed.Cir.2009).","In doing so, the Board should be mindful that it has a special obligation to read the filings made by persons without the assistance of an attorney open-mindedly."
The failure to adhere to this procedural mandate renders the notice of pen-dency “defective and void from the beginning.”,Failure to comply with this procedural instruction causes the notice of pendency to become non valid from the time it was executed.
"The burden is on the moving party to show, through the pleadings, discovery and affidavits, “that there is no genuine dispute as to any material fdet and [that] the movant is .entitled to-judgment as a matter of law.” Fed.","The party who is making a request to the court must demonstrate that the pleadings, discovery and written statements show that there is no dispute over material facts and that they have the right to request to the court to render a judgment that the opposing party’s evidence is insufficient."
"The Court must therefore grant the defendants’ motion to dismiss if it answers three questions in the affirmative: (1) whether the defendants are, “provider[s] ... of an interactive computer service,” 47 U.S.C.","Therefore, the court must accept the request of the defendant to dismiss the case if it answers the following questions in the affirmative: (1) whether defendants are provider(s) … of an interactive computer service."
No unacceptable evals and nothing that really stands out in the weekly ... [training and HR pretty much agrees [sic] we don’t have a case: Perhaps Steve’s report will change in entirety based on 6th step info.,There are no acceptable evaluations and no significant matter in the weekly training. The human resources team stated that they do not have a case. Steve’s report may completely change depending on the 6th step information.
"In this group are four pro se parties (Dwight E. Nolt [# 226], Mark Powell [#208], Chris Pavlou [#119] and Paul R. Worsham [# 200]) and one “professional and generally unsuccessful objector,” see In re Royal Ahold N.V. Sec.","Merck argues that Illinois Human Rights Act, 775 ILCS 5/1-101 and the following articles restrict making the state whistleblower claim regulated under Federal Rules of Civil Peocedure 12(b)(1) and - 12(b)(6). This is why Merck requests the dismissal of this claim."
"In Fluorine’s view, Amtrak may condemn a property interest only “as a last resort” — “where it cannot practicably do otherwise” — and it urges the Court to engage in a searching, fact- specific review of Amtrak’s condemnation decision.","In Flourine’s view, Amtrak can only seize a propoerty interest if there are no other practicable solutions. Flourine requests the Court to search the facts regarding Amtrak’s seizure decision."
"There is no indication on the face of the April 1988 rating decision that the RO did not consider the evidence of record or the application of § 4.16(b), and the Court cannot conclude that it failed to do so on the basis of silence alone.",There is no indication in the April 1988 rating decision that the RO did not take into account the evidence in the records or the application of Article 4.16(b). The Court cannot make such conclusion because of the mere fact that RO stayed silent.
"Should-the Court find that such costs constitute an economic injury sufficient to confer standing, “a private plaintiff bringing a UCL claim automatically would have standing merely by filing suit.” Cordon v. Wachovia Mortg., a Div.","If the Court decides that such costs constitute a sufficient economic injury to decide that there is sufficient connection to be able to request remedy, any plaintiff bringing a UCL claim will automatically be entitled to be involved in the legal proceedings simply by bringing peoceedings."
"To the extent that Vivendi’s argument is that GAMCO should have unearthed information that would have led it to discount Vivendi’s misrepresentations, such arguments fails because contributory negligence is not a defense to securities fraud.","The Veterans Court declared that it is authorized to grant remedy by compelling a lower court to perform an act. However, it noted that this kind of remedy can only be granted for extraordinary circumstances as it is a drastic one."
"The privilege “recognizes that sound legal advice or advocacy serves public ends and that such advice or advocacy depends upon the lawyer’s being fully informed by the client.” Upjohn v. United States, 449 U.S. 383, 389, 101 S.Ct.","Vivendi’s argument is that GAMCO should have uncovered information that would enable it to disregard Vivendi’s misinterpretations. However, these arguments fail because the plaintiff’s failure to exercise reasonable care against their own injury is not a defense against securities fraud."
"The Veterans Court recognized its authority to grant relief by way of writ of mandamus, noting that such relief “is a drastic one, to be invoked only in extraordinary circumstances.” Veterans Opinion at 1 (citing Kerr v. U.S. Dist.","The legal principle protecting certain confidential commucations from disclosure without the client’s permission, accepts that sound legal advice or advocacy serves public purposes and such advice or advocacy depends upon the attorney being fully informed by the client."
"Plaintiffs respond by noting that, according to the Amended Complaint, the parties engaged in negotiations over an unexecuted draft Operating Agreement, which “contemplated that [the parties] would ‘jointly operate the proton therapy center.’” Pl.","Plaintiffs responded by stating that, according to the written revision of the original complaint filed previously, the parties have negotiated on an unsigned draft Operating Agreement, which stipulates that they will jointly operate the proton therapy center."
The only exception to this general rule — one that is not applicable here — is if the transferor court already decided an issue (based on its own interpretation of the law) and thus the “law of the case” governs that issue even in the transferee court.,"The only exception to this general rule is when the court is tranferring the case to another jurisdiction has already decided an issue based on its own interpretation of the law. In such case, even the tranferee court must base their decisions to that interpretation for that specific matter. However, this exception is not applicable here."
"In other words, a finding that pinniped predation is having a significant negative impact on the decline or recovery of protected salmonids does not mean that pinniped predation is jeopardizing those salmonids, as the term is used in the ESA context.","Within the scope of ESA, the mere fact that pinniped predation is having a significant negative impact on the decline or recovery of protected salmonids does not mean that pinniped predation is endangering those salmonids."
"In determining whether Capital-Source retained a security interest in the cash proceeds, the court acknowledged that under § 9-332, “CapitalSource did not have a security interest in the funds after Debtor [Delco Oil] transferred them to Marathon.”","The court determined whether Capital-Source still has a right - collateral - in the cash proceeds securing the payment. While doing so, it decided that pursuant to Article 9-332, Capital Source lost such right in the funds after Debtor (Delco Oil) tranferred them to Marathon."
"The probation office filed a petition to revoke Defendant’s supervised release, alleging Defendant had been (1) associating with a convicted felon (a female) without permission, and (2) discharged from RRC for making threatening statements to a staff member.","The office dealing with the persons who have been convicted of a crime but are allowed to remain out of custody filed a petition to cancel the Defendant’s supervised release. The office claimed that the Defendant had been (1) associating with a convicted felon (a female) without permission, and (2) expelled from the PRC for making threatening statements to a staff member."
"Therefore, the court’s analysis in this Ruling focuses solely on the first step of the above inquiry: determining whether the state statutes “mandate or authorize a per se antitrust violation.” Freedom Holdings IV, 624 F.3d at 49 (quotation marks and citation omitted).","Therefore, the court’s analysis in this decision focuses only on the first step of the above investigation: determining whether the state legislation require or allow antitrust violation considering nothing else but only the state legislation."
"Having considered the motions, responses, replies, supporting evidence, the argument of counsel, and the applicable law, the court will grant the summary-judgment motion and dismiss all of Plaintiffs’ claims and dismiss all other pending motions for the reasons to follow.","The requests made to the court, responses, replies, supporting evidence, the argument of counsel, and the relevant jurisdictions’ law to be applied to the case were considered. Accordingly, the court will accept the request regarding the summary judgement and dismiss all of the Plaintiffs’ claims. The court will also dismiss all other requests for the reasons to follow."
"Now pending before the court is the “Motion to Dismiss Plaintiffs Second Amended Complaint Pursuant to Rule 12(b)(6) of Defendants Gene Byron Schenberg, Richard F. Huck, III, Michael J. McKitrick, Danna McKitrick, P.C., NetSecure Technologies, Ltd. and Daniel McCann.” (Dkt.","The court is now seeing the case titled “Motion to Dismiss Plaintiffs Second Amended Complaint Pursuant to Rule 12(b)(6) of Defendants Gene Byron Schenberg, Richard F. Huck, III, Michael J. McKitrick, Danna McKitrick, P.C., NetSecure Technologies, Ltd. and Daniel McCann.”"
"Plaintiffs’ actions have (1) required defendant to file three additional motions, (2) unnecessarily prolonged this case, (3) required defendant to incur expenses it should not have incurred, and (4) wasted the time of both defendant and the Court.","Plaintiffs’ actions (1) required defendant to submit three additional motions (2) unnecessarily lengthened this case, (3) required defendant to spend more money than it should have, and (4) wasted the time of both defendant and the Court."
"During the interview, Defendant commented to Chief Koivunen that he had been using methamphetamine the previous week and made reference to “being up over a week.” Defendant also stated that he had been using methamphetamine on May 6 “all day.” (Gov’t Ex.","During the interview, Defendant commented to Chief Koivunen that he had been using methamphetamine the previous week. He said that he was “up over a week.” Defendant also stated that he had been using methamphetamine on May 6 “all day.”"
"In the two years following Mr. Dodson’s death, Mrs. Carroll did not seek Dependency and Indemnity Compensation (“DIC”) benefits, which are available to the “surviving spouse” of a veteran whose death resulted from a service-related injury or disease.","In the two years following Mr. Dodson’s death, Mrs. Carroll did not seek Dependency and Indemnity Compensation (“DIC”) benefits. DIC are allowances paid to the “surviving spouse” of a veteran whose death resulted from a service-related injury or disease."
"While Wendy's found that a jury demand constituted a waiver of a contractual jury waiver, the opinion contains essentially no reasoning and does not explicitly address the question of whether the jury demand in that case was ""proper” under Rule 38(d).","Wendy's found that a jury demand meant that a contractual jury waiver was given up. But, the opinion contains essentially no reasoning and does not explicitly say whether the jury demand in that case was ""proper”, as it should be according to Rule 38, sub-paragraph d of Federal Rules of Civil Procedure."
"The chapter 13 debtor, Gary D. Barbee (“Debtor”), instituted an adversary proceeding against U.S. Bank National Association as trustee for the Truman FHA Trust 2008-1, by and through its mortgage servicing agent BAC Home Loan Servicing (“Bank”) seeking to avoid the Bank’s interest in his manufactured home pursuant to 11 U.S.C.","The debtor under Chapter 13 of the Bankruptcy Code, Gary D. Barbee (“Debtor”), filed a complaint against U.S. Bank National Association as trustee for the Truman FHA Trust 2008-1, through its mortgage administrator BAC Home Loan Servicing (“Bank”). By this complaint, he wanted to avoid paying the Bank interest in his manufactured home pursuant to Title 11 of U.S. Code."
"Although Morgan Stanley had not yet moved for summary judgment on plaintiffs’ negligent misrepresentation claim, I ordered plaintiffs to show cause as to why their negligent misrepresentation claims against Morgan Stanley should not be dismissed in light-of my finding that Morgan Stanley made no actionable misstatement to plaintiffs.",Morgan Stanley had not yet requested that a summary judgment to be given on plaintiffs’ claims that Morgan Stanley made misleading statements due to negligence. But I ordered plaintiffs to show reasons for why their claims against Morgan Stanley should not be rejected in light-of my finding that Morgan Stanley made no misstatement to plaintiffs that can cause a legal action.
"The Audit Report also admitted only partial compliance with Standard 2100, regarding “a broader and more formalized approach in performing risk assessment procedures than is currently in practice at Chipotle,” and that IA believed Standard 2100’s “level of detail is not necessary or appropriate in the Chipotle environment.” (ECF No.","The Audit Report also admitted only partial compliance with Standard 2100, regarding “a broader and more formalized approach in performing risk assessment procedures than is currently in practice at Chipotle,” and that IA believed Standard 2100’s “level of detail is not necessary or appropriate in the Chipotle environment.”"
"According to God-frey, Ralph Thumma, Loretta Seneca, Michael Froio, and Andy Keller, all employees at HOPE, would have testified that Godfrey had no involvement in the sales process and that all sales were handled by Burris and Fischer, and that Burris conducted all hiring and training of'employees; See Docket # 336, at 6-10.","According to God-frey, Ralph Thumma, Loretta Seneca, Michael Froio, and Andy Keller, all employees at HOPE, would have said that Godfrey was not involved in the sales process, that all sales were handled by Burris and Fischer, and that Burris conducted all hiring and training of employees. (See Docket # 336, at 6-10)"
This court has jurisdiction to review a decision of the CAVC “with respect to the validity of a decision of the Court on a rule of law or of any statute or regulation ... or any interpretation thereof (other than a determination as to a factual matter) that was relied on by the [CAVC] in making the decision.” 38 U.S.C.,This court has the power to review a decision of the CAVC “with respect to the validity of a decision of the Court on a rule of law or of any statute or regulation ... or any interpretation thereof (but not with respect to determination of facts) that was relied on by the [CAVC] in making the decision.” 38 U.S.C.
"That one of the Board decisions the appellant was appealing was the June 2008 Board decision crystallized when he filed his pro se motion to recall mandate in February 2012, and later his informal brief, including arguments regarding the merits of the Substantive Appeal issue decided in the June 2008 Board decision.","One of the Board decisions the appellant was appealing was the June 2008 Board decision. This became clear when he filed his motion without a lawyer's assistance to recall the mendate in February 2012. Later he filed his informal brief, which included arguments on the merits of the Substantive Appeal issue decided in the June 2008 Board decision."
"In its papers in opposition to BDP’s motion for judgment, Deltech identifies the Stolt/BDP contract “whereby BDP contracted to perform freight-forwarding duties for Stolt” as the operative one, the breach as a failure to properly prepare the bill of lading, and asserts its position as a third-party beneficiary.","In its papers in opposition to BDP’s motion for judgment, Deltech says that BDP signed a contract to perform freight-forwarding duties for Stolt and identifies this Stolt/BDP contract as the operative one. Deltech also identified the violation as a failure to properly prepare the bill of lading, and states that it is a beneficiary outside of the contract."
Unclean hands “is a self-imposed ordinance that closes the doors of a court of equity to one tainted with inequitableness or bad faith relative to the matter in which he seeks relief’ and originates from “the equitable maxim that ‘he who comes into equity must come with clean hands.’ ” Precision Instrument Mfg.,"Unclean hands is a self-imposed principle that prevents someone involved in a matter from seeking relief in a court of equity if they have acted unfairly or in bad faith. This principle originates from the saying, ""he who comes into equity must come with clean hands."""
"First, in the Civil Remedy Notice filed with the State of Florida, Plaintiff alleged that the Defendant “has already been provided with sufficient information in order to warrant a tender of policy limits” and advised that she was “willing to accept the policy limits to settle the claim...” [DE 1-2 at 16].","First, in the Civil Remedy Notice filed with the State of Florida, Plaintiff alleged that the Defendant has already been provided with enough information to justify offering the maximum insurance coverage as a settlement. the Plaintiff also advised that she was willing to accept the policy limits to resolve the dispute. [DE 1-2 at 16]."
"Plaintiff Laura J. Ramos alleged that her employer, the Federal Bureau of Investigation (“FBI”), discriminated against her on the basis of her race (Count I), subjected her to a hostile work environment (Count II), and retaliated against her after she filed an administrative complaint (Count III).","Plaintiff Laura J. Ramos alleged that her employer, the Federal Bureau of Investigation (“FBI”), discriminated against her on the basis of her race (Count I), subjected her to a hostile work environment (Count II), and acted in retaliation against her after she complained about this before the administrative authorities (Count III)."
"For the reasons stated above, the Court WITHDRAWS its May 31, 2013, decision, DENIES Mrs. Tagupa’s motion for leave to submit supplemental evidence, SETS ASIDE the Board’s August 2, 2011, decision, and REMANDS the matter for VA to seek verification of service from the Department of the Army.","For the reasons stated above, the Court reverses its May 31, 2013, decision. The Court also rejects Mrs. Tagupa’s request to be permitted to submit additional evidence. It also revokes the Board’s August 2, 2011 decision, and send the matter back for VA to verify the service from the Department of the Army."
"It is clear, therefore, that upon receipt of a letter disputing the factual accuracy of information in a consumer’s file, Section 1681i imposes a duty on a CRA both to reinvestigate and to either delete the disputed information or disclose the current status of the disputed information to the person disputing the information.","It is clear, therefore, that upon receipt of a letter disputing the factual accuracy of information in a consumer’s file, Section 1681i imposes a duty on a CRA both to reinvestigate and to either delete the disputed information or disclose the current status of the disputed information to the person disputing the information."
"However, plaintiff chose not to pursue a “denial-of-benefits claim” under § 1132(a)(1)(B), presumably because of “the broad discretion that [defendant] enjoys in construing the terms of the Certificate, which in turn would necessitate a showing that its decision to deny [plaintiffj’s claim was arbitrary and capricious.”","However, plaintiff chose not to make a “denial-of-benefits claim” under Paragraph 1132(a)(1)(B). This is presumably because of the broad discretion that the defendant has in interpreting the terms of the Certificate. This discretion in turn would necessitate a showing that its decision to deny the plaintiff’s claim was arbitrary and careless."
"Where, as here, a prisoner “challeng[es] the very fact or duration of his physical imprisonment, and the relief he seeks is a determination that he is entitled to immediate release or a speedier release from that imprisonment, his sole federal remedy is a writ of habeas corpus.” Preiser v. Rodriguez, 411 U.S. 475, 500, 93 S.Ct.","Where, as here, a prisoner challenges the very fact or duration of his physical imprisonment, and he requests the determination that he should be released immediately or more speedily, his only federal solution is an order of bringing him before a court. (Preiser v. Rodriguez, 411 U.S. 475, 500, 93 S.Ct.)"
"It is an unfair labor practice for a labor organization to, among other things, “interfere with, restrain, or coerce any employee in the exercise by the employee of any right under” the chapter of the CSRA related to union and labor rights, or “to otherwise fail or refuse to comply with any provision of this chapter.” 5 U.S.C.","It is an unfair labor practice for a labor organization to, among other things, interfere with, restrain, or force any employee while exercising any right under the Civil Service Reform Act chapter on union and labor rights or to otherwise fail or refuse to comply with any provision of this chapter. (U.S. Code: Title 5)"
"The Court notes, however, that the clause authorizing the payment of attorney’s fees in Estate of Gaines is much broader than the clause contained in this case, which limits payment to “charges incurred in the administration of the Trust.” Restated Revocable Living Trust dated May 1, 2006, DN 27-6, p. 13.","The Court notes, however, that the clause giving authority to pay the attorney’s fees in Estate of Gaines is much broader than the clause in this case. The clause in this case limits the payment of attorney’s fees to “charges caused by the administration of the Trust.” Restated Revocable Living Trust dated May 1, 2006, DN 27-6, p. 13."
"Conversely, when the preponderance of the evidence weighs against the claim, “[the Board] necessarily has determined that the evidence is not ‘nearly equal’ or ‘too close to call,’ and the benefit of the doubt rule therefore has no application.” Ortiz v. Principi 274 F.3d 1361, 1365 (Fed.Cir.2001).","Conversely, when the majority of the evidence weighs against the claim, “[the Board] necessarily has determined that the evidence is not ‘nearly equal’ or ‘too close to call,’ and the benefit of the doubt rule therefore has no application.” Ortiz v. Principi 274 F.3d 1361, 1365 (Fed.Cir.2001)."
"Broad prophylactic prohibitions that fail to ‘respond precisely to the substantive problem which legitimately concerns’ the State cannot withstand intermediate scrutiny.” 838 F.3d at 73 (quoting Members of City Council of City of L.A. v. Taxpayers for Vincent, 466 U.S. 789, 810, 104 S.Ct.","Broad preventive bans that fail to ‘respond exactly to the substantive problem which lawfully concerns’ the State cannot resist intermediate examination.” 838 F.3d at 73 (quoting Members of City Council of City of L.A. v. Taxpayers for Vincent, 466 U.S. 789, 810, 104 S.Ct."
"The emphasized clause is referred to as the “residual clause,” and in Johnson 2015 the Supreme Court held that the residual clause “denies fair notice to defendants and invites arbitrary enforcement by judges,” and, therefore, violates the due process clause of the Constitution.","The underlined provision is referred to as the “disclosure-allowing provision” and in Johnson 2015 the Supreme Court decided that the provision “rejects reasonable warning to respondents and invites subjective application by judges,” and, therefore, violates the legal requirements provision of the Constitution."
"Sony attached the images with its message “User’s current photo downloads included the following: .... ” Without use of a filter like a hash value system, no one at Sony could have known about Susan_14’s photos unless someone actually had “use[d] human eyes” to review them.","Sony attached the images with its message ""User's current photo downloads included the following:..."" It is only possible that a natural person can know about Susan_214's photos with a use of a filter like hash value system."
"The court saw “no way for the government to obtain a meaningful share in an entireties property without forfeiting some part of the innocent spouse’s interest, as long as the spouses remain married to each other and do nothing to terminate the entireties estate.”","The court saw “no way for the government to obtain a meaningful share in a whole property without losing the right to have some part of the innocent spouse’s interest, as long as the spouses remain married to each other and do nothing to end the whole property.”"
"The bankruptcy court granted summary judgment in favor of NBI, holding that White was estopped from re-litigating whether he committed fraud against NBI, and on November 9, 2011, entered judgment in favor of NBI and against White in the amount of $378,486.17.","The bankruptcy court decided in favor of NBI without full a full trial on November 9, 2011. White can no longer sue NBI before the courts whether he committed fraud against NBI. White is sentenced to damages in the amount of $378,486.17."
"However, the DOC admits that it is unfamiliar with the billing practices of most Minnesota shops and reached this conclusion primarily based on representations from Reid, Rosar, Schmultz, and a few others affiliated with Minnesota’s auto-glass industry.","However, the DOC accepts that it is unfamiliar with the billing practices of most Minnesota shops. The DOC reached this conclusion from statements from Reid, Rosar, Schmultz, and a few others associated with Minnesota’s auto-glass industry."
"Accordingly, to be entitled to equitable tolling, Ms. Cheeo must have exercised due diligence between July 6, 2011 — the date of the Board decision — and October 6, 2011 — the date on which the Board decision was resent to her at her new address.","Accordingly, Ms. Cheeo could have been granted an extension of deadline to submit her claim if she had been careful enough to avoid liability between July 6, 2011 — the date of the Board decision — and October 6, 2011 — the date on which the Board decision was resent to her at her new address."
"Over the course of almost one year, [the Plaintiff] did receive[] $108,500.00, possibly from the $424,233.00 which is unaccounted for; however, it is unclear whether the $108,500.00 came from one of the Trust Enterprise accounts, Defendant Birch’s IOLTA account, or an unknown account.”","Over a year, the Plaintiff received $108,500.00 from the $424,233.00, which is missing. However, it is unclear whether the $108,500.00 came from one of the Trust Enterprise accounts, Defendant Birch’s IOLTA account, or an unknown account.”"
"The District Court found that the plaintiffs’ overtime claim was factually inadequate, on the ground that, “[t]he abundance of allegations notwithstanding,” the plaintiffs “failed to allege a single specific instance in which a named Plaintiff worked overtime and was not compensated for this time.” App.","The District Court found that the plaintiffs’ claim that they worked beyond normal working hours was inadequate based on facts. The reason is that despite numerous claims, the plaintiffs could not prove a specific instance where a named Plaintiff worked for more hours, for which he was not compensated."
"Haddad alleges that Midland Funding “is engaged in the business of a collection agency, using the mails and telephone to collect consumer debts originally owed to others,” is licensed as á collection agency by the State of Illinois, and’“regularly collects or attempts to collect defaulted consumer debts.” Doc.",Haddad alleges that Midland Funding is a collection agency licensed by the State of Illinois. It uses the mail and telephone to collect consumer debts originally owed to others. It seeks to collect the debt of consumers who failed to pay on time.
"Accordingly, intertextually, these examples of the legislature’s multiple other uses of the disputed phrase and ones similar to it in other versions of the statute and the very enactment applicable here, convince us that it uses the phrase to mean the interpretation urged by Defendants, rather than by Plaintiff.","The Court concluded that the lawmakers used the phrase to mean the interpretation of Defendants, rather than of Plaintiff, based on the examples of the lawmaker’s other uses of the disputed phrase, the ones similar to it in other versions of the statute and the enactment applicable here."
"The court cannot conclude, without additional facts, whether Benedetto’s arrest was either “a basic assumption on which the contract was made” or “foreseeable.” Thus, Delta may not use the doctrine of impossibility to defeat Benedetto’s breach of contract claim at this stage of the litigation with the facts as pleaded.",The court needs additional facts to conclude that Benedetto’s arrest was either “a basic assumption on which the contract was made” or “foreseeable.” Thus Delta cannot assert with the given facts that the arrest is unforeseen making the performance of the contract impossible to defeat Benedetto’s claim that Delta breached its obligations under the contract.
"Therefore, the references in the minutes to “retention” and “maintaining the status quo” relied on by plaintiffs need not be definitively construed by the Committee as indicating an intent to provide the enhanced benefits to employees whose entities were sold but who continued working for the purchasing employer.","""Retention” and “maintaining the status quo” used by plaintiffs in the minutes cannot be certainly interpreted by the Committee as an intent to provide enhanced benefits to employees whose entities were sold but who continued working for the purchasing employer."
"Defendant notes that the Department of Justice publieally has taken the position for almost 20 years that the highest willfulness standard applies to campaign-finance violations, as indicated in both its manual published soon after Cheek and Ratzlaf but before Bryan and by its manual published almost 10 years after Bryan.",Defendant notes that Department of Justice applies the highest willfulness standard to campaign finance violations for almost 20 years. This was indicated in both its manual published soon after Cheek and Ratzlaf but before Bryan and by its manual published almost 10 years after Bryan.
"Even though he asks for rescission of the note and mortgage in his Complaint, Plaintiff argues that “[determining whether Blake properly rescinded the promissory note does not require the Court to exercise jurisdiction over the property to grant judgment, nor does it result in the Court awarding possession of the property to any party.” (Pl.’s Memo.","Although the Plaintiff asks for the termination of the note and mortgage in his Complaint, he argues that deciding whether Blake properly terminated the promissory note does not require the Court to exercise jurisdiction over the property. It also does not result in the Court awarding possession of the property to any party."
"The contracting officer endeavors to select the approach that will provide the best overall value to the Government, understanding that the “relative importance of cost .of price may vary.” Id, For example, when “the requirement is clearly definable and the risk of unsuccessful contract performance is minimal, cost or price may play a dominant role in source selection.”","The contracting officer wants to choose the approach that provides the best overall value to the Government. He understands that the importance of cost or price may change. For example, cost or price may play affect source selection when the requirement is clearly definable and the risk that parties are unsuccessful to execute the contract is low."
"First, the court must “tak[e] note of the elements a plaintiff must plead to state a claim.” Second, the court should identify allegations that, “because they are no more than conclusions, are not entitled to the assumption of truth.” Finally, “where there are well-pleaded factual allegations, a court should assume their veracity and then determine whether they plausibly give rise to an entitlement for relief.”","First, the court must examine the elements of a claim. Second, the court should identify claims that are no more than conclusions, which cannot be assumed as true. Finally, the court should assume the accuracy of well-defended claims, and determine whether they reasonably give rise to an entitlement for relief."
"He alleged three federal claims: (1) that the defendants, acting individually, jointly, and in conspiracy, deprived Beaman of a fair trial by withholding material exculpatory evidence in violation of Brady (individual liability); (2) that the defendants conspired to deprive Beaman of material exculpatory evidence (conspiracy liability); and (3) that the defendants failed to intervene in preventing the violation of his rights (failure to intervene liability).","He alleged three federal claims. The first claim is that the defendants, acting individually, jointly, and in conspiracy, deprived Beaman of a fair trial by hiding evidence, which could be used to prove Brady’s claims case (individual liability). The second claim is that the defendants conspired to deprive Beaman of evidence that could be used to prove Beaman’s case(conspiracy liability). The third claim is that the defendants should have prevented the violation of his rights but did not (failure to intervene liability)."
"Plaintiffs further allege that notwithstanding the termination of their license agreements, Daewoo and its owner, Ro, continued to rent and even sell infringing and pirated copies of plaintiffs’ works, which were obtained via Internet downloads and unauthorized personal copying, and/or from defendant Korean Korner, Inc. (“Korean Korner”) and defendant Sun Yop Yoo (“Yoo”), the former owner of a now-defunct video store by the name of Ann Bang Video.","Plaintiffs further allege that despite the termination of their license agreements, Daewoo and its owner, Ro, continued to rent and sell pirated copies of plaintiffs’ works. These were obtained from the Internet, from unauthorized personal copying, and/or from defendant Korean Korner, Inc. (“Korean Korner”) and defendant Sun Yop Yoo (“Yoo”), the former owner of a now-defunct video store by the name of Ann Bang Video."
Darren L. DeFlanders (“DeFlanders”) appeals from the decisions of the United States Court of' Appeals for Veterans Claims (“Veterans Court”) affirming the decisions of the Board of Veterans’ Appeals (“the Board”): (i) finding that De-Flanders had not submitted new and material evidence sufficient to reopen claims for service-connected disability compensation for a left knee disability and spots on the lungs; (ii) denying compensation for spots on the brain; and (iii) denying a disability rating in excess of 10% for non-cardiac chest pain.,"Darren L. DeFlanders (“DeFlanders”) appeals from the decisions of the United States of Appeals for Veterans Claims (“Veterans Court”), approving the decisions of the Board of Veterans’ Appeals (“The Board”): (i) finding that DeFlanders had not submitted new and material evidence sufficient to reopen claims for a service-connected disability compensation for a left knee disability and spots on the lungs; (ii) denying compensation for spots on the brain; and (iii) denying a disability rating in excess of 10% for non-cardiac chest pain."
"Succinctly stated, the Secretary’s contention that § 4.85(a) requires the effective date for an increased disability claim to be set in accordance with the date a Maryland CNC test is administered not only adds words to the regulation that are not there, but it also conflicts with the plain meaning of section 5110(b)(3), which requires the effective date of an award of increased compensation to be “the earliest date as of which it is ascertainable that an increase in disability had occurred.” 38 U.S.C.","Briefly stated, the Secretary’s argument that §4.85(a) requires the effective date for an increased disability claim to be set in accordance with the date a Maryland CNC test is administered, not only adds words to the regulation that are not there, but it also conflicts with the plain meaning of section 5110(b)(3), which requires the effective date of an award of increased compensation to be “the earliest date as of which it is conclusive than an increase in disability had occurred.” 38 U.S.C"
"Given the holding in Koloms, the question remaining for the Court, then, is whether the underlying suits are like the furnace leak in Koloms, namely, the type of isolated, run-of-the-mill result from day-to-day operations and properly covered, or whether they arise from “traditional environmental pollution.” Though it may be more art than science to determine when the isolated consequences of normal business operations end and “traditional environmental pollution” begins, the instant case falls cleanly within the definition.","Given the decision in Koloms, the question remaining for the Court, then, is whether the underlying suits are like the furnace leak in Koloms, namely, the type of isolated, ordinary result from day-to-day operations and properly covered, or whether they arise from “traditional environmental pollution.” Though it may be more art than science to determine when the isolated consequences of normal business operations end and “traditional environmental pollution” begins, the instant case falls cleanly within the definition."
Works Co. are: (1) the defendant's good faith effort to comply with the statute: (2) the defendant's degree of culpability; (3) the defendant’s histoiy of previous violations; (4) the nature of the public interest in ensuring compliance with the regulations involved; (5) the nature and circumstances of the violation at issue; (6) the gravity of the violation; (7) the defendant’s ability to pay; (8) the appropriateness of the size of the penalty to the defendant’s business and the effect of a penalty on the defendant’s ability to continue doing business; (9) that the penalty not otherwise be shocking to the conscious of the court; (10) the economic benefit gained by the defendant through the violation; (11) the degree of harm to the public; (12) the value of vindicating the agency authority; (13) whether the party sought to be protected by the statute had been adequately compensated for the harm; and (14) such other matters as justice may require.,Works Co. are: (1) the defendant's good faith effort to comply with the statute: (2) the defendant's degree of fault; (3) the defendant’s history of previous violations; (4) the nature of the public interest in ensuring compliance with the regulations involved; (5) the nature and circumstances of the violation at issue; (6) the seriousness of the violation; (7) the defendant’s ability to pay; (8) the appropriateness of the size of the penalty to the defendant’s business and the effect of a penalty on the defendant’s ability to continue doing business; (9) that the penalty not otherwise be highly unjust to the observer; (10) the economic benefit gained by the defendant through the violation; (11) the degree of harm to the public; (12) the value of clearing the agency authority of blame; (13) whether the party sought to be protected by the statute had been adequately compensated for the harm; and (14) such other matters as justice may require.
"In his claim for negligence, Plaintiff alleges that Defendant NDI’s potentially negligent conduct includes: (1) failing to ensure a proper chain of custody of the subject specimen; (2) failing to communicate with Plaintiff and the testing facilities any and all factors which could or did affect the testing; (3) failing to take into account and eliminate any and all factors which may improperly influence the tests; (4) failing to prevent testing results of and/or reporting of a “false-positive”; (5) failing to pre-test interview Plaintiff to rule out abnormalities which could and/or did influence the tests; (5) failing to maintain and/or cause to be maintained appropriate quality-control testing and/or reporting mechanisms and/or protocols; (6) failing to comply with governing procedures, regulations, protocols, and/or laws concerning reporting and/or testing; and (7) failing to monitor and/or control others’ compliance.","In its negligence claim, the Claimant alleges that Defendant Nonindustrial Disability Insurance’s (NDI) which provides partial wage replacement to eligible State employees who have a loss of wages due to a non-work-related disability, potentially negligent on some conduct included. It is failing to ensure an appropriate chain of custody of the sample in question and failing to share with Claimant and the testing facilities all factors that could affect or influence testing. Also it is failing to consider and eliminate all factors that could improperly influence testing, failing to prevent ""false positives"" and/or reporting of test results and failing to have pre-test discussions with Claimant to rule out irregularities that could and/or did affect testing. Lastly the NDI is failing to maintain and/or ensure the maintenance of appropriate quality control testing and/or reporting mechanisms and/or protocols; failing to comply with applicable procedures, regulations, protocols and/or laws regarding reporting and/or testing; and failing to monitor and/or control the compliance of others."
"For instance, the Two Left Feet treatment supplements the real amateur competitors with a few “goofballs” for “comic relief of course,” and “a few ringers to make the other guys envious and competitive.” Likewise, the treatment describes one host as an “ex law enforcement officer, federal agent, with a masters degree in Social Work,” who would use this background to “manipulate” the other host, a “biochemist with a cool analytical nature, yet a vicious temper,” and who would focus on analyzing competitors using various scientific parameters, such as “bodyfat” and other statistics.","For instance, the Two Left Feet treatment supplements the real amateur competitors with a few “goofballs” for “comic relief of course,” and “a few ringers to make the other guys envious and competitive.” Likewise, the treatment describes one host as an “ex law enforcement officer, federal agent, with a masters degree in Social Work,” who would use this background to “manipulate” the other host, a “biochemist with a cool analytical nature, yet a vicious temper,” and who would focus on analyzing competitors using various scientific parameters, such as “bodyfat” and other statistics."
"Judge Gordon Graham signed an order appointing Defendants McQueen and Tonigan as special state’s attorneys to investigate and prosecute individuals for using their official position in the SAO to give benefits in criminal prosecutions to friends, relatives, and supporters.","Judge Gordon Graham signed an order appointing Respondents McQueen and Tonigan as special state’s attorneys to investigate and accuse individuals for using their official position in the SAO to give benefits in criminal trials to friends, relatives, and supporters."
"At the time, the state-sponsored terrorism exception did not provide an independent cause of action, but instead acted “as a ‘pass-through’ to substantive causes of action against private individuals that ... may exist in federal, state or international law.”","At the time, the state-sponsored terrorism exception did not provide an independent ground to file a law suit, but instead acted “as a ‘gateway’ to substantive ground to sue against private individuals that ... may exist in federal, state or international law.”"
"The claim is based on conduct that occurred before 2004, so in order for the Kansas Securities Act to apply, the case must have been instituted within that statute’s limitations period, or by July 1, 2010, five years after the effective date of the Uniform Act.","The claim is based on conduct that occurred before 2004, so in order for the Kansas Securities Act to apply, the case must have been instituted within that limit set for legal action, or by July 1, 2010, five years after the effective date of the Uniform Act."
"To unravel the plot against him, Mr. Blaney requested that the Veterans Court convene' a special investigating committee, enter summary judgment on his claims, and issue an order that would enable Mr. Blaney to sue the Veterans Court and the VA.","To resolve the plot against him, Mr. Blaney requested that the Veterans Court gather a special investigating committee, enter summary judgment on his claims, and issue an decision that would enable Mr. Blaney to sue the Veterans Court and the VA."
"The District Court held a suppression hearing and heard testimony from one witness for the Government — Officer Hough — and five witnesses for the defense — Ismail, Delaine, Siddiqah, Tazke-yah, and Richard Thomas, III, a friend of Mallory’s.","The District Court held a Held a court session for the defendant to raise objections to the evidence and heard statements from one witness for the Government — Officer Hough — and five witnesses for the defense — Ismail, Delaine, Siddiqah, Tazke-yah, and Richard Thomas, III, a friend of Mallory’s."
"Although it is generally the case that “when an expert relies on the opinion of another, such reliance goes to the weight, not to the admissibility of the expert’s opinion,” Ferrara & DiMercurio v. St. Paul Mercury Ins.","Although it is generally the case that “when an expert relies on the opinion of another, such reliance goes to the weight, not to the admissibility of the expert’s opinion,” Ferrara & DiMercurio v. St. Paul Mercury Ins."
"“Under Twombly’s construction of Rule 8 [a plaintiffs] complaint [must] ‘nudge[ ] [any] claims’ ... ‘across the line from conceivable to plausible.’ Ibid.” Iqbal, 556 U.S. at 680, 129 S.Ct.","“Under Twombly’s construction of Rule 8 [a claimant’s] complaint [must] ‘bring[ ] [any] claims’ ... ‘across the line from believable to credible .’ Ibid.” Iqbal, 556 U.S. at 680, 129 S.Ct."
"To do this, “a plaintiff may show that the employer’s explanation is “unworthy of - credence ... because it has no basis in fact.” Torgerson v. City of Rochester, 643 F.3d 1031, 1047 (8th Cir.","To do this, “a Claimant may show that the employer’s explanation is “unconvincing ... because it has no truth behind it.” Torgerson v. City of Rochester, 643 F.3d 1031, 1047 (8th Cir.)"
"He testified that he did not understand courtroom procedures, or phrases such as “constitutional right,” “consult with attorney,” “inference,” or “degree” — all terms that were used by the trial judge in colloquies with Newman.","He stated that he did not understand courtroom procedures, or phrases such as “constitutional right,” “consult with attorney,” “assumption,” or “extent” — all terms that were used by the trial judge in formal conversations with Newman."
"The legal sufficiency of each.claim asserted against the defendant, a foreign embassy, which is presumptively immune from suit under the' doctrine of foreign sovereign immunity,'see Foreign Sovereign Immunities Act (“FSIA""), 28 U.S.C.","The legal sufficiency of each.claim said against the defendant, a foreign embassy, which is assumingly exempt from suit under the' theory of foreign sovereign immunity,'see Foreign Sovereign Immunities Act (“FSIA""), 28 U.S.C."
"One statement was that alcohol dependence can “develop[] to a point where it is irreversible without professional help” and “[a]t such time, the person by himself, may lack the capacity to avoid the continued use of alcohol.” Amicus App.","One statement was that alcohol dependence can “develop[] to a point where it is permanent without professional help” and “[a]t such time, the person by himself, may lack the capacity to avoid the continued use of alcohol.” Amicus App."
"Similarly, in American Power & Light, the Court upheld a delegation to the SEC to take such actions as necessary to prevent companies from “unfairly or inequitably distributing] voting power among security holders.” 329 U.S. at 104-05, 67 S.Ct.","Similarly, in American Power & Light, the Court confirmed an appointment to the SEC to take such actions as necessary to prevent companies from “unfairly or arbitrarily distributing] voting power among security holders.” 329 U.S. at 104-05, 67 S.Ct."
"The Board did not err in finding that “[t]he elapsed time between VA’s receipt of notice in January 2009 and its response in September 2009 does not change the fact the [v]eteran had knowledge, nor does it mitigate his responsibility.” R. at 9.","The Board correctly found that “[t]he delayed time between VA’s receipt of notice in January 2009 and its response in September 2009 does not change the fact the [v]eteran had knowledge, nor does it reduce his responsibility.” R. at 9."
"The Goldmans contend that HALO has no viable fraud claim because it “undeniabl[y]” had “full knowledge of the loss of the Track Group.” Under Missouri law, a plaintiff must justifiably rely on a false statement to assert a claim of fraud.","The Goldmans contend that HALO has no applicable fraud claim because it “undeniabl[y]” had “full knowledge of the loss of the Track Group.” Under Missouri law, a claimant must lawfully rely on a false statement to put forward a claim of fraud."
"Plaintiff testified that on nearly a monthly basis between January 2009 and December 2009, she was treated at the clinic because she could not breathe, and for “body ache; heart beating fast; I feel like I’m dying; kept coughing and spitting.","The plaintiff said that she went to the clinic almost every month from January 2009 to December 2009. She went there because she had trouble breathing and experienced symptoms such as body pain, fast heart rate, feeling like she was dying, and constant coughing and spitting."
"Whether a claim is subject to the Tucker Act depends on whether, “in whole or in part, it explicitly or ‘in essence’ seeks more than $10,000 in monetary relief from the federal government.” Kidwell v. Dep’t of Army, Bd.","If a claim requests for more than $10,000 in monetary compensation from the federal government, then it may be subject to the Tucker Act. Kidwell v. Dep’t of Army."
"In their briefing, the parties refer to this Notice of Lapse as the May 23 Notice, but the Court will refer to it as the May 24 Notice because the Policy’s 61-day grace period began on the 24th when the notice was sent.","In their meeting, the parties refer to this warning of limitation as the May 23 Notice, but the Court will refer to it as the May 24 Notice because the Policy’s 61-day time allowance, began on the 24th when the notice was sent."
"By letter dated June 5, 2007, Holzrichter responded to a question posed by a representative of WisDOT: “Isn’t joining the Union your choice?” He answered stating that he could not join a union because of economic, moral and ethical considerations.","In June 5, 2007, Holzrichter received a letter with a question from WisDOT saying: ""Is it your decision not to join the Union?"" Holzrichter replied saying that it was his own decision because he had some concerns about it related to money, principles, and values."
"As a result of this holding, we need not address whether section 5121 of title 38 could be inapplicable to FVECF claims for the additional reason that section 5121 may be preempted by ARRA section 1002(c), which governs the scope of FVECF survivor claims.","As a result of this holding, we need not address whether section 5121 of title 38 could be irrelevant to FVECF claims for the additional reason that section 5121 may be preempted by ARRA section 1002(c), which regulates the scope of FVECF survivor claims."
"Mr. Lewis has alleged improprieties, related to tuition and fees, and he has alleged'that Full Sail charged him for courses that he did not take, but he has not provided any specifics concerning misrepresentations made by Full Sail or any other defendant.","Mr. Lewis has claimed wrongdoings, regarding tuition and fees, and he has asserted that Full Sail charged him for classes he did not attend. However, he has not given any details about false information provided by Full Sail or any other defendant."
"Although Wesolowski complains that he first requested dental treatment on October 1, 2001, and that he was not examined by a dentist until April 11, 2002, he fails to allege any factual basis whereby that delay can be attributed to one or more of the defendants.","Even though Wesolowski has claimed wrongdoing, stating that he initially requested dental treatment on October 1, 2001, and that he was not examined by a dentist until April 11, 2002, he fails to present any factual evidence to support that the delay can be attributed to one or more of the defendants."
"Dr. Wood was also unable to devise a permanent accommodation that would have allowed Crider to fulfill her responsibilities with respect to site visits, conferences and other weekend events without at least some work or travel on Friday nights and Saturdays.","Dr. Wood was also unable to arrange a permanent accommodation that would have allowed Crider to fulfill her responsibilities with respect to site visits, conferences and other weekend events without at least some work or travel on Friday nights and Saturdays."
The invention attempts to: (1) prevent bubble fluid or (2) air from flowing back through the tube; (3) hold sufficient bubble fluid so as not to limit the quality of the bubbles; and (4) prevent bubble fluid from dripping down the outside of the tube onto the user.,The purpose of the invention is to achieve four goals: (1) stop bubble fluid or air from flowing back through the tube; (2) hold enough bubble fluid to ensure high-quality bubbles; (3) prevent any excess bubble fluid from dripping down the outside of the tube; and (4) prevent this dripping from reaching the user.
"As a result, the RO assigned Mr. Delisle a 100 percent disability rating for the period from April 7, 2010 to May 31, 2011, and assigned a 60 percent rating, along with a total disability rating based on individual employability for the period following May 31, 2011.","The RO granted Mr. Delisle a 100 percent disability rating from April 7, 2010, to May 31, 2011, and assigned a 60 percent rating, as well as a total disability rating based on individual employability for the period after May 31, 2011."
"For ease of reference, these other creditors shall be referred to collectively as the “Lender Group.” As their agent, Mittman engaged in extensive litigation with the Judgment Creditors over the right to receive approximately $841,000.00 due to the Debtor from Vonage.","To simplify matters, we'll refer to the other creditors as the ""Lender Group."" Mittman acted on behalf of the Lender Group and engaged in significant legal disputes with the Judgment Creditors over the right to receive approximately $841,000.00 owed to the Debtor by Vonage."
"Although the Board noted that DC 5280 was potentially applicable in light of Mr. Copeland’s diagnosis of hallux valgus, it determined that his hallux valgus was only “slight to moderate without surgical resection,” and so a separate disability rating was not warranted.","The Board recognized that DC 5280 could be relevant due to Mr. Copeland's hallux valgus diagnosis, but decided that his condition was not severe enough to warrant a separate disability rating because it was only ""slight to moderate"" without surgery."
"The cases Regions offers in support of its argument do not examine this alleged requirement in any detail, but merely make a passing reference to being “charged for the call.” See Osorio v. State Farm Bank, F.S.B., 859 F.Supp.2d 1326, 1329 (S.D.Fla.2012); Knutson v.","The cases Regions cites in support of its argument do not thoroughly analyze this supposed requirement, but only briefly mention being ""charged for the call."" See Osorio v. State Farm Bank, F.S.B., 859 F.Supp.2d 1326, 1329 (S.D.Fla.2012); Knutson v."
"If not, analysis proceeds to step four, and the ALJ determines the claimant’s residual functional capacity (“RFC”), which is the ability to perform physical or metal work activities on a sustained basis, notwithstanding limitations for the collective impairments.","If not, the ALJ proceeds to step four, where they assess the claimant's residual functional capacity (""RFC"") to perform physical or mental work activities on a regular basis, despite limitations caused by the combined impairments."
"Similarly, given the existence of similar designs in the market and Huitink’s use of established engineering standards, the fact that Huitink admits that he created his proposed alternative design solely for the purposes of this litigation (Huitink Dep.","Given that Huitink used established engineering standards and that similar designs exist in the market, and he admits creating his proposed alternative design solely for the purposes of this lawsuit."
"After reviewing the relevant Ohio and federal statutes, he found that “abuse” is defined as “the willful infliction of injury, unreasonable confinement, intimidation or punishment with resulting physical harm, pain or mental anguish.”","After reviewing the relevant Ohio and federal statutes, he found that “abuse” is defined as “the willful pain of injury, unreasonable confinement, intimidation or punishment with resulting physical harm, pain or mental agony.”"
"In the exhibit, Plaintiffs provide factual allegations that MacIntyre was not paid for a total .of 76 hours of overtime between 2012 and 2014, and Sullivan was not paid overtime-for a total of 48 hours in 2013 and 2014.","In the performance, Plaintiffs provide legitimate accusations that MacIntyre was not paid for a total of 76 hours of overtime between 2012 and 2014, and Sullivan was not paid overtime for a total of 48 hours in 2013 and 2014."
"The Government argues that Mr. Haddad does not have standing to sue for the ’844 patent, because Mr. Haddad transferred all substantial rights in the ’844 patent to sole exclusive licensee Astornet, Gov’t Mot.","The Government argues that Mr. Haddad lacks the right to bring a lawsuit for the '844 patent, as he gave away all significant rights to Astornet, the sole exclusive licensee of the '844 patent."
"The First Circuit has held that “retaliation claims are preserved so long as the retaliation is reasonably related to and grows out of the discrimination complained of to the agency.” Clockedile v. N.H. Dep’t of Corr., 245 F.3d 1, 6 (1st Cir.2001).",The First Circuit has ruled that “punishment claims are preserved so long as the punishment is reasonably related to and grows out of the discrimination complained of to the agency.”
"In order to survive a motion to dismiss pursuant to Rule 12(b)(6) of the Federal Rules of Civil Procedure, a plaintiff must plead sufficient factual allegations “to state a claim to relief that is plausible on its face.” Twombly, 550 U.S. at 570, 127 S.Ct.","To avoid being dismissed under Rule 12(b)(6) of the Federal Rules of Civil Procedure, a plaintiff must present enough factual information in their claim to make it ""plausible on its face."" Twombly, 550 U.S. at 570, 127 S.Ct."
"Generally, more weight is give[n] to the opinions of treating sources, even “controlling weight,” if they are well supported by medically acceptable clinical and laboratory diagnostic techniques and not inconsistent with other substantial evidence (20 CFR 416.927(d)2).","Generally, more weight is given to the opinions of treating sources. If they are supported by medically acceptable diagnostic techniques and align with other important evidence, then even authority is given. (20 CFR 416.927(d)2)."
"Trooper Rivera, working under the name “Jose,” then told Haskell that he could compensate for the botched drug deal by burning down a house in Springfield and an abandoned property in Holyoke, Massachusetts, as part of a fictional insurance scam “Jose” was purportedly arranging.","Trooper Rivera, working under the name ""Jose,"" told Haskell that he could make up for the failed drug deal by burning down a house in Springfield and an abandoned property in Holyoke, Massachusetts. This act is part of a fictional insurance scam ""Jose"" was supposedly arranging."
"If an exceptional disability picture is found, the RO or Board must determine whether related factors exist such “as marked interference with employment or frequent periods of hospitalization as to render impractical the application of the regular schedular standards.” 38 C.F.R.","Suppose an example of an unusual disability is found. In that case, the RO or Board must determine whether related factors exist, such as noticeable interference with employment and frequent periods of hospitalization that make the regular schedular standards impractical. 38 C.F.R."
"Back in open court, the judge put on the record what he had ruled (he would • allow evidence that Lawson failed to report income but not evidence that Lawson failed to file tax returns), but not why he reached these conclusions or how he thought a jury could make proper use of the tax evidence.","In open court, the judge noted what he had decided on but not why he reached these conclusions or how he thought a jury could properly use the tax evidence. He would allow evidence about Lawson failing to report income but not filing tax reports."
"As I explained at summary judgment, to determine whether a defendant has met its burden of proving the routine maintenance exemption, courts examine the projects, taking into account the 1) nature and extent, 2) purpose, 3) frequency, and 4) cost of the activity to arrive at a common-sense finding.","As I explained in the pretrial decision, courts examine the projects to determine whether a defendant has shown the routine maintenance exemption. Courts consider the activity's nature, extent, purpose, frequency and cost to reach a common-sense conclusion."
"To prevail on such a claim, the plaintiff must establish that: (1) he is a member of a protected class; (2) was subjected to unwelcome sexual harassment; (3) the harassment was based on sex; (4) the harassment created a hostile work environment; and that (5) the employer is vicariously liable.","To obtain a favorable decision, the suer must show the following: (1) he is a member of a protected group; (2) was sexually harassed; (3) the harassment was based on sex and (4) worsened the work environment; and that (5) the employer is responsible at least indirectly."
"While several circuits have held that merely placing child pornography in a shared folder on a file sharing network warrants application of a distribution enhancement, no circuit has relied on the Sentencing Guidelines definition of “distribution” to interpret the meaning of the term in § 2252(a)(2).","Several courts have decided that placing child pornography in a shared folder on a file-sharing network requires distribution enhancement. However, no court has used the Sentencing Guidelines definition of ""distribution"" to clarify the term's meaning."
"Therefore, “if a restriction or condition is not reasonably related to a legitimate goal — if it is arbitrary or purposeless a court permissibly may infer that the purpose of the governmental action is punishment that may not constitutionally be inflicted upon detainees qua detainees.”","Therefore, if a restriction or condition is purposeless, a court may assume by law that the purpose of the governmental action is an unfair and unusual punishment."
"Lastly, he alleges that on August 20, 2014, he learned the “forms never reach[ed] [the New] Orleans[] [RO]” and “the counselor [] was upset that [he] continue® to call asking about these form[s] and want[ed] to know who [] [he] had been talking to,” and refused to filed a notice of appeal.","Lastly, he claims that on August, 2014, he learned the “forms never reach[ed] [the New] Orleans[] [RO]” and “the counselor [] was upset that [he] continue® to call asking about these form[s] and want[ed] to know who [] [he] had been talking to,” and refused to file a notice of application."
"A jury is not required to accept an expert’s opinion, and defendants’ experts present different opinions, but a jury could reasonably find, on the basis of plaintiffs’ experts’ opinions, that it is more likely than not that one of defendants’ PIFs was contaminated and caused E.B.’s illness,","A jury does not have to accept an expert's opinion, and defendants' experts present different views. However, based on suers' experts' views, a jury could somewhat find that it is more likely than not that one of the defendants' PIFs was contaminated and caused E.B.'s illness,"
"Approximately one week later, the FTC and Defendant filed a Consent Judgment and Order in which Defendant agreed to, among other things, not assess or collect “any Fee for a Default-Related Service unless it is a reasonable Fee charged ... for a Default-Related Service that is actually performed.” (Doc.","About one week later, the FTC and the defendant decided on a Consent Judgment and Order. Defendant agreed to this. This included not assessing or collecting “any Fee for a Default-Related Service unless it is a reasonable Fee charged ... for a Default-Related Service that is actually performed.” (Doc."
"The date of admission to a non-VA hospital where a veteran was maintained at VA expense will be accepted as the date of receipt of a claim, if VA maintenance was previously authorized; but if VA maintenance was authorized subsequent to admission, the date VA received notice of admission will be accepted.","The date of admission of a veteran maintained at VA expense at a non-VA hospital is the date of receipt of a claim if VA maintenance was previously authorized. However, if VA maintenance was granted after the admission, the date VA received is the date of admission."
Ms. Haynes later submitted a request to the Regional Office to reopen her claim on the presentation of new documentation showing a decision by the Army Board of Correction of Military Records (“ABCMR”) to award Ms. Haynes an annuity as a “former spouse” under the Uniformed Services Former Spouse Protection Act (“USFSPA”).,Ms. Haynes later submitted a request to the Regional Office to reopen her claim on the presentation of new documentation. This showed a decision by the Army Board of Correction of Military Records (“ABCMR”) to award Ms. Haynes an annuity as a “former spouse” under the Uniformed Services Former Spouse Protection Act (“USFSPA”).
"Five months after Mayor Graf was elected, he published a “From Your Mayor” opinion piece in the Farmingdale Observer, which stated, in part: “We have defined an area of the Village for possible redevelopment and have ... put this plan on the ‘front burner.’ Much of the property [near] Secatogue Avenue ... is within the ‘blighted’ area.” (Ex.",Mayor Grad published a “From Your Mayor” opinion piece in the Farmingdale Observer after he was elected five months ago. This opinion piece stated: “We have defined an area of the Village for possible redevelopment and have ... put this plan on the ‘front burner.’ Much of the property [near] Secatogue Avenue ... is within the ‘blighted’ area.”
"The district court had federal question jurisdiction over the § 1983 claim and supplemental jurisdiction over the state-law gross negligence claim, and ""a federal court exercising supplemental jurisdiction over state law claims is bound to apply the law of the forum state to the same extent as if it were exercising its diversity jurisdiction.” Bass v. First Pac.","The district court had supplemental jurisdiction over the state-law gross negligence claim and federal question jurisdiction over the 1983 claim. According to the law, ""a federal court exercising supplemental jurisdiction over state law claims is bound to apply the law of the forum state to the same extent as if it were exercising its diversity jurisdiction."" Bass v. First Pac"
"Those guidelines, the 2005 Flow Plan explicitly provides, are set forth in “SunTrust Mortgage guidelines that are currently being used and have been mutually agreed upon.” The partial integration doctrine obtains in situations where, wholly unlike this one, the written instrument is silent on a material issue and consequently fails to impart a “complete legal obligation.” Cf.",The guidelines in the 2005 Flow Plan are set clearly in “SunTrust Mortgage guidelines that are currently being used and have been mutually agreed upon.” The partial integration policy is unlike this guideline in a few situations. The situations are: the written instrument is indecisive on a material discussion and fails to create a “complete legal obligation” afterwards.
"On appeal to this Court, the appellant argued that she satisfied the criteria for non-service-connected burial benefits because (1) the phrase “in receipt of compensation” in section 2302(a)(1) should be interpreted to include those veterans who were entitled to receive compensation at death, and (2) Mr. Wingard was entitled to receive compensation at the time of his death because 38 U.S.C.","While contacting this court, the suer argued that she satisfied the requirements for non-service-connected burial support due to a few reasons. These reasons include: (1) veterans deserving compensation at death should be included in the phrase “in receipt of compensation” in section 2302(a)(1), and (2) Mr. Wingard deserved compensation at his death because 38 U.S.C."
"In order to establish a prima facie case for discrimination under § 1981, the plaintiff must show that (1) it is a member of a protected class; (2) it sought to enter into a contractual relationship with the defendant; (3) it met the defendant’s ordinary requirements to enter into a contract with it; (4) it was denied the opportunity to enter into a contract with the defendant that was otherwise afforded to companies owned by whites.",The suer must show four things to establish a prima facie case of discrimination under § 1981: (1) it is a member of a protected group; (2) it sought to enter into a contractual relationship with the defendant; (3) it satisfied the defendant's normal requirements to enter into a contract with it; and (4) it was denied the opportunity to enter into a contract with the defendant that was typically granted to businesses owned by white people.
"Courts may issue a writ of mandamus only if three conditions are satisfied: 1) the petitioner must demonstrate that he lacks adequate alternative means to attain the desired relief, thus ensuring that the writ is not used as a substitute for the appeals process, 2) the petitioner must demonstrate a clear and indisputable right to the writ, and 3) the court must be convinced, given the circumstances, that the issuance of a writ is warranted.","Courts may order an official to complete their duties only if the following three conditions are met: 1) the petitioner must show that he lacks a decent alternative way to gain the desired relief, guaranteeing that the order is not used as a substitute for the appeals process, 2) the petitioner must show a clear and undeniable right to the order, and 3) the court must be convinced, given the situation, that the order is required."
"In determining when an action is commenced by the Secretary of Labor under this subsection for the purposes of the statutes of limitations provided in section 255(a) of this title, it shall be considered to be commenced in the case of any individual claimant on the date when the complaint is filed if he is specifically named as a party plaintiff in the complaint, or if his name did not so appear, on the subsequent date on which his name is added as a party plaintiff in such action.","To determine when the Secretary of Labor starts an action under this subsection for the purposes of the statutes of limitations outlined in section 255(a) of this title, it will be considered to have started in the case of any individual claimant on the date the complaint is filed if he is specifically named as a party plaintiff in the complaint, or if his name did not so appear, on the subsequent date on which his name is added as a party plaintiff in such action."
"While a federal court may exercise supplemental jurisdiction over state law claims “that are so related to claims in the action within [the Court’s] original jurisdiction that they form a part of the same case or controversy under Article III of the United States Constitution,” a court may decline to exercise such jurisdiction where it “has dismissed all claims over which it has original jurisdiction.” Indeed, unless “consideration of judicial economy, convenience and fairness to litigants” weigh in favor of the exercise of supplemental jurisdiction, “a federal court should hesitate to exercise jurisdiction over state claims.” Because Plaintiffs complaint fails to state a viable federal claim, and because this case is at the beginning stages of litigation, the Court declines to exercise supplemental jurisdiction over Plaintiffs state law claims at this time.","A federal court may give extra decisions over state law if the state law claims are closely related to the main claims in the case. However, if the court dismisses all the primary claims, it can choose not to handle the state law claims. If it's not more efficient, convenient, and fair for everyone involved, the court should be cautious about handling state law claims. Because the Plaintiffs' complaint doesn't have a valid federal claim, and because this case is in the early stages of the legal process, the Court declines to give extra decisions over the Plaintiffs' state law claims right now."
"While there is no evidence in the Thurman opinion that the plaintiff expressly challengfed the application of the limitations provision on the basis of the change in corporate entity, this Court finds the Sixth Circuit’s application of the Chrysler Corporation provision instructive; in the absence of evidence or legal authority to the contrary, the agreement with Pinnacle precludes a finding of a legitimate expectation of just cause employment.","The Thurman opinion doesn't have any evidence that the plaintiff challenged the use of the limit provision because of the change in the company's structure. However, this Court considers the Sixth Circuit's application of the Chrysler Corporation provision as helpful. Unless there is evidence or legal support against it, the agreement with Pinnacle prevents a valid claim of expecting fair employment conditions."
"In this matter, Dr. Pence offers four opinions: (1) BSC did not conduct adequate testing of the Pinnacle product prior to placing them on the market; (2) the Pinnacle product was inadequately labeled; (3) patients could not adequately consent to the surgical implantation of the Pinnacle due to the misbranding of these products; and (4) BSC failed to meet the post-market vigilance standard of care for their products, leading to further mis-branding.","In this case, Dr. Pence has four opinions: (1) BSC didn't test the Pinnacle product enough before selling it; (2) the Pinnacle product didn't have proper labels; (3) patients couldn't give proper consent for the surgical implantation of the Pinnacle because of the incorrect labeling of these products; and (4) BSC didn't meet the post-market safety standards for their products, which caused more incorrect branding."
"However, even if the Plaintiff does so and makes out a prima facie retaliation claim because “there is evidence that the adverse employment action was motivated in part by protected speech, the government can avoid liability if it can show that it would have taken the same adverse action in the absence of the protected speech.” Heil v. Santoro, 147 F.3d 103, 109 (2d Cir.1998).","But even if the Plaintiff does that and proves a clear case of retaliation because ""there is evidence that the unfair job action was partly motivated by protected speech, the government can avoid legal action if it can show that it would have taken the same action even without the protected speech."" Heil v. Santoro, 147 F.3d 103, 109 (2d Cir.1998)."
"Moreover, any such inference is belied by Commerce’s reference to its final determination in Galvanized Steel and Wire From the People's Republic of China, which describes Commerce's offsetting practice for the AD cash deposit rate as premised only on the concept that domestic subsi dies had a symmetrical effect upon export and domestic prices.","Also, any such conclusion is contradicted by Commerce's mention of its final decision in the case of Galvanized Steel and Wire From the People's Republic of China, which describes that Commerce's offsetting practice for the AD cash deposit rate is based on the idea that domestic subsidies have an equal impact on both export and domestic prices."
"Ms. Swanson also argues that the Veterans Court failed to decide an issue correctly, but she does not support this allegation with anything more than the phrase “controversies to which the United States shall be a part” followed by citations to two Supreme Court cases addressing the scope of the judicial power under Article III.","Ms. Swanson also says that the Veterans Court didn't make the right decision on an issue, but she doesn't back up this claim with anything other than the phrase ""controversies to which the United States shall be a part"" and mentions two Supreme Court cases related to the power of the courts under Article III."
"However, other Ninth Circuit cases shed some light on exactly when detention becomes “prolonged.” First, in Nadarajah v. Gonzales, the Ninth Circuit reviewed Supreme Court cases and found that the Court had “used the six-month period as the touchstone of reasonableness.” 443 F.3d 1069, 1080 (9th Cir.2006).","However, other cases in the Ninth Circuit explains us when detention is considered ""prolonged."" For example, in the case of Nadarajah v. Gonzales, the Ninth Circuit looked at Supreme Court cases and saw that the Court used the six-month period as the base for reasonableness."
"Based on the totality of the circumstances—the anonymous caller claiming to have eye-witness knowledge, the contemporaneous reporting of the activity, and the specificity of the description of the person holding the firearm, which the PRPD matched to Rivas-Castro—the call was reliable.","Considering all the information available—the anonymous caller claiming to have seen everything, the immediate reporting of the incident, and the detailed description of the person with the gun, which matched Rivas-Castro according to the PRPD—the call was reliable."
"Citadel further alleges that it has been damaged by “breach of the parties’ agreement because it has lost the benefit of the bargain it would have otherwise enjoyed if it had been able to complete the project and lease it to [WRMC], as called for in the parties’ agreement.”","Citadel also claims that it suffered harm because the agreement between the parties was broken because of losing the benefits that Citadel would have gotten if they could have finished the project and rented it to WRMC, as the agreement stated."
"Plaintiffs also admit that “the Complaint and the exhibits ... allege a pattern of racketeering extending to just under one year,” but they argue- that “the ‘two year’ requirement in order to establish closed-ended continuity is not a bright-line rule.” (Pis.’ Opp’n Br.","Plaintiffs also says that ""the complaint and the exhibits ... claim that there was a pattern of organized criminal activity for around a year."" but they claim that the two year rule in order to achieve limited time continuity is not a right rule."
"In her summary judgment briefs, Otico presented a surprise argument (a surprise to Hawaiian and to the Court, anyway) that Hawaiian failed to pay her for ten minutes of time she worked on each of eight separate days after she’d completed the training program.","In her summary for the judgment, Otico made an unexpected argument (it was a surprise to Hawaiian and the Court) that Hawaiian didn't pay her for ten minutes of work on eight separate days after she finished the training program."
"Although the title refers to wartime, section 1157 extends the compensation rates in sub-chapter II ""to those veterans who served during a period of war and during any other time, who have suffered a disability in the line of duty in each period of service.”","Even though the title is about war times, section 1157 increases the payment rates in sub-chapter II for veterans who served in wartime and also in other times, as long as they got a disability while on duty during each period of service."
Tutin also wrote that Santangelo struggled to adapt even though he was expected to recognize problems and react more quickly moving forward and that Tu-tin expected Santangelo to transform Alsip into a more robust and flexible group capable of addressing industry challenges.,Tutin also wrote that Santangelo had problems to adapt even though he was expected to remember problems and act more quickly progressing and that Tu-tin expected Santangelo to turn Alsip into a more strong and flexible group able to address industry challenges.
"Without an admission from GEICO, medical testimony from an expert or her treating physician, or circumstances of the type that lay jurors could extrapolate from the evidence a causal connection between accident and injury, Blair is unable to make that showing as a matter of law.","If GEICO did not admit it, there is no medical testimony from an expert or her doctor, and there are no circumstances that regular jurors could understand and link to show the causal connection between the accident and her injury. Blair cannot prove that as a matter of law."
"The Board also found that the medical evidence of record, especially the 2011 examiner’s report, showed that other post-service injuries and normal wear and tear of age and his employment as a truck driver, not any basic training injury, most likely caused Vann’s lower back pain.","The Board also concluded that the medical evidence available, particularly the report from the examiner in 2011, indicated that the cause was other injuries that happened after his service, as well as the natural effects of aging and his job as a truck driver. It did not seem to be any injury during his basic training, Vann's lower back pain was likely cause."
"Finally, contrary to Defendant Hernandez’s assertions, the Report concluded that, based upon the “supporting documentation, it appears that [EPFCU] sustained a loss of at least $19 million resulting from the actions of their former employee ... Hernandez.” Report 4 (emphasis added).","Lastly, going against what Defendant Hernandez claims, the Report stated that, after looking at the evidence, it seems that EPFCU experienced a loss of at least $19 million because of their former employee, Hernandez."
"The Second Amended Complaint makes clear that the relator is alleging that Boston Heart’s claims were “legally false” because, according to the relator, Boston Heart certified that the tests it performed were medically necessary even though they were not medically necessary for certain populations.","The Second Amended Complaint states that the person bringing the lawsuit is claiming that Boston Heart made ""legally false"" statements, beacause according to the person, Boston Heart certified that the tests it performed were medically necessary, even though they were not necessary for certain populations."
"Relying on these cases and a textual analysis of the provisions at issue, Husic argues that § 212(h) has been made unavailable only to an alien who was admitted as an LPR, rather than one who, like Husic, adjusted to LPR status once already in the United States after lawful entry as a visitor.","Using these cases and a textual analysis of the of the rules in question, Husic argues that § 212(h) has only been unavailable for outsiders who was admitted an an LPR, not for someone like Husic who became an LPR after entering the United States lawfully as a visitor."
"Similarly, the fact that the regulation authorizes a single extra-schedular evaluation— “an extra-schedular evaluation” — arising from the “disability or disabilities” indicates that referral for extra-schedular evaluation may be based on the collective impact of the veteran’s disabilities.","Similarly, the fact that the rule allows for one additional evaluation ""extra-schedular evaluation"" based on the ""disability or disabilities"" suggests that the referral for such an evaluation can be based on the overall impact of all the veteran's disabilities."
"Considering the policy and purpose behind Rule 13(a), the court permitted the claim to go forward because it found no sign of the “circuity of action that Rule 13(a) was aimed at preventing,” since the plaintiffs bringing of multiple actions was required by statute.","Taking into account the policy and reason behind Rule 13(a), the court allowed the claim to proceed because it didn't see any indication of the ""circuity of action that Rule 13(a) was aimed at preventing,"" since the plaintiffs were obligated to bring multiple actions according to the law."
"Second, appointing an interim director does not require the appointing authority to provide the same benefits; indeed, if it did, then the on-leave employee could contend that the position was filled on a permanent basis while she was on FMLA leave.","Second, appointing an interim director does not need the appointing authority to provide the same benefits; indeed, if it did, then the on-leave employee could contend that the position was filled on a non-temporary basis while she was on FMLA leave."
"Once the movant properly configures a summary-judgment motion, the burden shifts onto the nonmovant—or “the party who bears the burden of proof at trial,” Geshke v. Crocs, Inc., 740 F.3d 74, 77 (1st Cir.","Once the movant properly configures a summary-judgment motion, the burden transfers onto the nonmovant—or “the party who bears the burden of proof at trial,” Geshke v. Crocs, Inc."
"Furthermore, the plaintiff concedes in her Opposition that the Act was enacted “to keep D.C. residents out of harm’s way,” and therefore creates a “general public duty.” Pl.’s Opp’n to Defs.’ Mot.","Furthermore, the plaintiff acknowledges in her Opposition that the Act was enacted “to keep D.C. residents out of harm’s way,” and therefore establishes a “general public duty.” Pl.’s Opp’n to Defs.’ Mot."
"In addition, the Secretary states that “it is clear [that DC] 5284 is not applicable in this case,” as the plain language of that DC “foreclose[s] rating a foot condition ... that was not the result of an in-service injury.”","In addition, the Secretary argues that “it is clear [that DC] 5284 is not suitable in this case,” as the plain language of that DC “foreclose[s] rating a foot condition ... that was not the consequence of an in-service injury.”"
"Plaintiff concedes that her wrongful discharge claim “does not fit within the limitations of the WLAD, FMLA or WFLA because she did not meet the required number of hours worked in the year prior to the accrual of her claim.” ECF No.","Plaintiff concedes that her wrongful discharge claim “does not fit within the restrictions of the WLAD, FMLA or WFLA because she did not meet the required number of hours worked in the year previous to the accrual of her claim.”"
"Because the State of South Dakota filed suit on its own accord in state court in this case, at a time of its own choosing, with its hand-picked defendants, no such unfair prejudice is present, and FAG Bearings can appropriately be distinguished.","Because the State of South Dakota filed suit on its own accord in state court in this case, at a time of its own choosing, with its hand-picked defendants, no such unjust prejudice is present, and FAG Bearings can appropriately be acclaimed."
"The Government has called at trial two so-called “cooperating witnesses,” ie, alleged co-conspirators of the defendants who have pleaded guilty and who are “cooperating” with the Government by testifying at trial in hopes of receiving a sentence reduction.","The Government has called at trial two so-called “cooperating witnesses,” ie, alleged co-conspirators of the defendants who have pleaded guilty and who are “cooperating” with the Government by testifying at trial in hopes of receiving a sentence cut."
"A farmout agreement is ""[a] very common form of agreement between operators, whereby a lease owner not desirous of drilling at the time agrees to assign the lease, or some portion of it (in common or in severalty) to another operator who is desirous of drilling the tract.""","A farmout agreement is ""[a] very common form of agreement between operators, whereby a lease owner not eager for drilling at the time agrees to assign the lease, or some part of it (in common or in severalty) to another operator who is desirous of drilling the tract."""
"To the extent Mr. Washington argues that the Veterans Court should have decided the gunshot wound claim in his favor without requiring a remand, he raises factual .issues of sufficiency of the evidence concerning his duty status at the time he was shot, and issues of his credibility.","To the extent Mr. Washington argues that the Veterans Court should have decided the gunshot wound claim in his favor without requiring a remand, he raises truthful .issues of adequacy of the evidence concerning his duty status at the time he was shot, and issues of his reliability."
"The Fourth Circuit reasoned that Geriatric Release does pot provide juveniles with the opportunity to obtain release “based on demonstrated maturity and rehabilitation,” as required by Graham, because the Parole Board has the authority to deny release “for any reason whatsoever.”","The Fourth Circuit reasoned that Geriatric Release does pot provide juveniles with the chance to acquire release “based on demonstrated maturity and rehabilitation,” as required by Graham, because the Parole Board has the authority to reject release “for any reason whatsoever.”"
"Before this court, Mr. Smith characterizes the Plan as a settlement agreement and argues that the Veterans Court failed to “enforce” the settlement agreement; Mr. Smith requests that we remand his case to the Veterans Court with instructions that it “enforce” the settlement agreement approved by this court in NOVA.","Before this court, Mr. Smith characterizes the Plan as a settlement agreement and states that the Veterans Court failed to “enforce” the settlement agreement; Mr. Smith demands that we remand his case to the Veterans Court with instructions that it “enforce” the settlement agreement approved by this court in NOVA."
"In this case, where the plaintiff has not produced time-sheets and the defendant has failed to respond, the Court will accept Martinez’s declaration, submitted under the penalty of perjury, as to the hours she worked and wages she received, except to the extent that her declaration seeks relief beyond that sought in the complaint.","In this case, where the plaintiff has not created time-sheets and the defendant has failed to respond, the Court will accept Martinez’s declaration, submitted under the penalty of perjury, as to the hours she worked and wages she received, except to the extent that her statement seeks comfort beyond that sought in the complaint."
"In all, the development of the Plan entailed a process of shifting and re-shifting portions of the County from one district to another, reviewing the resdlt, and trying again.” The Commissioners deferred greatly to Brace in developing the remedial plans, and further deferred to Brace and their attorneys regarding the plans’ legality.","In all, the development of the Plan brought an action of shifting and re-shifting parts of the County from one district to another, reviewing the resdlt, and trying again.” The Commissioners deferred greatly to Brace in developing the remedial plans, and further deferred to Brace and their attorneys regarding the plans’ legality."
"The quagmire of alternative definitions for assault on a female is further highlighted in the more recent cases arising out of the North Carolina appellate courts, which seem to recognize proof of either force or violence, particularly in cases where a battery based on force alone, even if only slight, provides the basis for the “assault” element of the crime.","The quagmire of alternative definitions for offense on a female is further highlighted in the more current cases arising out of the North Carolina appellate courts, which seem to recognize proof of either force or violence, specifically in cases where a battery based on force alone, even if only slight, provides the basis for the “assault” component of the crime."
"The Wisconsin Supreme Court concluded that chapter 980 did not require dismissal of Gilbert’s commitment petition because the chapter does not contain language allowing for dismissal in his circumstances, does not set a time period for execution of a commitment order, and provides that an individual may be simultaneously committed under chapter 980 and incarcerated at a DOC facility.","The Wisconsin Supreme Court finalized that chapter 980 did not require dismissal of Gilbert’s commitment petition because the chapter does not contain language permitting for dismissal in his circumstances, does not arrange a time period for execution of a commitment order, and provides that an individual may be simultaneously committed under chapter 980 and incarcerated at a DOC facility."
"Plaintiff Fraternal Order of Police Penn-Jersey Lodge 30 (“FOP”) brought this action against Defendant Delaware River Port Authority (“DRPA”) to move the Court for a mandatory injunction ordering the DRPA to submit to binding interest arbitration over the terms and conditions of employment for the patrol officers, corporals, and sergeants whom FOP represents and whom DRPA employs.","Plaintiff Fraternal Order of Police Penn-Jersey Lodge 30 (“FOP”) brought this action against Defendant Delaware River Port Authority (“DRPA”) to move the Court for a compulsory injunction ordering the DRPA to submit to binding interest arbitration over the terms and conditions of employment for the patrol officers, corporals, and sergeants whom FOP represents and whom DRPA employs."
"Third, because applications for second or successive petitions based on Johnson arguably must be filed before June 26, 2016 (we do not decide that question now), if the Supreme Court concludes in Welch that Johnson is retroactive, failing to hold the applications in abeyance could deprive petitioners of the benefit of Johnson’s ret-roactivity and render a determination of retroactivity meaningless, as a practical matter.","Third, because applications for second or consecutive petitions based on Johnson arguably must be filed before June 26, 2016 (we do not decide that question now), if the Supreme Court concludes in Welch that Johnson is retroactive, failing to hold the applications in abeyance could strip petitioners of the benefit of Johnson’s ret-roactivity and render a determination of retroactivity pointless, as a practical matter."
"Finally, this Court has considered Peters’s reliance on United States v. Quinones, wherein the court, faced with a similar motion, granted the defendant’s request for a stay of forfeiture, reasoning that “[i]f the government were to sell the four parcels in such a [slumped] market, they [sic] would, in effect, be foregoing any potential for appreciation in value once the market recovers; this loss will ultimately be borne by [the defendant] if the forfeiture order is reversed on appeal.” No.","Finally, this Court has took into account Peters’s reliance on United States v. Quinones, wherein the court, faced with a similar motion, granted the defendant’s demand for a stay of forfeiture, reasoning that “[i]f the government were to sell the four parcels in such a [slumped] market, they [sic] would, in effect, be foregoing any potential for appreciation in value once the market recovers; this loss will ultimately be borne by [the defendant] if the forfeiture order is reversed on appeal.”"
"On appeal, Niehaus reinterprets the accepted facts of this case and attempts to paint USB as an “ ‘eyes wide open’ participant in the fraud.” She bases her allegation that USB conspired with her on the assertions that (1) USB knew of her unlawful conduct by early 2010 when it confronted her about her fraud and asked her to resign; (2) one of USB’s owners refused her resignation and thereby allowed her to continue to embezzle funds; (3) USB advised her to withdraw D.C. and J.C.’s funds and transfer the money to another bank; arid (4) in the civil suit, USB agreed to release Nie-haus from any and all claims relating to the litigation.","On appeal, Niehaus reevaluates the accepted facts of this case and attempts to paint USB as an “ ‘eyes wide open’ participant in the fraud.” She bases her allegation that USB conspired with her on the assertions that (1) USB knew of her unlawful conduct by early 2010 when it confronted her about her cheat and asked her to resign; (2) one of USB’s owners refused her resignation and thereby permitted her to continue to embezzle funds; (3) USB advised her to withdraw D.C. and J.C.’s funds and move the money to another bank; arid (4) in the civil suit, USB agreed to release Nie-haus from any and all claims relating to the litigation."
"Witness, for example, his continued emphasis on the facts that Mr. Mitchell could have appealed the September 2003 decision, challenged its determination that new and material evidence had not been submitted, and raised the fact that VA never respond ed to the December 1973 audiogram, but failed to do so, post at 445, even though the Federal Circuit explicitly rejected almost identical objections in Beraud, see 766 F.3d at 1406 n. 1.","Witness, for example, his proceeded emphasis on the facts that Mr. Mitchell could have appealed the September 2003 decision, challenged its determination that fresh and material evidence had not been submitted, and raised the truth that VA never respond ed to the December 1973 audiogram, but failed to do so, post at 445, even though the Federal Circuit explicitly denied almost identical objections in Beraud, see 766 F.3d at 1406 n. 1."
"The court’s central purpose in granting leave to implead a third party is “to promote judicial efficiency by eliminating the necessity for the defendant to bring a separate action against a third individual who may be secondarily or derivatively liable to the defendant for all or part of the plaintiffs original claim.” Sw. Adm’rs, Inc. v. Rozay’s Transfer, 791 F.2d 769, 777 (9th Cir.1986).",The court's main purpose to granting a third party joining into the lawsuit is to promote judicial efficiency. This is achieved by eliminating the necessity for the defendant to bring a separate action against a third individual who may be indirectly liable to the defendant for all or part of the claimant's original claim.
"A reciprocal insurance exchange, “in its pure form ... is a web of contractual relationships between subscribers who agree to insure one another, consummated through a common agent with power of attorney.” The overriding question is whether USAA is properly treated as a corporation or an unincorporated association for purposes of diversity jurisdiction.","A corresponding insurance exchange, in its pure form, is a web of contractual relationships between subscribers who agree to insure one another, completed through a common agent with power of attorney. The overriding question is whether USAA is properly treated as a corporation or an unincorporated association for purposes of Federal Court's authority on subject matter."
"Congress enacted the FDCPA in 1977 “to eliminate abusive debt collection practices by debt collectors, to insure that those debt collectors who refrain from using abusive debt collection practices are not competitively disadvantaged, and to promote consistent State action to protect consumers against debt collection abuses.” 15 U.S.C.","Congress enacted the FDCPA in 1977 “to eliminate abusive debt collection practices by debt collectors, to insure that those debt collectors who refrain from using abusive debt collection practices are not competitively disadvantaged, and to promote consistent State action to protect consumers against debt collection abuses.” 15 U.S.C."
"See e.g., Potts, 882 F.2d at 1324 (“A statute modifying the content of state tort law doctrines of contributory and comparative negligence seems to us to be a classic example of the type of substantive rule of law binding upon a federal court in a diversity case.”); Winningham v. Swift Trans.","See e.g., Potts, 882 F.2d at 1324 (“A statute modifying the content of state tort law doctrines of contributory and comparative lack of care seems to us to be a classic example of the type of fundamental rule of law binding upon a federal court in a diversity case.”); Winningham v. Swift Trans."
"“If the conduct did not violate a clearly established constitutional right, or if it was objectively reasonable for the [official] to believe that his conduct did not violate such a right, then the [official] is protected by qualified immunity.”","“If the conduct did not violate a clearly established constitutional right, or if it was objectively reasonable for the [official] to believe that his conduct did not violate such a right, then the [official] is protected by qualified immunity.”"
"Here, relying on its president’s affidavit, plaintiff alleges that “stock ownership [in Patriot Lines and Vessel Operations] was restricted to the Brophys and that the two companies existed as a ‘facade for the [Brophys’] operations.’ ” (Paper No.","In this case, the plaintiff claims, based on the affidavit of their president, that stock ownership in Patriot Lines and Vessel Operations was limited to the Brophy family and that these two companies were essentially a front for the Brophys' activities."
"But the bottom line is the more protection, if you will, we can provide for the families of those who are going through what has to be just the most horrific time in their life, I think we have an obligation to do it.","In essence, we have a responsibility to offer greater support and protection to the families experiencing what is undoubtedly the most dreadful period in their lives."
"Instead, “[vigorous cross-examination, presentation of contrary evidence, and careful instruction on the burden of proof are the traditional and appropriate means of attacking shaky but admissible evidence.” Daubert, 509 U.S. at 595, 113 S.Ct.","Instead, “[vigorous other party interrogation, presentation of contrary evidence, and careful instruction on the burden of proof are the traditional and appropriate means of attacking shaky but admissible evidence.”"
"Such standards are critical because even in cases where a regulation is content- neutral on its face, “placing unbridled discretion in the hands of a government official or agency ... may result in censorship.” Lakewood, 486 U.S. at 758, 108 S.Ct.","Such standards are critical because even in cases where a regulation is content- neutral on its face, “placing unconstrained freedom to decide in the hands of a government official or agency ... may result in censorship.” Lakewood, 486 U.S. at 758, 108 S.Ct."
The Agreement further states that the “arbitrators must make their decision within 60 days following the termination of the hearing” and that “[t]he majority decision of any two arbitrators” of the three-arbitrator panel “will be final and binding” on the parties.,The Agreement further states that the “arbitrators must make their decision within 60 days following the ending of the hearing” and that “[t]he majority decision of any two arbitrators” of the three-arbitrator panel “will be final and binding” on the parties.
"Here, Giwa has presented no evidence at all to counter Landes’ affidavit that sets forth her understanding of the facts on which she based her conclusion that Giwa was under-performing as a Senior Urban Planner or that he made mistakes that deserved a lower rating.","Here, Giwa has presented no evidence at all to counter Landes’ statement under oath. That sets forth her understanding of the facts, on which she based her conclusion that Giwa was under-performing as a Senior Urban Planner or that he made mistakes that deserved a lower rating."
"Underwriting purposes include, among other things, the decision whether or not to issue a policy, the amount and terms of coverage, and whether to renew or cancel a policy, but an insurer may not obtain a consumer report for the purposes of evaluating a claim.","Underwriting purposes include, among other things, the decision whether or not to issue a policy, the amount and terms of coverage, and whether to renew or cancel a policy, but an insurer may not obtain a consumer report for the purposes of evaluating a claim."
That record also stated that on that date the “[c]ourt found defendant guilty as charged in the information and ordered a Judgment of Conviction to be entered on the record.... Court ordered defendant REMANDED into the custody of the Milwaukee County Sheriffs Department.”,That record also stated that on that date the “[c]ourt found defendant guilty as charged in the information and ordered a Judgment of guilt to be entered on the record.... Court ordered defendant placed in bail into the custody of the Milwaukee County Sheriffs Department.”
"The issue here is whether an insured can round up general settlements from its subcontractors, unilaterally decide that they will be allocated to uncovered damages, and then go after the insurers that would cover the damages if the loss was properly allocated to that policy, .","The issue here is whether an insured can round up general settlements from its subcontractors, unilaterally decide that they will be allocated to uncovered compensation, and then go after the insurers that would cover the damages if the loss was properly allocated to that policy."
"The Supreme Court briefly addressed the issue within the scope of the Fair Housing Act, summarizing that if a tester has “suffered injury in precisely the form the statute was intended to guard against,” then regardless of the motivation behind bringing the suit, an injury has occurred.","The Supreme Court briefly addressed the issue within the scope of the Fair Housing Act, summarizing that if a tester has “suffered injury in precisely the form the statute was intended to guard against,” then regardless of the motivation behind bringing the suit, an injury has occurred."
"For past performance, the solicitation informed offerors that “[t]he Government will conduct a performance confidence assessment based upon the past performance of major or critical aspects of the requirement as it relates to the probability of successfully performing the solicitation requirements.”","For past performance, the solicitation informed offerors that “[t]he Government will conduct a performance confidence assessment based upon the past performance of major or critical aspects of the requirement as it relates to the probability of successfully performing the solicitation requirements.”"
"When a federal court sits in diversity, it “has personal jurisdiction over a non-resident defendant if (1) an applicable state long-arm statute confers jurisdiction and (2) the assertion of that jurisdiction is consistent with constitutional due process.” Nichols v. G.D. Searle & Co., 991 F.2d 1195, 1199 (4th Cir.1993).","When a federal court sits in diversity, it “authortiy over a non-resident defendant if (1) an applicable state long-arm statute grants authority and (2) the assertion of that authority is consistent with constitutional fairness of proceedings.” Nichols v. G.D. Searle & Co., 991 F.2d 1195, 1199 (4th Cir.1993)."
"A decision is considered “final and ... appealable where it 1) resolves and seriously affects substantive rights and 2) finally determines the discrete issue to which it is addressed.” Dye v. Brown (In re AFI Holding, Inc.), 530 F.3d 832, 836 (9th Cir.2008) (quoting Schulman v. California (In re Lazar), 237 F.3d 967, 985 (9th Cir.2001)).","A decision is considered “final and ... re-examinable where it 1) resolves and seriously affects substantive rights and 2) finally determines the seperate issue to which it is addressed.” Dye v. Brown (In re AFI Holding, Inc.), 530 F.3d 832, 836 (9th Cir.2008) (quoting Schulman v. California (In re Lazar), 237 F.3d 967, 985 (9th Cir.2001))."
"Once admitted into the Minnesota Department of Corrections (“MDOC”) system, Brooks received a chemical-dependency assessment, as all new inmates are required to have under Minnesota law, and was ordered to complete treatment in order to be transferred to a lower-security prison, qualify for work release, and avoid disciplinary sanctions.","Once admitted into the Minnesota Department of Corrections (“MDOC”) system, Brooks received a chemical-dependency assessment, as all new persons under confinement are required to have under Minnesota law, and was ordered to complete treatment in order to be transferred to a lower-security prison, qualify for work release, and avoid disciplinary sanctions."
Such a need is established if either: (1) failure to obtain expedited processing would pose an “imminent threat to the life or physical safety of an individual”; or (2) the requester is “primarily engaged in disseminating information” and shows an “urgency to inform the public concerning actual or alleged Federal Government ■ activity.” 5 U.S.C.,Such a need is established if either: (1) failure to obtain expedited processing would pose an “fast approaching threat to the life or physical safety of an individual”; or (2) the requester is “primarily engaged in spreading information” and shows an “urgency to inform the public concerning actual or alleged Federal Government activity.” 5 U.S.C.
"In order to obtain discovery regarding the issue of personal jurisdiction, at a minimum, the plaintiff must establish a colorable or prima facie showing of personal jurisdiction.","In order to determine whether a court is competent to settle the case, the plaintiff must provide at least a reasonable or initial proof proving the court’s competence."
"Plaintiffs argue that Defendants knew, or should have known, that the risk of new-onset diabetes mellitus or hyperglycemia associated with Risperdal is significantly higher than with older, cheaper, and equally effective “typical” antipsychotic drugs.","Plaintiffs argue that Defendants knew, or should have known, that Risperdal poses a significantly higher risk for new-onset diabetes mellitus or hyperglycemia than the older, cheaper, and equally effective “typical” antipsychotic drugs."
"In addition, Palermo alleges that his manager, Brittany Williams (Williams), who is a black female, and another one of his direct supervisors, Terry Green (Green) were aware of his EEO Complaints, the 2004 Case, and the 2008 Case.","In addition, Palermo claims that his manager, Brittany Williams (Williams), who is a black female, and another one of his direct supervisors, Terry Green (Green) were aware of his applications regarding equal employment opportunity, which are the 2004 Case and the 2008 Case."
"Arch took no action on eight of those claims (Chart, Claims 13-20), and issued a denial letter for the ninth claim (Chart, Claim 21) on March 1, 2010 by re-asserting its position noted before and further asserting that an intervening Endorsement No.","Arch did not take any actions on eight of those claims (Chart, Claims 13-20); however issued a denial letter for the ninth claim (Chart 21) on March 1, 2010. In this denial letter, Arch repeated its position that is stated before and additionally claimed an interfering Endorsement No."
"Because, apparently, no act of obeisance goes unpunished, the Federal Circuit then vacated this Court’s grant of summary judgment to Amphastar and held, in November, 2015, 'that the safe harbor provision did not apply to' its infringing activities.","It seems that respectful acts always get punished that in November 2015, the Federal Circuit then canceled this Court’s judgment that was given according to the facts of the case without having a full trial to Amphastar. And Federal Circuit ruled that ‘the provisions that may save Amphastar from liability if certain conditions are met” did not apply to its activities that had infringed the law."
"This Court “may consider a number of factors, including whether the work performed was duplicative, if an attorney takes extra time due to inexperience, or if an attorney performs tasks normally performed by paralegals, clerical personnel, or other non-attorneys.” Ussery, 10 Vet.App.","This Court “may consider various factors, including whether the work performed was duplicative, if a lawyer takes extra time due to his/her inexperience, or if a lawyer performs tasks normally performed by non-lawyers.”"
"Obviously, and to the extent further discussion of essential character is even necessary here: the essence of pots and pans is to contain and cook, and they can serve those functions with or without lids; and while lids may complete or enhance that purpose, they are merely incidental thereto and serve no purpose otherwise without the pots/pans to which they are intended to be fitted or combined.","Obviously and to the extent more discussion on what makes something dispensable to a certain structures even necessary here: he essence of pots and pans is to contain and cook, and they can serve those functions with or without lids. While lids may complete or enhance that purpose, they are only secondary, and the lids only serve with the pots/pans to which they are intended to be fitted or combined."
"Moreover, under section 5121, a determination of whether accrued benefits should be awarded “must be determined based on evidence that was either'physically or constructively in the [deceased claimant’s] file at the time of his death.” Ralston v. West, 13 Vet.App.","Moreover, according to section 5121, the evidence that was either 'physically or by interpretation in the [deceased claimant’s] file at the time of his death must be taken into consideration in order to determine whether earned benefits must be given.Ralston v. West, 13 Vet.App."
"We will pay all sums an “insured” legally must pay as damages because of “bodily injury” or “property damage” to which this insurance applies, caused by an “accident” and resulting from “garage operations” involving the ownership, maintenance or use of covered “autos”.","We will pay all amounts that an “insured” legally must pay as the compensation because of the “bodily injury” or “property damage” occurred by an “accident and resulting from “garage operations” involving the ownership, maintenance or use of covered “autos” that are under the scope of this insurance."
"Where, as here, a prisoner “challenges the very fact or duration of his physical imprisonment, and the relief he seeks is a determination that he is entitled to immediate release or a speedier release from that imprisonment, his sole federal remedy is a writ of habeas corpus.” Preiser v. Rodriguez, 411 U.S. 475, 500, 93 S.Ct.","If a prisoner ""questions a reason or duration of his physical imprisonment"" like here, and he wants ""the court to determine that he should be released immediately or released from that imprisonment faster, his only legal solution provided under federal law is requesting to be called to the court."" Preiser v. Rodriguez, 411 U.S. 475, 500, 93 S.Ct."
"At oral argument, ST argued that it is clear that no renewal premium is due under ST’s premium plan because the document setting forth the premium plan, the 2005 Flow Plan, nowhere mentions renewal premiums being due after the MCL is reached.","At the hearings, ST argued that since the document that establishes the premium plan, called the 2005 Flow Plan does not mention that renewal premiums will be payable after the MCL is reached, thus the renewal premium is not payable under ST’s premium plan."
"Therefore, the government presented sufficient evidence for a jury to conclude that defendant pledged “all furniture, equipment, and fixtures” in each of the four properties listed, including the Restaurant, and that he falsely represented that no one else held any interest in the collateral.","Therefore, the government presented sufficient evidence for a jury to decide that defendant showed “all furniture, equipment, and fixtures” in each of the four properties listed as a guarantee, including the Restaurant, and that he falsely represented that no one else held any interest in the listed properties that are shown as a guarantee."
"If the plaintiff succeeds in doing so, the burden of production shifts to the defendant ""to articulate some legitimate, nondiscriminatory reason for the employee’s rejection.” McDonnell Douglas, 411 U.S. at 802, 93 S.Ct.","If the plaintiff manages to do so, the duty to provide sufficient evidence for the case passes to the defendant ""to articulate some legitimate, nondiscriminatory reason for the employee’s rejection.” McDonnell Douglas, 411 U.S. at 802, 93 S.Ct."
"However, because the Court had previously overruled those additional arguments during the September 7 hearing, and because the Court specifically narrowed Defendant's supplemental argument to the issue of § 6308, and because Defendant’s reply raises new issues insofar as neither its supplemental filing nor Plaintiff's response raised those issues, the Court rejects those argument out of hand.","However, The Court directly rejects those arguments, because the Court had previously dismissed those additional arguments during the September 7 hearing, and because the Court specifically narrowed Defendant's additional argument to the issue regarding the purchase, consumption, possession, or transportation of liquor or malt or brewed beverages, and because Defendant’s reply raises new issues to the arguments made so far, and as none of its additional filing nor Plaintiff's response raised those issues."
"The closest Williams comes to addressing the Baze standard is in a heading in the briefs outline that reads, “What is known of the State’s Revised protocol indicates that Williams will likely suffer needless, undue, and excruciating pain during execution.”","The closest Williams argues that a court standard called “Baze” which rules that a method of execution is unlawful if it creates a “substantial risk of serious harm” or an “objectively intolerable risk of harm” is in a heading in the briefs outline. The heading reads, “What is known of the State’s Revised protocol indicates that Williams will likely suffer needless, undue, and excruciating pain during execution.”"
"This is undisputed, but neither party provides any evidence as to what kind of hospital Plaintiffs would be placed in, what level of care they would receive, what services they would be entitled to during their hospitalizations, or the probable durations of their hospital stays.","Neither party argues against this, but neither party provides any evidence as to what kind of hospital Plaintiffs would be placed in, what level of care they would receive, what services they would be entitled to during their hospitalizations, or the probable durations of their hospital stays."
"In sum, because Trader Joe’s has made no showing that the lack of an “All Natural” label would imply or suggest ascorbic acid inferiority in violation of the FDCA and FDA regulations, it has made no showing that plaintiffs’ Juice-related claims are preempted.","In sum, Trader Joe’s has not shown that an “All Natural” label would imply or suggest ascorbic acid inferiority, which might violate the FDCA and FDA regulations. Thus the plaintiffs’ Juice-related claims cannot be prioritized."
"To be sure, to win on her alienation of affections claim, Plaintiff must prove: (1) love and affection of the spouse for the plaintiff; (2) actual damages; and (3) overt acts, conduct, or enticement on the part of the defendant causing those affections to depart.","For certainty, if she wants to win her alienation of affections case against the third party that caused the end of her marriage, Plaintiff must prove: (1) love and affection of her ex-spouse had for the plaintiff; (2) losses that the plaintiff suffered; and (3) this third party’s apparent acts, conduct, or enticement causing those affections to depart."
"Even after the execution of the Contract, Starr and Carson each signed various purchase orders that indicated delivery to Jas-min’s address; Trina delivered the solar panels directly to Jasmin in Australia; and Jasmin accepted and installed the panels, at one point stating in an email to Trina on which JRC was copied that Jasmin would pay the invoices.","Even after the signing of the Contract, Starr and Carson each signed various purchase orders which indicated Jasmin’s address for delivery. Trina delivered the solar panels directly to Jasmin in Australia; and Jasmin accepted and installed the panels. Following acceptance and installments, at one point, Jasmin stated that Jasmin would pay the invoices in an email to Trina which was also sent to JRC."
"In challenging the validity of Claims 1 and 9 of the ’681 Patent—both of which are independent claims—Nash cites Section 103 of the Patent Act, which forbids the issuance of a patent where “the differences between the claimed invention and the prior art are such that the claimed invention as a whole would have been obvious before the effective filing date of the claimed invention to a person having ordinary skill in the art to which the claimed invention pertains.” 35 U.S.C.","While questioning whether the separate claims of Claim 1 and 9 of the ‘681 Patent are valid, Nash refers to Section 103 of the Patent Act. This Section forbids granting a patent for an invention where “the differences between the claimed invention and existing knowledge are in such a way that the claimed invention as a whole would have been obvious to an average expert practicing in the field that the invention is put forward before the patent application for the invention”. 35 U.S.C."
"In doing so, the Board should be mindful that it “has a special obligation to read pro se filings liberally.” Robinson v. Shinseki, 557 F.3d 1355, 1358-59 (Fed.Cir.2009).","In doing so, the Board should be mindful that it “has a special obligation to read the filings without an attorney liberally.” Robinson v. Shinseki, 557 F.3d 1355, 1358-59 (Fed.Cir.2009)."
The failure to adhere to this procedural mandate renders the notice of pen-dency “defective and void from the beginning.”,The failure to adhere to this procedural instruction causes the notice of suspension “defective and invalid from the beginning.”
"The burden is on the moving party to show, through the pleadings, discovery and affidavits, “that there is no genuine dispute as to any material fdet and [that] the movant is .entitled to-judgment as a matter of law.” Fed.","The responsibility is on the requester party to show, through the lawsuit, discovery and sworn statements, “that there is no genuine dispute as to any substantive law and [that] the requester has right to file lawsuit as a matter of law.” Fed."
"The Court must therefore grant the defendants’ motion to dismiss if it answers three questions in the affirmative: (1) whether the defendants are, “provider[s] ... of an interactive computer service,” 47 U.S.C.","The Court must therefore accept the defendants’ request for rejection if it answers three questions in the affirmative: (1) whether the defendants are, “provider[s] ... of an interactive computer service,” 47 U.S.C."
No unacceptable evals and nothing that really stands out in the weekly ... [training and HR pretty much agrees [sic] we don’t have a case: Perhaps Steve’s report will change in entirety based on 6th step info.,No unacceptable evaluations and nothing that really stands out in the weekly ... [training and HR pretty much agrees [sic] we don’t have a case: Perhaps Steve’s report will change in entirety based on 6th step info.
"In this group are four pro se parties (Dwight E. Nolt [# 226], Mark Powell [#208], Chris Pavlou [#119] and Paul R. Worsham [# 200]) and one “professional and generally unsuccessful objector,” see In re Royal Ahold N.V. Sec.","Merck now files a lawsuit to refuse, the state whistle-blower claim under Federal Rules, of Civil Procedure 12(b)(1) and - 12(b)(6), arguing that claim is privileged by the Illinois Human Rights Act, 775 ILCS 5/1-101 et seq."
"In Fluorine’s view, Amtrak may condemn a property interest only “as a last resort” — “where it cannot practicably do otherwise” — and it urges the Court to engage in a searching, fact- specific review of Amtrak’s condemnation decision.","In Fluorine’s view, Amtrak may seize private property for public use only “as a last resort” — “where it cannot practicably do otherwise” — and it urges the Court to engage in a searching, fact- specific review of Amtrak’s expropriation decision."
"There is no indication on the face of the April 1988 rating decision that the RO did not consider the evidence of record or the application of § 4.16(b), and the Court cannot conclude that it failed to do so on the basis of silence alone.","There is no indication on the face of the April 1988 rating decision that the RO did not consider the evidence of record or the application of § 4.16(b), and the Court cannot make a decision that it failed to do so on the basis of silence alone."
"Should-the Court find that such costs constitute an economic injury sufficient to confer standing, “a private plaintiff bringing a UCL claim automatically would have standing merely by filing suit.” Cordon v. Wachovia Mortg., a Div.","Should-the Court find that such costs constitute an economic injury sufficient to confer interest, “a private plaintiff bringing a UCL claim automatically would have protect interest by filing suit.” Cordon v. Wachovia Mortg., a Div."
"To the extent that Vivendi’s argument is that GAMCO should have unearthed information that would have led it to discount Vivendi’s misrepresentations, such arguments fails because contributory negligence is not a defense to securities fraud.","The Veterans Court recognized its authority to release from obligation by way of supreme court order, noting that such relief “is a drastic one, to be invoked only in extraordinary circumstances.” Veterans Opinion at 1 (citing Kerr v. U.S. Dist.)"
"The privilege “recognizes that sound legal advice or advocacy serves public ends and that such advice or advocacy depends upon the lawyer’s being fully informed by the client.” Upjohn v. United States, 449 U.S. 383, 389, 101 S.Ct.","To the extent that Vivendi’s argument is that GAMCO should have unearthed information that would have led it to discount Vivendi’s misrepresentations, such arguments fails because mutual fault is not a defense to securities fraud."
"The Veterans Court recognized its authority to grant relief by way of writ of mandamus, noting that such relief “is a drastic one, to be invoked only in extraordinary circumstances.” Veterans Opinion at 1 (citing Kerr v. U.S. Dist.","The privilege “recognizes that sound legal advice or advocacy serves whole public and that such advice or advocacy depends upon the lawyer’s being fully informed by the client.” Upjohn v. United States, 449 U.S. 383, 389, 101 S.Ct."
"Plaintiffs respond by noting that, according to the Amended Complaint, the parties engaged in negotiations over an unexecuted draft Operating Agreement, which “contemplated that [the parties] would ‘jointly operate the proton therapy center.’” Pl.","Plaintiffs respond by noting that, according to the Amended Complaint, the parties engaged in discussions over an unexecuted draft Operating Agreement, which “contemplated that [the parties] would ‘operate the proton therapy center together.’” Pl."
The only exception to this general rule — one that is not applicable here — is if the transferor court already decided an issue (based on its own interpretation of the law) and thus the “law of the case” governs that issue even in the transferee court.,The only exception to this general rule — one that is not applicable here — is if the transferor court already decided an issue (based on its own interpretation of the law) and thus the “the opinions of the circuit court have a binding effect on the case” governs that issue even in the receiver court.
"In other words, a finding that pinniped predation is having a significant negative impact on the decline or recovery of protected salmonids does not mean that pinniped predation is jeopardizing those salmonids, as the term is used in the ESA context.","In other words, a finding that pinniped predation is having a significant negative impact on the decline or recovery of protected salmonids does not mean that pinniped predation endangers those salmonids, as the term is used in the ESA context."
"In determining whether Capital-Source retained a security interest in the cash proceeds, the court acknowledged that under § 9-332, “CapitalSource did not have a security interest in the funds after Debtor [Delco Oil] transferred them to Marathon.”","In determining whether Capital-Source retained a security interest in the cash proceeds, the court acknowledged that under § 9-332, “CapitalSource did not have a enforceable legal claim in the funds after Debtor [Delco Oil] transferred them to Marathon.”"
"The probation office filed a petition to revoke Defendant’s supervised release, alleging Defendant had been (1) associating with a convicted felon (a female) without permission, and (2) discharged from RRC for making threatening statements to a staff member.","The probation office filed a petition to repeal Defendant’s supervised release, alleging Defendant had been (1) associating with a convicted felon (a female) without permission, and (2) discharged from RRC for making threatening statements to a staff member."
"Therefore, the court’s analysis in this Ruling focuses solely on the first step of the above inquiry: determining whether the state statutes “mandate or authorize a per se antitrust violation.” Freedom Holdings IV, 624 F.3d at 49 (quotation marks and citation omitted).","Therefore, the court’s analysis in this Ruling focuses solely on the first step of the above inquiry: determining whether the state statutes “order or authorize a spontaneously antitrust violation.” Freedom Holdings IV, 624 F.3d at 49 (quotation marks and citation omitted)."
"Having considered the motions, responses, replies, supporting evidence, the argument of counsel, and the applicable law, the court will grant the summary-judgment motion and dismiss all of Plaintiffs’ claims and dismiss all other pending motions for the reasons to follow.","Having considered the motions, responses, replies, supporting evidence, the argument of counsel, and the applicable law, the court will accept the summary decision proposal and dismiss all of Plaintiffs’ claims and dismiss all other pending motions for the reasons to follow."
"Now pending before the court is the “Motion to Dismiss Plaintiffs Second Amended Complaint Pursuant to Rule 12(b)(6) of Defendants Gene Byron Schenberg, Richard F. Huck, III, Michael J. McKitrick, Danna McKitrick, P.C., NetSecure Technologies, Ltd. and Daniel McCann.” (Dkt.","Now pending before the court is the “Proposal to Dismiss Plaintiffs Second Amended Complaint Pursuant to Rule 12(b)(6) of Defendants Gene Byron Schenberg, Richard F. Huck, III, Michael J. McKitrick, Danna McKitrick, P.C., NetSecure Technologies, Ltd. and Daniel McCann.”"
"Plaintiffs’ actions have (1) required defendant to file three additional motions, (2) unnecessarily prolonged this case, (3) required defendant to incur expenses it should not have incurred, and (4) wasted the time of both defendant and the Court.","Due to the actions of the suers’, (1) the person they sued had to submit three additional petitions and (2) bear unjustified expenses. Also, (3) they extended the duration of the trial without a cause, and (4) wasted the time of both the person they sued and the Court."
"During the interview, Defendant commented to Chief Koivunen that he had been using methamphetamine the previous week and made reference to “being up over a week.” Defendant also stated that he had been using methamphetamine on May 6 “all day.” (Gov’t Ex.","During the interview, the person who is sued told Chief Koivunen that he had used methamphetamine in the previous week, but that he had been ""awake for more than a week"". He also added that he used methamphetamine ""all day"" on May 6. (Official Evidence)"
"In the two years following Mr. Dodson’s death, Mrs. Carroll did not seek Dependency and Indemnity Compensation (“DIC”) benefits, which are available to the “surviving spouse” of a veteran whose death resulted from a service-related injury or disease.","Mrs. Carroll’s husband, Mr. Dodson, who was a veteran, passed away due to an injury or disease related to his service. However, she did not apply for Dependency and Indemnity Compensation (“DIC”), a benefit provided to surviving spouses of veterans who die from service-related causes, within two years of his passing."
"While Wendy's found that a jury demand constituted a waiver of a contractual jury waiver, the opinion contains essentially no reasoning and does not explicitly address the question of whether the jury demand in that case was ""proper” under Rule 38(d).","Wendy’s thought that asking for a jury trial meant giving up the right to waive a jury trial as stated in the contract. However, the opinion lacks a clear explanation. Moreover, this opinion also does not directly address the question of whether the jury request complies with the content regulated in Rule 38(d)."
"The chapter 13 debtor, Gary D. Barbee (“Debtor”), instituted an adversary proceeding against U.S. Bank National Association as trustee for the Truman FHA Trust 2008-1, by and through its mortgage servicing agent BAC Home Loan Servicing (“Bank”) seeking to avoid the Bank’s interest in his manufactured home pursuant to 11 U.S.C.","The chapter 13 debtor, Gary D. Barbee (“Debtor”) filed an adversary action against U.S. Bank National Association. He did it as a receiver for the Truman FHA Trust 2008-1. Also, through its mortgage servicing agent BAC Home Loan Servicing (“Bank”), he tried to avoid the Bank’s interest in the house that he built under 11 U.S.C."
"Although Morgan Stanley had not yet moved for summary judgment on plaintiffs’ negligent misrepresentation claim, I ordered plaintiffs to show cause as to why their negligent misrepresentation claims against Morgan Stanley should not be dismissed in light-of my finding that Morgan Stanley made no actionable misstatement to plaintiffs.","There is a court’s summary decision regarding suspected deception by taking advantage of the suers’ carelessness. Morgan Stanley has not yet responded to this summary decision. Despite this, I ordered the suers to show an explanation. They were asked to clarify why accusations of misleading negligence against Morgan Stanley should not be rejected. This request is based on my findings that Morgan Stanley did not make any legally significant false statements to the suers."
"The Audit Report also admitted only partial compliance with Standard 2100, regarding “a broader and more formalized approach in performing risk assessment procedures than is currently in practice at Chipotle,” and that IA believed Standard 2100’s “level of detail is not necessary or appropriate in the Chipotle environment.” (ECF No.","The Audit Report also acknowledged partial adherence to Standard 2100. Specifically, it mentioned an approach to performing risk assessment proceedings that is more comprehensive and standardized compared to the current practices at Chipotle. Likewise, the report recognized that IA considers the “level of detail” unnecessary or unsuitable for the Chipotle setting of Standard 2100."
"According to God-frey, Ralph Thumma, Loretta Seneca, Michael Froio, and Andy Keller, all employees at HOPE, would have testified that Godfrey had no involvement in the sales process and that all sales were handled by Burris and Fischer, and that Burris conducted all hiring and training of'employees; See Docket # 336, at 6-10.","God-frey, Ralph Thumma, Loretta Seneca, Michael Froio, and Andy Keller claim that all employees at HOPE would have acted as witnesses to the fact that Godfrey had not interfered with the sales process and that all sales were carried out by Burris and Fischer. In addition, they would have spoken up that Burris performed all hiring and training of employees; See Docket # 336, at 6-10."
This court has jurisdiction to review a decision of the CAVC “with respect to the validity of a decision of the Court on a rule of law or of any statute or regulation ... or any interpretation thereof (other than a determination as to a factual matter) that was relied on by the [CAVC] in making the decision.” 38 U.S.C.,This court has the authority to review a decision of the Court of Appeals for Veterans Claims in some respects. It may exercise this authority while determining whether “the decision of the Court is valid due to a rule of law or any statute or regulation” or examining “…any comment that was attributed by [CAVC] while giving a decision (except for the determination of a real issue).”. 38 U.S.C.
"That one of the Board decisions the appellant was appealing was the June 2008 Board decision crystallized when he filed his pro se motion to recall mandate in February 2012, and later his informal brief, including arguments regarding the merits of the Substantive Appeal issue decided in the June 2008 Board decision.","One of the legal challenger’s challenges to one of the Board decisions became legally clarified when the June 2008 Board decision was contested. It happened when he represented himself in court without the assistance of an attorney to recall the legal direction in February 2012. Later, he submitted his informal written argument, which included arguments concerning the merits of the request to a higher court on the underlying issue (Substantive Appeal) decided in the June 2008 Board decision."
"In its papers in opposition to BDP’s motion for judgment, Deltech identifies the Stolt/BDP contract “whereby BDP contracted to perform freight-forwarding duties for Stolt” as the operative one, the breach as a failure to properly prepare the bill of lading, and asserts its position as a third-party beneficiary.","In its papers opposing BDP’s motion for judgment, Deltech highlights the Stolt/BDP contract as the relevant agreement. This contract involved BDP’s agreement to perform goods transportation coordination duties for Stolt. Deltech points out that the violation alleged is the failure to properly prepare the shipping document for goods. Moreover, Deltech claims it has the benefits of third-party involvement in this matter."
Unclean hands “is a self-imposed ordinance that closes the doors of a court of equity to one tainted with inequitableness or bad faith relative to the matter in which he seeks relief’ and originates from “the equitable maxim that ‘he who comes into equity must come with clean hands.’ ” Precision Instrument Mfg.,"“Unclean hands” is a self-imposed rule that if the person asking for help does injustice or acts in bad faith about the issue for which he or she seeks help, this behavior closes the doors of the court of justice. It derives from the motto about the principle of equality, “he who enters righteousness must come with clean hands.” Precision Instrument Mfg."
"First, in the Civil Remedy Notice filed with the State of Florida, Plaintiff alleged that the Defendant “has already been provided with sufficient information in order to warrant a tender of policy limits” and advised that she was “willing to accept the policy limits to settle the claim...” [DE 1-2 at 16].","First, in the Civil Remedy Notice (a notice of legal action) filed with the State of Florida, Suer supposed that “adequate information has already been provided to guarantee the tender of policy limits” to the person she sued. After that, the suer reported that she was ready to accept the policy’s maximum payout to reach an agreement…” [DE 1-2 at 16]."
"Plaintiff Laura J. Ramos alleged that her employer, the Federal Bureau of Investigation (“FBI”), discriminated against her on the basis of her race (Count I), subjected her to a hostile work environment (Count II), and retaliated against her after she filed an administrative complaint (Count III).","Suer Laura J. Ramos alleged that her employer, the Federal Bureau of Investigation (“FBI”), treated her with unfairness based on her race (Count I), subjected her to adverse workplace conditions (Count II), and took revenge on her after she made a formal complaint to the administrative authorities (Count III)."
"For the reasons stated above, the Court WITHDRAWS its May 31, 2013, decision, DENIES Mrs. Tagupa’s motion for leave to submit supplemental evidence, SETS ASIDE the Board’s August 2, 2011, decision, and REMANDS the matter for VA to seek verification of service from the Department of the Army.","Due to previously mentioned reasons, the Court RECALLS its May 31, 2013, decision, REFUSES Mrs. Tagupa’s request for permission to present additional evidence, ELIMINATES the Board’s August 2, 2011 decision, and SENDS the issue BACK to the Department of Veterans Affairs to verify the service from the Department of the Army."
"It is clear, therefore, that upon receipt of a letter disputing the factual accuracy of information in a consumer’s file, Section 1681i imposes a duty on a CRA both to reinvestigate and to either delete the disputed information or disclose the current status of the disputed information to the person disputing the information.","Upon receipt of a letter disputing the factual accuracy of information in a consumer's documents, Section 1681i imposes a duty on a CRA. The duty is twofold: to conduct a reinvestigation and either delete the disputed information or disclose the status of the disputed information to the person raising the dispute."
"However, plaintiff chose not to pursue a “denial-of-benefits claim” under § 1132(a)(1)(B), presumably because of “the broad discretion that [defendant] enjoys in construing the terms of the Certificate, which in turn would necessitate a showing that its decision to deny [plaintiffj’s claim was arbitrary and capricious.”","However, suer chose not to go after a benefit rejection claim under § 1132(a)(1)(B). This decision was presumably made due to the significant authority that [the person sued] has in interpreting the terms of the Certificate.' Pursuing such a claim would require demonstrating that the used person’s decision to deny the suer’s claim was inconsistent and careless."
"Where, as here, a prisoner “challeng[es] the very fact or duration of his physical imprisonment, and the relief he seeks is a determination that he is entitled to immediate release or a speedier release from that imprisonment, his sole federal remedy is a writ of habeas corpus.” Preiser v. Rodriguez, 411 U.S. 475, 500, 93 S.Ct.","In cases like this, if a prisoner challenges the fact or duration of their physical imprisonment and seeks a determination for immediate release or a quicker release from that imprisonment, their only federal way out is to challenge the unlawful detention or imprisonment. (habeas corpus)."" (Preiser v. Rodriguez, 411 U.S. 475, 500, 93 S.Ct.)"
"It is an unfair labor practice for a labor organization to, among other things, “interfere with, restrain, or coerce any employee in the exercise by the employee of any right under” the chapter of the CSRA related to union and labor rights, or “to otherwise fail or refuse to comply with any provision of this chapter.” 5 U.S.C.","An example of an unfair work practice by a workers’ organization under the union and labor rights section of the CSRA is to “intervene, restrict, or compel any employee to exercise any of his rights”. A worker’s organization’s failure or refusal to comply with another provision of the relevant section also constitutes an unjustifiable work practice."
"The Court notes, however, that the clause authorizing the payment of attorney’s fees in Estate of Gaines is much broader than the clause contained in this case, which limits payment to “charges incurred in the administration of the Trust.” Restated Revocable Living Trust dated May 1, 2006, DN 27-6, p. 13.","However, the Court notes that the clause allowing attorney’s fees in the Estate of Gaines is significantly comprehensive compared to the clause in this case. The clause in this case only permits payment for “charges accumulated in the trust management”. Restated Revocable Living Trust dated May 1, 2006, DN 27-6, p. 13."
"Conversely, when the preponderance of the evidence weighs against the claim, “[the Board] necessarily has determined that the evidence is not ‘nearly equal’ or ‘too close to call,’ and the benefit of the doubt rule therefore has no application.” Ortiz v. Principi 274 F.3d 1361, 1365 (Fed.Cir.2001).","Seeing that there is more evidence that the claim is likely to be false, the Board had to conclude that the evidence is enough to make a decision. The Board did not choose to trust the claim even though it was not certain about the truth."
"Broad prophylactic prohibitions that fail to ‘respond precisely to the substantive problem which legitimately concerns’ the State cannot withstand intermediate scrutiny.” 838 F.3d at 73 (quoting Members of City Council of City of L.A. v. Taxpayers for Vincent, 466 U.S. 789, 810, 104 S.Ct.",Broad preventive bans that do not precisely address critical issues that legitimately affect the state cannot be subject to intermediate scrutiny.
"The emphasized clause is referred to as the “residual clause,” and in Johnson 2015 the Supreme Court held that the residual clause “denies fair notice to defendants and invites arbitrary enforcement by judges,” and, therefore, violates the due process clause of the Constitution.","The clause is referred to as the residual clause. In Johnson 2015, the Supreme Court held that the residual clause causes that the defendants are no longer given sufficient notice of a claim against them. It also leads judges to decide arbitrarily. Thus, the residual clause violates the due process clause of the Constitution."
"Sony attached the images with its message “User’s current photo downloads included the following: .... ” Without use of a filter like a hash value system, no one at Sony could have known about Susan_14’s photos unless someone actually had “use[d] human eyes” to review them.",Sony provided a message with the images and declared that no one at Sony could have known about Susan_14's photos without the help of something like a hash value system except for the case someone actually had used human eyes to review them.
"The court saw “no way for the government to obtain a meaningful share in an entireties property without forfeiting some part of the innocent spouse’s interest, as long as the spouses remain married to each other and do nothing to terminate the entireties estate.”","The court concluded that the government cannot obtain a legitimate amount of share in an entireties property without depriving the innocent spouse of a part of the interest, if the spouses remain married to each other and the entireties estate."
"The bankruptcy court granted summary judgment in favor of NBI, holding that White was estopped from re-litigating whether he committed fraud against NBI, and on November 9, 2011, entered judgment in favor of NBI and against White in the amount of $378,486.17.","The bankruptcy court decided in favor of NBI and banned White to re-litigate the commitment of fraud on November 9, 2011 and entered judgment in favor or NBI and against White in the amount of $378,486.17."
"However, the DOC admits that it is unfamiliar with the billing practices of most Minnesota shops and reached this conclusion primarily based on representations from Reid, Rosar, Schmultz, and a few others affiliated with Minnesota’s auto-glass industry.","However, the DOC accepts that it is unfamiliar with the billing practices of most Minnesota shops. He admits that he reached this conclusion primarily based on representations from Reid, Rosar, Schmultz, and a few others affiliated with Minnesota’s auto-glass industry."
"Accordingly, to be entitled to equitable tolling, Ms. Cheeo must have exercised due diligence between July 6, 2011 — the date of the Board decision — and October 6, 2011 — the date on which the Board decision was resent to her at her new address.","Accordingly, to receive a time extension, Ms. Cheeo must have exercised due diligence between the following dates: July 6, 2011 — the date of the Board decision — and October 6, 2011 — the date on which the Board decision was resent to her at her new address."
"Over the course of almost one year, [the Plaintiff] did receive[] $108,500.00, possibly from the $424,233.00 which is unaccounted for; however, it is unclear whether the $108,500.00 came from one of the Trust Enterprise accounts, Defendant Birch’s IOLTA account, or an unknown account.”","Over the course of almost one year, [the Plaintiff] received $108,500.00, possibly from the $424,233.00, which is unaccounted for. However, it is unclear whether the $108,500.00 came from one of the Trust Enterprise accounts, Defendant Birch’s IOLTA account, or an unknown account.”"
"The District Court found that the plaintiffs’ overtime claim was factually inadequate, on the ground that, “[t]he abundance of allegations notwithstanding,” the plaintiffs “failed to allege a single specific instance in which a named Plaintiff worked overtime and was not compensated for this time.” App.","The District Court found that the plaintiffs failed to allege a single specific instance in which a named Plaintiff worked overtime and was not compensated for this time. Accordingly, the Court held that the plaintiffs' overtime claim was factually inadequate."
"Haddad alleges that Midland Funding “is engaged in the business of a collection agency, using the mails and telephone to collect consumer debts originally owed to others,” is licensed as á collection agency by the State of Illinois, and’“regularly collects or attempts to collect defaulted consumer debts.” Doc.",Haddad alleges that Midland Funding is a collection agency licenced by the State of Illinois and collects or attempts to collect defaulted consumer debts originally owed to others.
"Accordingly, intertextually, these examples of the legislature’s multiple other uses of the disputed phrase and ones similar to it in other versions of the statute and the very enactment applicable here, convince us that it uses the phrase to mean the interpretation urged by Defendants, rather than by Plaintiff.","The legislature uses the disputed phrase to mean the interpretation given by Defendants, rather than by Plaintiff. It is understood when one looks at these examples of the legislature’s multiple other uses of the disputed phrase and ones similar to it in other versions of the statute and the very enactment applicable here."
"The court cannot conclude, without additional facts, whether Benedetto’s arrest was either “a basic assumption on which the contract was made” or “foreseeable.” Thus, Delta may not use the doctrine of impossibility to defeat Benedetto’s breach of contract claim at this stage of the litigation with the facts as pleaded.","There is no enough evidence for the court to conclude whether Benedetto's arrest was either “a basic assumption on which the contract was made” or “foreseeable.” Thus, Delta may not use the doctrine of impossibility to defeat Benedetto’s breach of contract claim at this stage of the litigation when there is no further facts to support Delta."
"Therefore, the references in the minutes to “retention” and “maintaining the status quo” relied on by plaintiffs need not be definitively construed by the Committee as indicating an intent to provide the enhanced benefits to employees whose entities were sold but who continued working for the purchasing employer.","It is claimed that there is an intention to provide the enhanced benefits to employees whose entities were sold but who continued working for the purchasing employer. But the references in the minutes to ""retention"" and ""maintaining the status quo"" relied on by the plaintiffs are not definitive. Therefore, the claimed intention cannot be construed by the Committee."
"Defendant notes that the Department of Justice publieally has taken the position for almost 20 years that the highest willfulness standard applies to campaign-finance violations, as indicated in both its manual published soon after Cheek and Ratzlaf but before Bryan and by its manual published almost 10 years after Bryan.",Defendant notes that the Department of Justice publicly has taken the position for almost 20 years the the highest willfulness standard applies to campaign-finance violations. This is indicated in both its manual published soon after Cheek and Ratzlaf but before Bryan and by its manual published almost 10 years after Bryan.
"Even though he asks for rescission of the note and mortgage in his Complaint, Plaintiff argues that “[determining whether Blake properly rescinded the promissory note does not require the Court to exercise jurisdiction over the property to grant judgment, nor does it result in the Court awarding possession of the property to any party.” (Pl.’s Memo.","Even though Plaintiff asks for the rescission of the note and mortgage in his Complaint, he argues that determining on this does not require the Court to exercise jurisdiction over the property to grant judgment, nor does it result in the Court awarding possession of the property to any party."
"The contracting officer endeavors to select the approach that will provide the best overall value to the Government, understanding that the “relative importance of cost .of price may vary.” Id, For example, when “the requirement is clearly definable and the risk of unsuccessful contract performance is minimal, cost or price may play a dominant role in source selection.”","The contracting officer tries to select the approach that will provide the best overall value to the Government. Because the relative importance of cost or price may vary. For example, when ""the requirement is clearly definable and the risk of unsuccessful contract performance is minimal, cost or price may play a dominant role in source selection.”"
"First, the court must “tak[e] note of the elements a plaintiff must plead to state a claim.” Second, the court should identify allegations that, “because they are no more than conclusions, are not entitled to the assumption of truth.” Finally, “where there are well-pleaded factual allegations, a court should assume their veracity and then determine whether they plausibly give rise to an entitlement for relief.”","First, the court must note the elements that should be pleaded by a plaintiff to state a claim. Second, the court should identify allegations. This is necessary because allegations are no more than conclusions, are not entitled to the assumption of truth. After that, if there are well-pleaded factual allegations, a court should assume they are true. Finally, the court should determine whether these well-pleaded factual allegations reasonably give rise to an entitlement for relief."
"He alleged three federal claims: (1) that the defendants, acting individually, jointly, and in conspiracy, deprived Beaman of a fair trial by withholding material exculpatory evidence in violation of Brady (individual liability); (2) that the defendants conspired to deprive Beaman of material exculpatory evidence (conspiracy liability); and (3) that the defendants failed to intervene in preventing the violation of his rights (failure to intervene liability).","He advanced three federal claims. Firstly, he claimed that the defendants violated Brady because they withheld the evidence favorable to Beaman and deprived Beaman of a fair trial. The defendants acted individually, jointly, and in conspiracy in do in so (individual liability). Secondly, he claimed that the defendants made a conspiracy to deprive Beaman of material evidence favorable to him (conspiracy liability). Thirdly, he claimed that the defendants should have intervened in order to prevent the violation of his rights, but they failed to do so (failure to intervene liability). He advanced three federal claims. Firstly, he claimed that the defendants violated Brady because they withheld the evidence favorable to Beaman and deprived Beaman of a fair trial. The defendants acted individually, jointly, and in conspiracy in do in so (individual liability). Secondly, he claimed that the defendants made a conspiracy to deprive Beaman of material evidence favorable to him (conspiracy liability). Thirdly, he claimed that the defendants should have intervened in order to prevent the violation of his rights, but they failed to do so (failure to intervene liability)."
"Plaintiffs further allege that notwithstanding the termination of their license agreements, Daewoo and its owner, Ro, continued to rent and even sell infringing and pirated copies of plaintiffs’ works, which were obtained via Internet downloads and unauthorized personal copying, and/or from defendant Korean Korner, Inc. (“Korean Korner”) and defendant Sun Yop Yoo (“Yoo”), the former owner of a now-defunct video store by the name of Ann Bang Video.","Plaintiffs further allege that despite their license agreements were terminated, Daewo and its owner Ro, continued to rent and even sell plaintiffs' works that are infringing and pirated copies. These works were obtained via internet downloads and unauthorized personal copies and/or from defendant Korean Korner, Inc. (“Korean Korner”) and defendant Sun Yop Yoo (“Yoo”), the former owner of a now-defunct video store by the name of Ann Bang Video."
Darren L. DeFlanders (“DeFlanders”) appeals from the decisions of the United States Court of' Appeals for Veterans Claims (“Veterans Court”) affirming the decisions of the Board of Veterans’ Appeals (“the Board”): (i) finding that De-Flanders had not submitted new and material evidence sufficient to reopen claims for service-connected disability compensation for a left knee disability and spots on the lungs; (ii) denying compensation for spots on the brain; and (iii) denying a disability rating in excess of 10% for non-cardiac chest pain.,"Darren L. DeFlanders (“DeFlanders”) goes to higher court against the decision of the United States Court of' Appeals for Veterans Claims (“Veterans Court”) which approves the decisions of the Board of Veterans’ Appeals (“the Board”). In the decision of the Board, firstly it is stated that De-Flanders had not submitted new and material evidence enough to restart the case for service-connected disability compensation for a left knee disability and spots on the lungs. Secondly, the court did not accept the claim on compensation for sports on the brain. Lastly, the court denied a disability rating in excess rating in excess of 10% for chest pain which is not related to heart."
"Succinctly stated, the Secretary’s contention that § 4.85(a) requires the effective date for an increased disability claim to be set in accordance with the date a Maryland CNC test is administered not only adds words to the regulation that are not there, but it also conflicts with the plain meaning of section 5110(b)(3), which requires the effective date of an award of increased compensation to be “the earliest date as of which it is ascertainable that an increase in disability had occurred.” 38 U.S.C.","Shortly, the Secretary argues that Article 4.85(a) requires the effective date for an increased disability claim to be set in accordance with the date a Maryland CNC test is administered adds words to the regulation that are not there. Also, it does not fit with the meaning of the section 5110(b)(3), which requires the effective date of a court decision of increased compensation to be “the earliest date as of which it is ascertainable that an increase in disability had occurred.” 38 U.S.C."
"Given the holding in Koloms, the question remaining for the Court, then, is whether the underlying suits are like the furnace leak in Koloms, namely, the type of isolated, run-of-the-mill result from day-to-day operations and properly covered, or whether they arise from “traditional environmental pollution.” Though it may be more art than science to determine when the isolated consequences of normal business operations end and “traditional environmental pollution” begins, the instant case falls cleanly within the definition.","Given the judgement in Koloms, the question remaining for the Court is whether the underlying cases arose out of ""traditional environmental pollution"", such as the furnace leak in Koloms, which is an isolated, ordinary consequence arising from day-to-day operations and of the kind properly covered. This case falls within the definition, even though it is more art than science to determine when the isolated consequences of normal business operations end and “traditional environmental pollution” begins."
Works Co. are: (1) the defendant's good faith effort to comply with the statute: (2) the defendant's degree of culpability; (3) the defendant’s histoiy of previous violations; (4) the nature of the public interest in ensuring compliance with the regulations involved; (5) the nature and circumstances of the violation at issue; (6) the gravity of the violation; (7) the defendant’s ability to pay; (8) the appropriateness of the size of the penalty to the defendant’s business and the effect of a penalty on the defendant’s ability to continue doing business; (9) that the penalty not otherwise be shocking to the conscious of the court; (10) the economic benefit gained by the defendant through the violation; (11) the degree of harm to the public; (12) the value of vindicating the agency authority; (13) whether the party sought to be protected by the statute had been adequately compensated for the harm; and (14) such other matters as justice may require.,"The factors considered by the court in determining penalties for Works Co. are as follows: 1. The defendant's genuine attempt to comply with the statute. 2. The level of culpability exhibited by the defendant. 3. The defendant's past record of violations, if any. 4. The importance of ensuring compliance with the relevant regulations for the public interest. 5. The nature and circumstances surrounding the specific violation in question. 6. The seriousness or gravity of the violation. 7. The financial capacity of the defendant to pay the penalty. 8. The appropriateness of the penalty's size in relation to the defendant's business and its impact on the defendant's ability to continue operations. 9. The penalty should not be disproportionately severe and should not shock the conscience of the court. 10. Any economic benefit gained by the defendant as a result of the violation. 11. The extent of harm caused to the public. 12. The value of upholding the authority of the regulatory agency. 13. Whether the party protected by the statute has received adequate compensation for any harm suffered. 14. Any other factors that the concept of justice may require."
"In his claim for negligence, Plaintiff alleges that Defendant NDI’s potentially negligent conduct includes: (1) failing to ensure a proper chain of custody of the subject specimen; (2) failing to communicate with Plaintiff and the testing facilities any and all factors which could or did affect the testing; (3) failing to take into account and eliminate any and all factors which may improperly influence the tests; (4) failing to prevent testing results of and/or reporting of a “false-positive”; (5) failing to pre-test interview Plaintiff to rule out abnormalities which could and/or did influence the tests; (5) failing to maintain and/or cause to be maintained appropriate quality-control testing and/or reporting mechanisms and/or protocols; (6) failing to comply with governing procedures, regulations, protocols, and/or laws concerning reporting and/or testing; and (7) failing to monitor and/or control others’ compliance.","In his claim for negligence, Plaintiff argues that Defendant NDI’s potentially acted carelessly since it 1) did not guarantee a proper chain of custody of the subject specimen; (2) did not communicate with Plaintiff and the test facilities any and all factors which could or did affect the testing; (3) did not consider and eliminate any and all factors which may improperly affect the tests; (4) did not provent testing results of and/or reporting of a “false-positive”; (5) did not pre-test interview Plaintiff to rule out abnormalities which could and/or did affect the tests; (5) did not maintain and/or cause to be maintained appropriate quality-control testing and/or reporting mechanisms and/or protocols; (6) did not act in accordance with procedures, regulations, protocols, and/or laws on reporting and/or testing; and (7) did not watch and/or control others’ compliance."
"For instance, the Two Left Feet treatment supplements the real amateur competitors with a few “goofballs” for “comic relief of course,” and “a few ringers to make the other guys envious and competitive.” Likewise, the treatment describes one host as an “ex law enforcement officer, federal agent, with a masters degree in Social Work,” who would use this background to “manipulate” the other host, a “biochemist with a cool analytical nature, yet a vicious temper,” and who would focus on analyzing competitors using various scientific parameters, such as “bodyfat” and other statistics.","In the Two Left Feet treatment, there is a provision to include some ""goofballs"" for comic relief and a few exceptional contestants to create envy and competitiveness among the other participants. The treatment also mentions a host who is described as an ex-law enforcement officer and federal agent with a master's degree in Social Work. This host would utilize their background to manipulate the other host, who is a biochemist with an analytical nature and a temper. The biochemist would focus on evaluating competitors using scientific parameters like body fat and other statistics."
"Judge Gordon Graham signed an order appointing Defendants McQueen and Tonigan as special state’s attorneys to investigate and prosecute individuals for using their official position in the SAO to give benefits in criminal prosecutions to friends, relatives, and supporters.","Defendants McQueen and Tonigan have been given permission by Judge Gordon Graham to act as special state's lawyers. They have the duty to look into and file accusations against SAO employees who abuse their official positions. They will concentrate on people who have given their friends, family members, or supporters privileged treatment in criminal cases."
"At the time, the state-sponsored terrorism exception did not provide an independent cause of action, but instead acted “as a ‘pass-through’ to substantive causes of action against private individuals that ... may exist in federal, state or international law.”","Back then, the state-sponsored terrorism exception didn't create a separate legal claim on its own. Instead, it served as a way to redirect or channel claims against private individuals to existing laws. These laws could be found in federal, state, or international legal systems."
"The claim is based on conduct that occurred before 2004, so in order for the Kansas Securities Act to apply, the case must have been instituted within that statute’s limitations period, or by July 1, 2010, five years after the effective date of the Uniform Act.","If the conduct in question took place before 2004, in order for the Kansas Securities Act to be applicable, the case must have been initiated within the time frame specified by that law. Alternatively, it needed to be initiated by July 1, 2010, which is five years after the Uniform Act came into effect."
"To unravel the plot against him, Mr. Blaney requested that the Veterans Court convene' a special investigating committee, enter summary judgment on his claims, and issue an order that would enable Mr. Blaney to sue the Veterans Court and the VA.","To expose the conspiracy against him, Mr. Blaney asked the Veterans Court to assemble a special investigative committee. He also requested that the court make a summary judgment on his claims and issue an order that would allow him to file a lawsuit against both the Veterans Court and the VA."
"The District Court held a suppression hearing and heard testimony from one witness for the Government — Officer Hough — and five witnesses for the defense — Ismail, Delaine, Siddiqah, Tazke-yah, and Richard Thomas, III, a friend of Mallory’s.","During the suppression hearing at the District Court, evidence was presented and testimony was given by various individuals. The Government called Officer Hough as its witness, while the defense called five witnesses: Ismail, Delaine, Siddiqah, Tazke-yah, and Richard Thomas, III, who happened to be a friend of Mallory’s."
"Although it is generally the case that “when an expert relies on the opinion of another, such reliance goes to the weight, not to the admissibility of the expert’s opinion,” Ferrara & DiMercurio v. St. Paul Mercury Ins.","Typically, when an expert bases their opinion on the opinion of another expert, the credibility and weight of that opinion are considered, rather than its admissibility. This principle was established in the case Ferrara & DiMercurio v. St. Paul Mercury Ins."
"“Under Twombly’s construction of Rule 8 [a plaintiffs] complaint [must] ‘nudge[ ] [any] claims’ ... ‘across the line from conceivable to plausible.’ Ibid.” Iqbal, 556 U.S. at 680, 129 S.Ct.","According to the interpretation of Rule 8 by the Twombly case, a plaintiff's complaint should go beyond mere conceivability and instead ""nudge"" their claims towards plausibility. This standard was further affirmed in the Iqbal case, where it was emphasized that a complaint must meet this requirement."
"To do this, “a plaintiff may show that the employer’s explanation is “unworthy of - credence ... because it has no basis in fact.” Torgerson v. City of Rochester, 643 F.3d 1031, 1047 (8th Cir.","In order to demonstrate this, a plaintiff can provide evidence that the employer's explanation is lacking credibility because it lacks any factual basis. This principle was established in the case Torgerson v. City of Rochester, where it was determined that such evidence can be used to challenge the employer's explanation."
"He testified that he did not understand courtroom procedures, or phrases such as “constitutional right,” “consult with attorney,” “inference,” or “degree” — all terms that were used by the trial judge in colloquies with Newman.","During his testimony, he stated that he had difficulty comprehending courtroom procedures and understanding certain legal terms, such as ""constitutional right,"" ""consult with attorney,"" ""inference,"" or ""degree."" These terms were used by the trial judge in conversations with Newman."
"The legal sufficiency of each.claim asserted against the defendant, a foreign embassy, which is presumptively immune from suit under the' doctrine of foreign sovereign immunity,'see Foreign Sovereign Immunities Act (“FSIA""), 28 U.S.C.","The legal validity of each claim made against the defendant, a foreign embassy, is being assessed. It is important to note that foreign embassies are generally protected from lawsuits based on the doctrine of foreign sovereign immunity, as outlined in the Foreign Sovereign Immunities Act (FSIA), found in Title 28 of the United States Code."
"One statement was that alcohol dependence can “develop[] to a point where it is irreversible without professional help” and “[a]t such time, the person by himself, may lack the capacity to avoid the continued use of alcohol.” Amicus App.","According to a statement presented in the amicus brief, alcohol dependence can progress to a stage where it becomes irreversible without professional assistance. At this point, the individual may lack the ability to independently refrain from further alcohol use. This suggests the importance of seeking professional help in such circumstances."
"Similarly, in American Power & Light, the Court upheld a delegation to the SEC to take such actions as necessary to prevent companies from “unfairly or inequitably distributing] voting power among security holders.” 329 U.S. at 104-05, 67 S.Ct.","Likewise, in the case American Power & Light, the Court affirmed a delegation of authority to the Securities and Exchange Commission (SEC). This delegation empowered the SEC to undertake necessary measures to prevent companies from distributing voting power among security holders in an unfair or inequitable manner. The court's decision can be found in the citation 329 U.S. at 104-105, 67 S.Ct."
"The Board did not err in finding that “[t]he elapsed time between VA’s receipt of notice in January 2009 and its response in September 2009 does not change the fact the [v]eteran had knowledge, nor does it mitigate his responsibility.” R. at 9.","The Board's decision was deemed appropriate in determining that the time that elapsed between the VA receiving notice in January 2009 and responding in September 2009 did not alter the fact that the veteran had knowledge of the situation. Furthermore, the Board concluded that this time delay did not lessen the veteran's responsibility in the matter. This information can be found in the record, specifically on page 9."
"The Goldmans contend that HALO has no viable fraud claim because it “undeniabl[y]” had “full knowledge of the loss of the Track Group.” Under Missouri law, a plaintiff must justifiably rely on a false statement to assert a claim of fraud.","The Goldmans argue that HALO lacks a valid fraud claim because it is undeniable that HALO had full knowledge of the loss of the Track Group. According to Missouri law, for a fraud claim to be valid, a plaintiff must reasonably rely on a false statement."
"Plaintiff testified that on nearly a monthly basis between January 2009 and December 2009, she was treated at the clinic because she could not breathe, and for “body ache; heart beating fast; I feel like I’m dying; kept coughing and spitting.","Claimant said that on a nearly monthly basis between January 2009 and December 2009, she was treated at the clinic. The reason was that she could not breathe, and she had a body ache. Also her heart was beating fast, and she felt like she was dying, kept couging and spitting."
"Whether a claim is subject to the Tucker Act depends on whether, “in whole or in part, it explicitly or ‘in essence’ seeks more than $10,000 in monetary relief from the federal government.” Kidwell v. Dep’t of Army, Bd.","Whether a claim is subject to the Tucker Act depends on whether, “in whole or in part, it clearly or ‘in majority’ seeks more than $10,000 in monetary relief from the federal government.” Kidwell v. Dep’t of Army."
"In their briefing, the parties refer to this Notice of Lapse as the May 23 Notice, but the Court will refer to it as the May 24 Notice because the Policy’s 61-day grace period began on the 24th when the notice was sent.","The parties in their briefing called the Notice of Lapse the ""May 23 Notice."" However, the Court will refer to it as the ""May 24 Notice"" because the Policy's grace period of 61 days began on May 24, which is when the notice was actually sent."
"By letter dated June 5, 2007, Holzrichter responded to a question posed by a representative of WisDOT: “Isn’t joining the Union your choice?” He answered stating that he could not join a union because of economic, moral and ethical considerations.","By letter dated June 5, 2007, Holzrichter replied to a question posed by a person of WisDOT: “Isn’t joining the Union your choice?” He answered saying that he could not join a union because of economic, moral and ethical concerns."
"As a result of this holding, we need not address whether section 5121 of title 38 could be inapplicable to FVECF claims for the additional reason that section 5121 may be preempted by ARRA section 1002(c), which governs the scope of FVECF survivor claims.","As a result of this issue, we need not address whether section 5121 of title 38 could be applied to FVECF claims. An additional reason is that section 5121 may be preempted by ARRA section 1002(c). This governs the scope of FVECF survivor claims."
"Mr. Lewis has alleged improprieties, related to tuition and fees, and he has alleged'that Full Sail charged him for courses that he did not take, but he has not provided any specifics concerning misrepresentations made by Full Sail or any other defendant.",Mr. Levis has accused indecencies about the tuition and fees. He alleged that Full Sail charged him for courses that he did not take. He has not provided any specifics about misrepresentations made by Full Sail or any other defendant.
"Although Wesolowski complains that he first requested dental treatment on October 1, 2001, and that he was not examined by a dentist until April 11, 2002, he fails to allege any factual basis whereby that delay can be attributed to one or more of the defendants.","Wesolowski complains that he first requested dental treatment on October 1, 2001, and that he was not examined by a dentist until April 11, 2002. He fails to allege any factual basis such that delay can be attributed to one or more of the defendants."
"Dr. Wood was also unable to devise a permanent accommodation that would have allowed Crider to fulfill her responsibilities with respect to site visits, conferences and other weekend events without at least some work or travel on Friday nights and Saturdays.","Dr. Wood also couldn't devise a permanent accomodation that would have allowed Crider to fulfill her duties with respect to site visits, conferences and other weekend events without at least some work or travel on Friday nights and Saturdays"
The invention attempts to: (1) prevent bubble fluid or (2) air from flowing back through the tube; (3) hold sufficient bubble fluid so as not to limit the quality of the bubbles; and (4) prevent bubble fluid from dripping down the outside of the tube onto the user.,The invention aims to: (1) prevent bubble fluid or (2) air from flowing back through the tube; (3) hold sufficient bubble fluid so as not to limit the quality of the bubbles; and (4) prevent bubble fluid from dripping down the outside of the tube onto the user.
"As a result, the RO assigned Mr. Delisle a 100 percent disability rating for the period from April 7, 2010 to May 31, 2011, and assigned a 60 percent rating, along with a total disability rating based on individual employability for the period following May 31, 2011.","As a result, the RO assigned Mr. Delisle a 100 percent disability rating for the period from April 7, 2010 to May 31, 2011, and assigned a 60 percent rating, along with a total disability rating based on individual usage for the period following May 31, 2011."
"For ease of reference, these other creditors shall be referred to collectively as the “Lender Group.” As their agent, Mittman engaged in extensive litigation with the Judgment Creditors over the right to receive approximately $841,000.00 due to the Debtor from Vonage.","For ease of reference, these other creditors shall be referred to together as the “Lender Group.” As their agent, Mittman engaged in extensive case with the Judgment Creditors over the right to receive around $841,000.00 due to the Debtor from Vonage."
"Although the Board noted that DC 5280 was potentially applicable in light of Mr. Copeland’s diagnosis of hallux valgus, it determined that his hallux valgus was only “slight to moderate without surgical resection,” and so a separate disability rating was not warranted.","The Board noted that DC 5280 was potentially applicable in light of Mr. Copeland’s diagnosis of hallux valgus. The Board determined that his hallux valgus was only “slight to moderate without surgical resection,” and a separate disability rating was not requested."
"The cases Regions offers in support of its argument do not examine this alleged requirement in any detail, but merely make a passing reference to being “charged for the call.” See Osorio v. State Farm Bank, F.S.B., 859 F.Supp.2d 1326, 1329 (S.D.Fla.2012); Knutson v.","The cases Regions offers in support of its argument do not examine this told requirement in any detail. They only make a passing reference to being “charged for the call.” See Osorio v. State Farm Bank, F.S.B., 859 F.Supp.2d 1326, 1329 (S.D.Fla.2012); Knutson v."
"If not, analysis proceeds to step four, and the ALJ determines the claimant’s residual functional capacity (“RFC”), which is the ability to perform physical or metal work activities on a sustained basis, notwithstanding limitations for the collective impairments.","If not, analysis proceeds to step four, and the ALJ determines the claimant’s residual functional capacity (“RFC”). RFC is the ability to perform physical or metal work activities on a continued basis, despite limitations for the collective impairments."
"Similarly, given the existence of similar designs in the market and Huitink’s use of established engineering standards, the fact that Huitink admits that he created his proposed alternative design solely for the purposes of this litigation (Huitink Dep.",Similar designs in the market and Huitink’s use of established engineering standards has existed. Huitink admits that he created his proposed alternative design solely for the purposes of this litigation.
"After reviewing the relevant Ohio and federal statutes, he found that “abuse” is defined as “the willful infliction of injury, unreasonable confinement, intimidation or punishment with resulting physical harm, pain or mental anguish.”","After reviewing the relevant Ohio and federal statutes, he found that “abuse” is defined as “the willful application of injury, unreasonable capture, fear or punishment with resulting physical harm, pain or mental pain.”"
"In the exhibit, Plaintiffs provide factual allegations that MacIntyre was not paid for a total .of 76 hours of overtime between 2012 and 2014, and Sullivan was not paid overtime-for a total of 48 hours in 2013 and 2014.","In the example, claimants provide factual allegations that MacIntyre was not paid for a total of 76 hours of overtime between 2012 and 2014. Also, Sullivan was not paid overtime-for a total of 48 hours in 2013 and 2014."
"The Government argues that Mr. Haddad does not have standing to sue for the ’844 patent, because Mr. Haddad transferred all substantial rights in the ’844 patent to sole exclusive licensee Astornet, Gov’t Mot.","The Government says that Mr. Haddad does not have reason to sue for the ’844 patent. Mr. Haddad transferred all important rights in the ’844 patent to only vital person Astornet, Gov’t Mot."
"The First Circuit has held that “retaliation claims are preserved so long as the retaliation is reasonably related to and grows out of the discrimination complained of to the agency.” Clockedile v. N.H. Dep’t of Corr., 245 F.3d 1, 6 (1st Cir.2001).","The First Circuit has held that “repay claims are kept so long as the payback is reasonably related to and grows out of the separation said by the agency.” Clockedile v. N.H. Dep’t of Corr., 245 F.3d 1, 6 (1st Cir.2001)."
"In order to survive a motion to dismiss pursuant to Rule 12(b)(6) of the Federal Rules of Civil Procedure, a plaintiff must plead sufficient factual allegations “to state a claim to relief that is plausible on its face.” Twombly, 550 U.S. at 570, 127 S.Ct.","In order to survive a motion to reject regarding to Rule 12(b)(6) of the Federal Rules of Civil Procedure, a defendant must plead enough factual reasons “to state a claim to explain that is possible on its face.” Twombly, 550 U.S. at 570, 127 S.Ct."
"Generally, more weight is give[n] to the opinions of treating sources, even “controlling weight,” if they are well supported by medically acceptable clinical and laboratory diagnostic techniques and not inconsistent with other substantial evidence (20 CFR 416.927(d)2).","Usually,more weights given to the opinions of treating sources, even ""controlling weight,"" if they are well supported by medically acceptable clinical and laboratory diagnostic techniques and not conflicting with other real evidence (20 CFR 416.927(d)2)."
"Trooper Rivera, working under the name “Jose,” then told Haskell that he could compensate for the botched drug deal by burning down a house in Springfield and an abandoned property in Holyoke, Massachusetts, as part of a fictional insurance scam “Jose” was purportedly arranging.","Trooper Rivera, working under the name “Jose,” then told Haskell that he could make up for the botched drug deal by burning down a house in Springfield and an abandoned property in Holyoke, Massachusetts, as part of a fictional safeguard scam “Jose” was probably arranging."
"If an exceptional disability picture is found, the RO or Board must determine whether related factors exist such “as marked interference with employment or frequent periods of hospitalization as to render impractical the application of the regular schedular standards.” 38 C.F.R.","If an exceptional disability picture is found, the RO or Board must determine whether related factors exist such “as marked interference with employment or frequent periods of hospitalization as to provide unsuitable the application of the regular schedular standards.” 38 C.F.R."
"Back in open court, the judge put on the record what he had ruled (he would • allow evidence that Lawson failed to report income but not evidence that Lawson failed to file tax returns), but not why he reached these conclusions or how he thought a jury could make proper use of the tax evidence.","Back in open court, the judge put on the record what he had ruled (he would • allow evidence that Lawson failed to report earning but not evidence that Lawson failed to file tax returns), but not why he reached these conclusions or how he thought a jury could make proper use of the tax evidence."
"As I explained at summary judgment, to determine whether a defendant has met its burden of proving the routine maintenance exemption, courts examine the projects, taking into account the 1) nature and extent, 2) purpose, 3) frequency, and 4) cost of the activity to arrive at a common-sense finding.","As I explained at summary judgment, to determine whether a accused has met its burden of proving the routine maintenance exception, courts examine the projects, taking into account the 1) nature and extent, 2) purpose, 3) frequency, and 4) cost of the activity to arrive at a common-sense finding."
"To prevail on such a claim, the plaintiff must establish that: (1) he is a member of a protected class; (2) was subjected to unwelcome sexual harassment; (3) the harassment was based on sex; (4) the harassment created a hostile work environment; and that (5) the employer is vicariously liable.","To win on such a claim, the complainant must establish that: (1) he is a member of a protected class; (2) was subjected to unwelcome sexual harassment; (3) the harassment was based on sex; (4) the harassment created a hostile work environment; and that (5) the employer is indirectly responsable."
"While several circuits have held that merely placing child pornography in a shared folder on a file sharing network warrants application of a distribution enhancement, no circuit has relied on the Sentencing Guidelines definition of “distribution” to interpret the meaning of the term in § 2252(a)(2).","While several circuits have held that merely placing child pornography in a shared folder on a file sharing network warrants application of a distribution enhancement, no circuit has relied on the Sentencing Guidelines definition of “distribution” to explain the meaning of the term in § 2252(a)(2)."
"Therefore, “if a restriction or condition is not reasonably related to a legitimate goal — if it is arbitrary or purposeless a court permissibly may infer that the purpose of the governmental action is punishment that may not constitutionally be inflicted upon detainees qua detainees.”","Therefore, “if a restriction or condition is not reasonably related to a legal goal — if it is arbitrary or purposeless a court justly may infer that the purpose of the governmental action is punishment that may not inseparably be inflicted upon prisoners.”"
"Lastly, he alleges that on August 20, 2014, he learned the “forms never reach[ed] [the New] Orleans[] [RO]” and “the counselor [] was upset that [he] continue® to call asking about these form[s] and want[ed] to know who [] [he] had been talking to,” and refused to filed a notice of appeal.","Lastly, he claim that on August 20, 2014, he learned the “forms never reach[ed] [the New] Orleans[] [RO]” and “the counselor [] was upset that [he] continue® to call asking about these form[s] and want[ed] to know who [] [he] had been talking to,” and refused to filed a notice of reconsideration."
"A jury is not required to accept an expert’s opinion, and defendants’ experts present different opinions, but a jury could reasonably find, on the basis of plaintiffs’ experts’ opinions, that it is more likely than not that one of defendants’ PIFs was contaminated and caused E.B.’s illness,","A jury is not required to accept an expert’s opinion, and accused’ experts present different opinions, but a jury could reasonably find, on the basis of complainant’ experts’ opinions, that it is more likely than not that one of defendants’ PIFs was contaminated and caused E.B.’s illness,"
"Approximately one week later, the FTC and Defendant filed a Consent Judgment and Order in which Defendant agreed to, among other things, not assess or collect “any Fee for a Default-Related Service unless it is a reasonable Fee charged ... for a Default-Related Service that is actually performed.” (Doc.","Approximately one week later, the FTC and Defendant filed a Consent Judgment and Order in which Defendant agreed to, among other things, not assess or collect “any Fee for a Default-Related Service unless it is a reasonable Fee charged ... for a Default-Related Service that is actually performed.” (Doc."
"The date of admission to a non-VA hospital where a veteran was maintained at VA expense will be accepted as the date of receipt of a claim, if VA maintenance was previously authorized; but if VA maintenance was authorized subsequent to admission, the date VA received notice of admission will be accepted.","The date of admission to a non-VA hospital where a veteran was maintained at VA expense will be accepted as the date of receipt of a claim, if VA maintenance was previously authorized; but if VA maintenance was authorized subsequent to admission, the date VA received notice of admission will be accepted."
Ms. Haynes later submitted a request to the Regional Office to reopen her claim on the presentation of new documentation showing a decision by the Army Board of Correction of Military Records (“ABCMR”) to award Ms. Haynes an annuity as a “former spouse” under the Uniformed Services Former Spouse Protection Act (“USFSPA”).,Ms. Haynes later submitted a request to the Regional Office to reopen her claim on the presentation of new documentation showing a decision by the Army Board of Correction of Military Records (“ABCMR”) to award Ms. Haynes an set-aside as a “former partner” under the Uniformed Services Former Spouse Protection Act (“USFSPA”).
"Five months after Mayor Graf was elected, he published a “From Your Mayor” opinion piece in the Farmingdale Observer, which stated, in part: “We have defined an area of the Village for possible redevelopment and have ... put this plan on the ‘front burner.’ Much of the property [near] Secatogue Avenue ... is within the ‘blighted’ area.” (Ex.","Five months after Mayor Graf was elected, he published a “From Your Mayor” opinion piece in the Farmingdale Observer, which stated, in part: “We have defined an area of the Village for possible redevelopment and have ... put this plan on the ‘front burner.’ Much of the property [near] Secatogue Avenue ... is within the ‘blighted’ area.”"
"The district court had federal question jurisdiction over the § 1983 claim and supplemental jurisdiction over the state-law gross negligence claim, and ""a federal court exercising supplemental jurisdiction over state law claims is bound to apply the law of the forum state to the same extent as if it were exercising its diversity jurisdiction.” Bass v. First Pac.","The district court had federal question jurisdiction over the § 1983 claim and supplemental authority over the state-law gross negligence claim, and ""a federal court exercising supplemental authority over state law claims is bound to apply the law of the forum state to the same extent as if it were exercising its diversity authority.” Bass v. First Pac"
"Those guidelines, the 2005 Flow Plan explicitly provides, are set forth in “SunTrust Mortgage guidelines that are currently being used and have been mutually agreed upon.” The partial integration doctrine obtains in situations where, wholly unlike this one, the written instrument is silent on a material issue and consequently fails to impart a “complete legal obligation.” Cf.","Those guidelines, the 2005 Flow Plan explicitly provides, are set forth in “SunTrust Mortgage guidelines that are currently being used and have been both sided agreed upon.” The partial integration belief obtains in situations where, wholly unlike this one, the written instrument is silent on a material issue and consequently fails to impart a “complete legal duty.”"
"On appeal to this Court, the appellant argued that she satisfied the criteria for non-service-connected burial benefits because (1) the phrase “in receipt of compensation” in section 2302(a)(1) should be interpreted to include those veterans who were entitled to receive compensation at death, and (2) Mr. Wingard was entitled to receive compensation at the time of his death because 38 U.S.C.","On appeal to this Court, the candidate argued that she satisfied the criteria for non-service-connected burial benefits because (1) the phrase “in receipt of repayment” in section 2302(a)(1) should be interpreted to include those veterans who were entitled to receive repayment at death, and (2) Mr. Wingard was entitled to receive repayment at the time of his death because 38 U.S.C."
"In order to establish a prima facie case for discrimination under § 1981, the plaintiff must show that (1) it is a member of a protected class; (2) it sought to enter into a contractual relationship with the defendant; (3) it met the defendant’s ordinary requirements to enter into a contract with it; (4) it was denied the opportunity to enter into a contract with the defendant that was otherwise afforded to companies owned by whites.","In order to establish a self-evident case for discrimination under § 1981, the complainant must show that (1) it is a member of a protected class; (2) it sought to enter into a contractual relationship with the accused; (3) it met the accused’s ordinary requirements to enter into a contract with it; (4) it was denied the opportunity to enter into a contract with the accused that was otherwise afforded to companies owned by whites."
"Courts may issue a writ of mandamus only if three conditions are satisfied: 1) the petitioner must demonstrate that he lacks adequate alternative means to attain the desired relief, thus ensuring that the writ is not used as a substitute for the appeals process, 2) the petitioner must demonstrate a clear and indisputable right to the writ, and 3) the court must be convinced, given the circumstances, that the issuance of a writ is warranted.","Courts may issue a writ of law only if three conditions are satisfied: 1) the candidate must demonstrate that he lacks adequate alternative means to attain the desired relief, thus ensuring that the writ is not used as a substitute for the appeals process, 2) the candidate must demonstrate a clear and indisputable right to the writ, and 3) the court must be convinced, given the circumstances, that the issuance of a writ is warranted."
"In determining when an action is commenced by the Secretary of Labor under this subsection for the purposes of the statutes of limitations provided in section 255(a) of this title, it shall be considered to be commenced in the case of any individual claimant on the date when the complaint is filed if he is specifically named as a party plaintiff in the complaint, or if his name did not so appear, on the subsequent date on which his name is added as a party plaintiff in such action.","In determining when an action is commenced by the Secretary of Labor under this subsection for the purposes of the statutes of limitations provided in section 255(a) of this title, it shall be considered to be commenced in the case of any individual applicant on the date when the complaint is filed if he is specifically named as a party candidate in the complaint, or if his name did not so appear, on the subsequent date on which his name is added as a party candidate in such action."
"While a federal court may exercise supplemental jurisdiction over state law claims “that are so related to claims in the action within [the Court’s] original jurisdiction that they form a part of the same case or controversy under Article III of the United States Constitution,” a court may decline to exercise such jurisdiction where it “has dismissed all claims over which it has original jurisdiction.” Indeed, unless “consideration of judicial economy, convenience and fairness to litigants” weigh in favor of the exercise of supplemental jurisdiction, “a federal court should hesitate to exercise jurisdiction over state claims.” Because Plaintiffs complaint fails to state a viable federal claim, and because this case is at the beginning stages of litigation, the Court declines to exercise supplemental jurisdiction over Plaintiffs state law claims at this time.","While a federal court may exercise authority to hear additional claims over state law claims “that are so related to claims in the action within [the Court’s] original jurisdiction that they form a part of the same case or controversy under Article III of the United States Constitution,” a court may decline to hear the claim where it “has rejected all claims over which it has original jurisdiction.” Indeed, unless “consideration of judicial economy, convenience and fairness to parties” weigh in favor of the exercise of the Court exercising authority to hear additional claims, “a federal court should hesitate to exercise jurisdiction over state claims.” Because Claimants argument fails to state an applicable federal claim, and because this case is at the beginning stages of the case, the Court declines to exercise authority to hear additional claims over Claimants state law claims at this time."
"While there is no evidence in the Thurman opinion that the plaintiff expressly challengfed the application of the limitations provision on the basis of the change in corporate entity, this Court finds the Sixth Circuit’s application of the Chrysler Corporation provision instructive; in the absence of evidence or legal authority to the contrary, the agreement with Pinnacle precludes a finding of a legitimate expectation of just cause employment.","While there is no evidence in the Thurman opinion that the claimant expressly oppose to the application of the limitations provision on the basis of the change in corporate organization, this Court finds the Sixth Circuit’s application of the Chrysler Corporation provision instructive; in the absence of evidence or legal authority to the contrary, the agreement with Pinnacle prevent a decision of a legitimate expectation of fair cause employment."
"In this matter, Dr. Pence offers four opinions: (1) BSC did not conduct adequate testing of the Pinnacle product prior to placing them on the market; (2) the Pinnacle product was inadequately labeled; (3) patients could not adequately consent to the surgical implantation of the Pinnacle due to the misbranding of these products; and (4) BSC failed to meet the post-market vigilance standard of care for their products, leading to further mis-branding.","In this matter, Dr. Pence offers four opinions: (1) BSC did not conduct sufficient testing of the Pinnacle product before releasing the product; (2) the Pinnacle product was insufficiently labeled; (3) patients could not sufficiently agree to the surgical implantation of the Pinnacle due to the misbranding of these products; and (4) BSC failed to fulfill the post-release cautionary standard of care for their products, leading to further mis-branding."
"However, even if the Plaintiff does so and makes out a prima facie retaliation claim because “there is evidence that the adverse employment action was motivated in part by protected speech, the government can avoid liability if it can show that it would have taken the same adverse action in the absence of the protected speech.” Heil v. Santoro, 147 F.3d 103, 109 (2d Cir.1998).","However, even if the Claimant does so and makes out a evidently a counter claim for reprisal because “there is evidence that the change in the terms and conditions of a job that puts the Claimant in a worse position was motivated in part by protected speech, the government can avoid responsibility if it can show that it would have done the same change in the terms and conditions in the absence of the protected speech.” Heil v. Santoro, 147 F.3d 103, 109 (2d Cir.1998)."
"Moreover, any such inference is belied by Commerce’s reference to its final determination in Galvanized Steel and Wire From the People's Republic of China, which describes Commerce's offsetting practice for the AD cash deposit rate as premised only on the concept that domestic subsi dies had a symmetrical effect upon export and domestic prices.","Moreover, any such conclusion is contradicted by Commerce’s reference to its final determination in Galvanized Steel and Wire From the People's Republic of China, which describes Commerce's balancing practice for the AD cash deposit rate as introduced only on the concept that domestic subsi dies had a similar effect upon export and domestic prices."
"Ms. Swanson also argues that the Veterans Court failed to decide an issue correctly, but she does not support this allegation with anything more than the phrase “controversies to which the United States shall be a part” followed by citations to two Supreme Court cases addressing the scope of the judicial power under Article III.","Ms. Swanson also argues that the Veterans Court failed to decide an issue correctly, but she does not support this claim with anything more than the phrase “controversies to which the United States shall be a part” followed by citations to two Supreme Court cases addressing the extent of the courts’ power under Article III."
"However, other Ninth Circuit cases shed some light on exactly when detention becomes “prolonged.” First, in Nadarajah v. Gonzales, the Ninth Circuit reviewed Supreme Court cases and found that the Court had “used the six-month period as the touchstone of reasonableness.” 443 F.3d 1069, 1080 (9th Cir.2006).","However, other Ninth Circuit cases explain exactly when detention becomes “lengthened”. First, in Nadarajah v. Gonzales, the Ninth Circuit reviewed Supreme Court cases and found that the Court had “used the six-month period as the standard of reasonableness.” 443 F.3d 1069, 1080 (9th Cir.2006)."
"Based on the totality of the circumstances—the anonymous caller claiming to have eye-witness knowledge, the contemporaneous reporting of the activity, and the specificity of the description of the person holding the firearm, which the PRPD matched to Rivas-Castro—the call was reliable.","Based on the totality of the circumstances—the unidentified caller claiming to have eye-witness knowledge, the simultaneous reporting of the activity, and the detailed nature of the description of the person holding the firearm, which the PRPD matched to Rivas-Castro—the call was reliable."
"Citadel further alleges that it has been damaged by “breach of the parties’ agreement because it has lost the benefit of the bargain it would have otherwise enjoyed if it had been able to complete the project and lease it to [WRMC], as called for in the parties’ agreement.”","Citadel further claims that it has been damaged by “breach of the parties’ agreement”. It is because Citadel has lost the benefit of the bargain it would have enjoyed if it had been able to complete the project and lease it to [WRMC], as stated in the subsequent agreement."
"Plaintiffs also admit that “the Complaint and the exhibits ... allege a pattern of racketeering extending to just under one year,” but they argue- that “the ‘two year’ requirement in order to establish closed-ended continuity is not a bright-line rule.” (Pis.’ Opp’n Br.","Claimants also admit that “the Complaint and the exhibits ... claim of a pattern of blackmail extending to just under one year,” but they argue- that “the ‘two year’ requirement in order to establish closed-ended continuity is not a clearly defined rule.”"
"In her summary judgment briefs, Otico presented a surprise argument (a surprise to Hawaiian and to the Court, anyway) that Hawaiian failed to pay her for ten minutes of time she worked on each of eight separate days after she’d completed the training program.","In her summary judgment briefs, Otico presented a surprise argument (a surprise to Hawaiian and to the Court, anyway) that Hawaiian failed to pay her for ten minutes of time she worked on each of eight separate days after she’d completed the training program."
"Although the title refers to wartime, section 1157 extends the compensation rates in sub-chapter II ""to those veterans who served during a period of war and during any other time, who have suffered a disability in the line of duty in each period of service.”","Although the title suggests wartime, section 1157 covers the repayment rates in sub-chapter II ""to those veterans who served during a period of war and during any other time, who have suffered a disability during duty in each period of service.”"
Tutin also wrote that Santangelo struggled to adapt even though he was expected to recognize problems and react more quickly moving forward and that Tu-tin expected Santangelo to transform Alsip into a more robust and flexible group capable of addressing industry challenges.,Tutin also wrote that Santangelo tried hard to get familiarize even though he was expected to recognize problems and react more quickly moving forward and that Tu-tin expected Santangelo to transform Alsip into a more powerful and flexible group capable of tackling industry challenges.
"Without an admission from GEICO, medical testimony from an expert or her treating physician, or circumstances of the type that lay jurors could extrapolate from the evidence a causal connection between accident and injury, Blair is unable to make that showing as a matter of law.","Without an admission from GEICO, medical statement from an expert or her treating physician, or conditions of the type that lay members of the jury could assume from the evidence a causal connection between accident and harm, Blair is unable to make that showing as a matter of law."
"The Board also found that the medical evidence of record, especially the 2011 examiner’s report, showed that other post-service injuries and normal wear and tear of age and his employment as a truck driver, not any basic training injury, most likely caused Vann’s lower back pain.","The Board also found that the medical evidence of record, especially the 2011 examiner’s report, showed that other post-service harms and normal wear and tear of age and his employment as a truck driver, not any basic training harm, most likely caused Vann’s lower back pain."
"Finally, contrary to Defendant Hernandez’s assertions, the Report concluded that, based upon the “supporting documentation, it appears that [EPFCU] sustained a loss of at least $19 million resulting from the actions of their former employee ... Hernandez.” Report 4 (emphasis added).","Finally, contrary to Respondent Hernandez’s claims, the Report established that, based upon the “supporting documentation, it appears that [EPFCU] continued a loss of at least $19 million resulting from the actions of their former employee ... Hernandez.” Report 4 (emphasis added)."
"The Second Amended Complaint makes clear that the relator is alleging that Boston Heart’s claims were “legally false” because, according to the relator, Boston Heart certified that the tests it performed were medically necessary even though they were not medically necessary for certain populations.","The Second “Changed” Complaint makes clear that the private party helping the government is claiming that Boston Heart’s claims were “legally false” because, according to the private party helping the government, Boston Heart certified that the tests it performed were medically necessary even though they were not medically necessary for certain populations."
"Relying on these cases and a textual analysis of the provisions at issue, Husic argues that § 212(h) has been made unavailable only to an alien who was admitted as an LPR, rather than one who, like Husic, adjusted to LPR status once already in the United States after lawful entry as a visitor.","Relying on these cases and a word-based analysis of the provisions at issue, Husic argues that § 212(h) has been made unavailable only to a foreign who was admitted as an LPR (Lawful permanent residents), rather than one who, like Husic, got familiar to LPR status once already in the United States after lawful entry as a visitor."
"Similarly, the fact that the regulation authorizes a single extra-schedular evaluation— “an extra-schedular evaluation” — arising from the “disability or disabilities” indicates that referral for extra-schedular evaluation may be based on the collective impact of the veteran’s disabilities.","Similarly, the fact that the regulation authorizes a single extra-schedular evaluation— “an extra-schedular evaluation” — arising from the “disability or disabilities” shows that officially sending someone for extra-schedular evaluation may be based on the collective impact of the veteran’s disabilities."
"Considering the policy and purpose behind Rule 13(a), the court permitted the claim to go forward because it found no sign of the “circuity of action that Rule 13(a) was aimed at preventing,” since the plaintiffs bringing of multiple actions was required by statute.","Considering the policy and purpose behind Rule 13(a), the court allowed the claim to go forward because it found no sign of the “a procedure that allows for repeated lawsuits that Rule 13(a) was aimed at preventing,” since the claimants bringing of multiple actions was required by statute."
"Second, appointing an interim director does not require the appointing authority to provide the same benefits; indeed, if it did, then the on-leave employee could contend that the position was filled on a permanent basis while she was on FMLA leave.","Second, appointing a temporary manager does not require the appointing authority to provide the same benefits. If it did, then the on-leave worker could hold that the position was filled on a permanent basis while she was on FMLA leave."
"Once the movant properly configures a summary-judgment motion, the burden shifts onto the nonmovant—or “the party who bears the burden of proof at trial,” Geshke v. Crocs, Inc., 740 F.3d 74, 77 (1st Cir.","Once the claimant properly makes a summary-judgement motion, the load shifts onto the defendant - or “the party who has the requirement of proof at trial,” Geshke v. Crocs, Inc."
"Furthermore, the plaintiff concedes in her Opposition that the Act was enacted “to keep D.C. residents out of harm’s way,” and therefore creates a “general public duty.” Pl.’s Opp’n to Defs.’ Mot.","Furthermore, the defendant argues in her Opposition that the Act was done “to keep D.C. residents out of harm’s way”. Therefore it creates a “general public duty.” Pl.’s Opp’n to Defs.’ Mot."
"In addition, the Secretary states that “it is clear [that DC] 5284 is not applicable in this case,” as the plain language of that DC “foreclose[s] rating a foot condition ... that was not the result of an in-service injury.”","In addition, the Secretary states that “it is clear [that DC] 5284 is not applicable in this case"". The simple language of that DC “forbids rating a foot condition ... that was not the result of an in-service injury.”"
"Plaintiff concedes that her wrongful discharge claim “does not fit within the limitations of the WLAD, FMLA or WFLA because she did not meet the required number of hours worked in the year prior to the accrual of her claim.” ECF No.","Defendant argues that her wrongful termination claim “does not fit within the limitations of the WLAD, FMLA or WFLA because she did not meet the required number of hours worked in the year prior to the beginning of her claim.”"
"Because the State of South Dakota filed suit on its own accord in state court in this case, at a time of its own choosing, with its hand-picked defendants, no such unfair prejudice is present, and FAG Bearings can appropriately be distinguished.","The State of South Dakota filed case on its own hand in state court in this case, at a time of its own choosing, with its hand-picked defendants. Hence, no such unfair bias is present, and FAG Bearings can suitable be identified."
"The Government has called at trial two so-called “cooperating witnesses,” ie, alleged co-conspirators of the defendants who have pleaded guilty and who are “cooperating” with the Government by testifying at trial in hopes of receiving a sentence reduction.","The Government has called at trial two so-called “cooperating witnesses,” ie, said co-workers of the defendants who have pleaded guilty and who are “cooperating” with the Government by testifying at trial in hopes of receiving a sentence reduction."
"A farmout agreement is ""[a] very common form of agreement between operators, whereby a lease owner not desirous of drilling at the time agrees to assign the lease, or some portion of it (in common or in severalty) to another operator who is desirous of drilling the tract.""","A lease agreement is a very common form of agreement between parties, whereby a lease owner not wanting of drilling at the time agrees to assign the lease, or some portion of it (in common or in parts) to another operator who is wanting of drilling the act."""
"To the extent Mr. Washington argues that the Veterans Court should have decided the gunshot wound claim in his favor without requiring a remand, he raises factual .issues of sufficiency of the evidence concerning his duty status at the time he was shot, and issues of his credibility.","Mr. Washington thinks that the Veterans Court should have decided the gunshot wound claim in his favor without requiring a custody. He raises factual issues of sufficiency of the evidence regarding his duty status at the time he was shot, and issues of his credibility."
"The Fourth Circuit reasoned that Geriatric Release does pot provide juveniles with the opportunity to obtain release “based on demonstrated maturity and rehabilitation,” as required by Graham, because the Parole Board has the authority to deny release “for any reason whatsoever.”","The Fourth Circuit argued that Geriatric Release does pot provide younglings with the opportunity to obtain release “based on shown maturity and recover,” as required by Graham. The Parole Board has the authority to deny release “for any reason all.”"
"Before this court, Mr. Smith characterizes the Plan as a settlement agreement and argues that the Veterans Court failed to “enforce” the settlement agreement; Mr. Smith requests that we remand his case to the Veterans Court with instructions that it “enforce” the settlement agreement approved by this court in NOVA.","Before this court, Mr. Smith sees the Plan as a settlement agreeement and argues that the Veterans Court faiiled to enforce the settlement agreement. Mr. Smith wants that we repeat his case to the Veterans Court with instructions. Veterans Court should enforce the settlement agreement approved by this court in NOVA."
"In this case, where the plaintiff has not produced time-sheets and the defendant has failed to respond, the Court will accept Martinez’s declaration, submitted under the penalty of perjury, as to the hours she worked and wages she received, except to the extent that her declaration seeks relief beyond that sought in the complaint.","The court will accept Martinez’s declaration as evidence of the hours she worked and wages she received. This is because the plaintiff has not provided time-sheets and the defendant has not responded. However, the court will not accept any relief beyond what is sought in the complaint."
"In all, the development of the Plan entailed a process of shifting and re-shifting portions of the County from one district to another, reviewing the resdlt, and trying again.” The Commissioners deferred greatly to Brace in developing the remedial plans, and further deferred to Brace and their attorneys regarding the plans’ legality.",The development of the plan involved shifting and re-shifting portions of the county from one district to another. The commissioners relied heavily on Brace in developing the remedial plans and deferred to Brace and their attorneys regarding the plans’ legality.
"The quagmire of alternative definitions for assault on a female is further highlighted in the more recent cases arising out of the North Carolina appellate courts, which seem to recognize proof of either force or violence, particularly in cases where a battery based on force alone, even if only slight, provides the basis for the “assault” element of the crime.","The difficulty of alternative definitions for assault on a female is further highlighted in the more recent cases arising out of the North Carolina courts of appeals, which seem to recognize proof of either force or violence, particularly in cases where a battery based on force alone, even if only slight, provides the basis for the “assault” element of the crime."
"The Wisconsin Supreme Court concluded that chapter 980 did not require dismissal of Gilbert’s commitment petition because the chapter does not contain language allowing for dismissal in his circumstances, does not set a time period for execution of a commitment order, and provides that an individual may be simultaneously committed under chapter 980 and incarcerated at a DOC facility.",The Wisconsin Supreme Court said that chapter 980 did not require dismissal of Gilbert’s commitment bill because the chapter does not contain language allowing for rejection in his cases. It does not set a time period for execution of a commitment order. And it provides that an individual may be simultaneously done under chapter 980 and jailed at a DOC facility.
"Plaintiff Fraternal Order of Police Penn-Jersey Lodge 30 (“FOP”) brought this action against Defendant Delaware River Port Authority (“DRPA”) to move the Court for a mandatory injunction ordering the DRPA to submit to binding interest arbitration over the terms and conditions of employment for the patrol officers, corporals, and sergeants whom FOP represents and whom DRPA employs.","The Fraternal Order of Police Penn-Jersey Lodge 30 (“FOP”) sued the Delaware River Port Authority (“DRPA”) to order the DRPA to submit to binding interest arbitration over the terms and conditions of employment for the patrol officers, corporals, and sergeants whom FOP represents and whom DRPA employs."
"Third, because applications for second or successive petitions based on Johnson arguably must be filed before June 26, 2016 (we do not decide that question now), if the Supreme Court concludes in Welch that Johnson is retroactive, failing to hold the applications in abeyance could deprive petitioners of the benefit of Johnson’s ret-roactivity and render a determination of retroactivity meaningless, as a practical matter.","Third, if the Supreme Court concludes in Welch that Johnson is retroactive, failing to hold the applications in abeyance could deprive petitioners of the benefit of Johnson’s retroactivity and render a determination of retroactivity meaningless as a practical matter. Because applications for second or successive petitions based on Johnson arguably must be filed before June 26, 2016 (we do not decide that question now)."
"Finally, this Court has considered Peters’s reliance on United States v. Quinones, wherein the court, faced with a similar motion, granted the defendant’s request for a stay of forfeiture, reasoning that “[i]f the government were to sell the four parcels in such a [slumped] market, they [sic] would, in effect, be foregoing any potential for appreciation in value once the market recovers; this loss will ultimately be borne by [the defendant] if the forfeiture order is reversed on appeal.” No.","The court considered Peters’s reliance on United States v. Quinones, where the court granted the defendant’s request for a stay of forfeiture, reasoning that if the government were to sell the four parcels in such a slumped market, they would be foregoing any potential for appreciation in value once the market recovers; this loss will ultimately be borne by the defendant if the forfeiture order is reversed on appeal."
"On appeal, Niehaus reinterprets the accepted facts of this case and attempts to paint USB as an “ ‘eyes wide open’ participant in the fraud.” She bases her allegation that USB conspired with her on the assertions that (1) USB knew of her unlawful conduct by early 2010 when it confronted her about her fraud and asked her to resign; (2) one of USB’s owners refused her resignation and thereby allowed her to continue to embezzle funds; (3) USB advised her to withdraw D.C. and J.C.’s funds and transfer the money to another bank; arid (4) in the civil suit, USB agreed to release Nie-haus from any and all claims relating to the litigation.","On appeal, Niehaus reinterprets the accepted facts of this case and attempts to paint USB as an "" ‘eyes wide open’ participant in the fraud."" She bases her allegation that USB conspired with her on the assertions that USB knew of her unlawful conduct by early 2010 when it confronted her about her fraud and asked her to resign; one of USB’s owners refused her resignation and thereby allowed her to continue to embezzle funds; USB advised her to withdraw D.C. and J.C.'s funds and transfer the money to another bank; and in the civil suit, USB agreed to release Niehaus from any and all claims relating to the litigation."
"Witness, for example, his continued emphasis on the facts that Mr. Mitchell could have appealed the September 2003 decision, challenged its determination that new and material evidence had not been submitted, and raised the fact that VA never respond ed to the December 1973 audiogram, but failed to do so, post at 445, even though the Federal Circuit explicitly rejected almost identical objections in Beraud, see 766 F.3d at 1406 n. 1.","For example, Mr. Mitchell could have appealed the September 2003 decision, challenged its determination that new and material evidence had not been submitted, and raised the fact that VA never responded to the December 1973 audiogram, but failed to do so. The Federal Circuit explicitly rejected almost identical objections in Beraud, see 766 F.3d at 1406 n. 1."
"The court’s central purpose in granting leave to implead a third party is “to promote judicial efficiency by eliminating the necessity for the defendant to bring a separate action against a third individual who may be secondarily or derivatively liable to the defendant for all or part of the plaintiffs original claim.” Sw. Adm’rs, Inc. v. Rozay’s Transfer, 791 F.2d 769, 777 (9th Cir.1986).",The primary reason for a court granting permission to involve a third party in a lawsuit is to enhance the efficiency of the judicial process. This is achieved by eliminating the need for the defendant to file a separate lawsuit against a third individual who might share some responsibility or liability for the plaintiff's original claim.
"A reciprocal insurance exchange, “in its pure form ... is a web of contractual relationships between subscribers who agree to insure one another, consummated through a common agent with power of attorney.” The overriding question is whether USAA is properly treated as a corporation or an unincorporated association for purposes of diversity jurisdiction.","The central question is whether USAA should be considered a corporation or an unincorporated association for diversity jurisdiction purposes, as a reciprocal insurance exchange is essentially a network of contractual relationships between subscribers who agree to provide insurance to each other, facilitated by a common agent with power of attorney."
"Congress enacted the FDCPA in 1977 “to eliminate abusive debt collection practices by debt collectors, to insure that those debt collectors who refrain from using abusive debt collection practices are not competitively disadvantaged, and to promote consistent State action to protect consumers against debt collection abuses.” 15 U.S.C.","The purpose of the FDCPA, enacted by Congress in 1977, was to put an end to unfair and abusive practices by debt collectors. It aimed to ensure that debt collectors who refrain from such practices are not at a competitive disadvantage, and to encourage consistent state actions in safeguarding consumers against debt collection abuses."
"See e.g., Potts, 882 F.2d at 1324 (“A statute modifying the content of state tort law doctrines of contributory and comparative negligence seems to us to be a classic example of the type of substantive rule of law binding upon a federal court in a diversity case.”); Winningham v. Swift Trans.","For example, in the case of Potts (882 F.2d at 1324), it was argued that a statute altering the principles of contributory and comparative negligence in state tort law should be considered a substantive rule of law applicable to federal courts in diversity cases. Similarly, in Winningham v. Swift Transportation, the issue of simplification was not specified."
"“If the conduct did not violate a clearly established constitutional right, or if it was objectively reasonable for the [official] to believe that his conduct did not violate such a right, then the [official] is protected by qualified immunity.”","If an official's conduct did not violate a clearly established constitutional right or if it was objectively reasonable for the official to believe that their conduct did not violate such a right, they are protected by qualified immunity."
"Here, relying on its president’s affidavit, plaintiff alleges that “stock ownership [in Patriot Lines and Vessel Operations] was restricted to the Brophys and that the two companies existed as a ‘facade for the [Brophys’] operations.’ ” (Paper No.","Here, relying on its president’s testimony, plaintiff alleges that “stock ownership [in Patriot Lines and Vessel Operations] was restricted to the Brophys and that the two companies existed as a ‘facade for the [Brophys’] operations.’ ”"
"But the bottom line is the more protection, if you will, we can provide for the families of those who are going through what has to be just the most horrific time in their life, I think we have an obligation to do it.","But the core issue is more protection. If you want, we can provide for the families of those who are going through the most horrific time in their life. I think we have to do it."
"Instead, “[vigorous cross-examination, presentation of contrary evidence, and careful instruction on the burden of proof are the traditional and appropriate means of attacking shaky but admissible evidence.” Daubert, 509 U.S. at 595, 113 S.Ct.","Instead, the conventional and suitable methods for challenging uncertain but admissible evidence involve thorough cross-examination, presenting contradictory evidence, and providing clear instructions on the burden of proof."
"Such standards are critical because even in cases where a regulation is content- neutral on its face, “placing unbridled discretion in the hands of a government official or agency ... may result in censorship.” Lakewood, 486 U.S. at 758, 108 S.Ct.","Standards like these are crucial because, even if a regulation appears to be content-neutral on the surface, granting unchecked discretion to government officials or agencies can potentially lead to censorship."
The Agreement further states that the “arbitrators must make their decision within 60 days following the termination of the hearing” and that “[t]he majority decision of any two arbitrators” of the three-arbitrator panel “will be final and binding” on the parties.,"According to the Agreement, the arbitrators are required to reach their decision within 60 days after the hearing concludes. Additionally, the final and binding decision will be determined by the majority decision of any two arbitrators from the three-arbitrator panel."
"Here, Giwa has presented no evidence at all to counter Landes’ affidavit that sets forth her understanding of the facts on which she based her conclusion that Giwa was under-performing as a Senior Urban Planner or that he made mistakes that deserved a lower rating.","In this case, Giwa has not provided any evidence to challenge Landes' affidavit. Landes' affidavit presents her understanding of the facts upon which she formed the conclusion that Giwa was underperforming in his role as a Senior Urban Planner and had made mistakes deserving a lower rating."
"Underwriting purposes include, among other things, the decision whether or not to issue a policy, the amount and terms of coverage, and whether to renew or cancel a policy, but an insurer may not obtain a consumer report for the purposes of evaluating a claim.","Underwriting purposes encompass various considerations such as determining whether to issue a policy, setting the coverage amount and terms, and deciding whether to renew or cancel a policy. However, it's important to note that an insurer is not allowed to obtain a consumer report for the specific purpose of evaluating a claim."
That record also stated that on that date the “[c]ourt found defendant guilty as charged in the information and ordered a Judgment of Conviction to be entered on the record.... Court ordered defendant REMANDED into the custody of the Milwaukee County Sheriffs Department.”,"According to the record, on that specific date, the court found the defendant guilty as charged in the information and issued an order for a Judgment of Conviction to be entered on the record. Additionally, the court ordered the defendant to be remanded into the custody of the Milwaukee County Sheriff's Department."
"The issue here is whether an insured can round up general settlements from its subcontractors, unilaterally decide that they will be allocated to uncovered damages, and then go after the insurers that would cover the damages if the loss was properly allocated to that policy, .","The question at hand is whether an insured has the right to collect overall settlements from subcontractors, independently determine that they will be allocated to uninsured damages, and subsequently pursue the insurers responsible for covering the damages if the loss had been appropriately assigned to that policy."
"The Supreme Court briefly addressed the issue within the scope of the Fair Housing Act, summarizing that if a tester has “suffered injury in precisely the form the statute was intended to guard against,” then regardless of the motivation behind bringing the suit, an injury has occurred.","The Supreme Court provided a brief explanation regarding this matter in relation to the Fair Housing Act, stating that if a tester has experienced harm in the exact manner that the statute aims to prevent, then regardless of the motive for filing the lawsuit, an injury has taken place."
"For past performance, the solicitation informed offerors that “[t]he Government will conduct a performance confidence assessment based upon the past performance of major or critical aspects of the requirement as it relates to the probability of successfully performing the solicitation requirements.”","Regarding past performance, the solicitation notified offerors that the government would evaluate their performance history, particularly major or critical aspects of the requirement, to assess the likelihood of successfully fulfilling the solicitation requirements."
"When a federal court sits in diversity, it “has personal jurisdiction over a non-resident defendant if (1) an applicable state long-arm statute confers jurisdiction and (2) the assertion of that jurisdiction is consistent with constitutional due process.” Nichols v. G.D. Searle & Co., 991 F.2d 1195, 1199 (4th Cir.1993).","In diversity cases, a federal court can exercise personal jurisdiction over a non-resident defendant if two conditions are met. First, the court must have jurisdiction under the state's long-arm statute. Second, the exercise of jurisdiction must comply with constitutional due process. This principle was established in the case Nichols v. G.D. Searle & Co., 991 F.2d 1195, 1199 (4th Cir. 1993)."
"A decision is considered “final and ... appealable where it 1) resolves and seriously affects substantive rights and 2) finally determines the discrete issue to which it is addressed.” Dye v. Brown (In re AFI Holding, Inc.), 530 F.3d 832, 836 (9th Cir.2008) (quoting Schulman v. California (In re Lazar), 237 F.3d 967, 985 (9th Cir.2001)).","A decision is deemed ""final and appealable"" when it meets two criteria. First, it must substantially impact and affect substantive rights. Second, it must conclusively determine the specific issue it addresses. This principle was articulated in Dye v. Brown (In re AFI Holding, Inc.), 530 F.3d 832, 836 (9th Cir. 2008), citing Schulman v. California (In re Lazar), 237 F.3d 967, 985 (9th Cir. 2001)."
"Once admitted into the Minnesota Department of Corrections (“MDOC”) system, Brooks received a chemical-dependency assessment, as all new inmates are required to have under Minnesota law, and was ordered to complete treatment in order to be transferred to a lower-security prison, qualify for work release, and avoid disciplinary sanctions.","Upon entering the Minnesota Department of Corrections (""MDOC"") system, Brooks underwent a chemical-dependency assessment, as mandated by Minnesota law for all new inmates. It was determined that Brooks must complete treatment in order to be transferred to a lower-security prison, become eligible for work release, and prevent disciplinary penalties."
Such a need is established if either: (1) failure to obtain expedited processing would pose an “imminent threat to the life or physical safety of an individual”; or (2) the requester is “primarily engaged in disseminating information” and shows an “urgency to inform the public concerning actual or alleged Federal Government ■ activity.” 5 U.S.C.,"There are two conditions under which the need for expedited processing is justified. Firstly, if not obtaining expedited processing would create an immediate threat to the life or physical safety of an individual. Secondly, if the requester is primarily involved in disseminating information and can demonstrate an urgency to inform the public about actual or alleged activities of the Federal Government. This is governed by 5 U.S.C. (United States Code)."
"In order to obtain discovery regarding the issue of personal jurisdiction, at a minimum, the plaintiff must establish a colorable or prima facie showing of personal jurisdiction.","In order to obtain discovery regarding the issue of a court's power over a person, at a minimum, the plaintiff must establish a false or at first sight showing of a court's power over a person."
"Plaintiffs argue that Defendants knew, or should have known, that the risk of new-onset diabetes mellitus or hyperglycemia associated with Risperdal is significantly higher than with older, cheaper, and equally effective “typical” antipsychotic drugs.","Plaintiffs argue that Defendants knew, or should have known, that the risk of at the beginning of diabetes mellitus or hyperglycemia associated with Risperdal is significantly higher than with older, cheaper, and equally effective “typical” antipsychotic drugs."
"In addition, Palermo alleges that his manager, Brittany Williams (Williams), who is a black female, and another one of his direct supervisors, Terry Green (Green) were aware of his EEO Complaints, the 2004 Case, and the 2008 Case.","In addition, Palermo asserts that his manager, Brittany Williams (Williams), who is a black female, and another one of his direct supervisors, Terry Green (Green) were aware of his EEO Complaints, the 2004 Case, and the 2008 Case."
"Arch took no action on eight of those claims (Chart, Claims 13-20), and issued a denial letter for the ninth claim (Chart, Claim 21) on March 1, 2010 by re-asserting its position noted before and further asserting that an intervening Endorsement No.","Arch took no action on eight of those claims (Chart, Claims 13-20), and issued a letter that rejecting an employee's request for the ninth claim (Chart, Claim 21) on March 1, 2010 by re-asserting its position noted before and further asserting that an intervening Endorsement No."
"Because, apparently, no act of obeisance goes unpunished, the Federal Circuit then vacated this Court’s grant of summary judgment to Amphastar and held, in November, 2015, 'that the safe harbor provision did not apply to' its infringing activities.","Because, apparently, no act of respect goes unpunished, the Federal Circuit then discharged this Court’s grant of summary judgment to Amphastar and held, in November, 2015, 'that the safe harbor provision did not apply to' its infringing activities."
"This Court “may consider a number of factors, including whether the work performed was duplicative, if an attorney takes extra time due to inexperience, or if an attorney performs tasks normally performed by paralegals, clerical personnel, or other non-attorneys.” Ussery, 10 Vet.App.","This Court “may consider a number of factors, including whether the work performed was duplicative, if an attorney takes extra time due to inexperience, or if an attorney performs tasks normally performed by legal assistants, clerical personnel, or other non-attorneys.”"
"Obviously, and to the extent further discussion of essential character is even necessary here: the essence of pots and pans is to contain and cook, and they can serve those functions with or without lids; and while lids may complete or enhance that purpose, they are merely incidental thereto and serve no purpose otherwise without the pots/pans to which they are intended to be fitted or combined.","Obviously, and to the extent further discussion of essential character is even necessary here: the essence of pots and pans is to contain and cook, and they can serve those functions with or without lids; and while lids may complete or boost that purpose, they are only incidental there to and serve no purpose otherwise without the pots/pans to which they are intended to be fitted or combined."
"Moreover, under section 5121, a determination of whether accrued benefits should be awarded “must be determined based on evidence that was either'physically or constructively in the [deceased claimant’s] file at the time of his death.” Ralston v. West, 13 Vet.App.","Moreover, under section 5121, a determination of whether benefits that benefits that the deceased claiment has earned based on his service or other criteria, but that are payable to him at some later date should be awarded “must be determined based on evidence that was either'physically or constructively in the [deceased claimant’s] file at the time of his death.” Ralston v. West, 13 Vet.App."
"We will pay all sums an “insured” legally must pay as damages because of “bodily injury” or “property damage” to which this insurance applies, caused by an “accident” and resulting from “garage operations” involving the ownership, maintenance or use of covered “autos”.","We will pay all amount an “insured” legally must pay as damages because of “bodily injury” or “property damage” to which this insurance applies, caused by an “accident” and resulting from “garage operations” involving the ownership, maintenance or use of covered “autos”."
"Where, as here, a prisoner “challenges the very fact or duration of his physical imprisonment, and the relief he seeks is a determination that he is entitled to immediate release or a speedier release from that imprisonment, his sole federal remedy is a writ of habeas corpus.” Preiser v. Rodriguez, 411 U.S. 475, 500, 93 S.Ct.","Where, as here, a prisoner “challenges the very fact or duration of his physical imprisonment, and the release he seeks is a determination that he is entitled to immediate release or a speedier release from that imprisonment, his sole federal remedy is a ordinance used to bring a prisoner or other detainee before the court to determine if the person's imprisonment or detention is lawful.” Preiser v. Rodriguez, 411 U.S. 475, 500, 93 S.Ct."
"At oral argument, ST argued that it is clear that no renewal premium is due under ST’s premium plan because the document setting forth the premium plan, the 2005 Flow Plan, nowhere mentions renewal premiums being due after the MCL is reached.","At oral argument, ST argued that it is clear that no subsequent premium that is paid by the insured to the insurer in order to keep the policy in operation and avail the benefits of the policy accordingly is due under ST’s premium plan because the document setting forth the premium plan, the 2005 Flow Plan, nowhere mentions these premiums being due after the MCL is reached."
"Therefore, the government presented sufficient evidence for a jury to conclude that defendant pledged “all furniture, equipment, and fixtures” in each of the four properties listed, including the Restaurant, and that he falsely represented that no one else held any interest in the collateral.","Therefore, the government presented sufficient evidence for a jury to conclude that defendant gave as security “all furniture, equipment, and fixtures” in each of the four properties listed, including the Restaurant, and that he falsely represented that no one else held any interest in the collateral."
"If the plaintiff succeeds in doing so, the burden of production shifts to the defendant ""to articulate some legitimate, nondiscriminatory reason for the employee’s rejection.” McDonnell Douglas, 411 U.S. at 802, 93 S.Ct.","If the plaintiff succeeds in doing so, the party's obligation to come forward with sufficient evidence to support a particular proposition of fact shifts to the defendant ""to articulate some legitimate, nondiscriminatory reason for the employee’s rejection.” McDonnell Douglas, 411 U.S. at 802, 93 S.Ct."
"However, because the Court had previously overruled those additional arguments during the September 7 hearing, and because the Court specifically narrowed Defendant's supplemental argument to the issue of § 6308, and because Defendant’s reply raises new issues insofar as neither its supplemental filing nor Plaintiff's response raised those issues, the Court rejects those argument out of hand.","However, because the Court had previously cancelled those additional arguments during the September 7 session in court, and because the Court specifically narrowed Defendant's supplemental argument to the issue of § 6308, and because Defendant’s reply raises new issues insofar as neither its supplemental filing nor Plaintiff's response raised those issues, the Court rejects those argument out of hand."
"The closest Williams comes to addressing the Baze standard is in a heading in the briefs outline that reads, “What is known of the State’s Revised protocol indicates that Williams will likely suffer needless, undue, and excruciating pain during execution.”","The closest Williams comes to addressing the Baze standard is in a heading in the briefs outline that reads, “What is known of the State’s Revised protocol indicates that Williams will likely suffer needless, undue, and distressful pain during implementation of the decision.”"
"This is undisputed, but neither party provides any evidence as to what kind of hospital Plaintiffs would be placed in, what level of care they would receive, what services they would be entitled to during their hospitalizations, or the probable durations of their hospital stays.","This is undisputed, but neither party provides any evidence as to what kind of hospital Plaintiffs would be placed in, what level of care they would receive, what services they would be entitled to during their hospitalizations, or the possible durations of their hospital stays."
"In sum, because Trader Joe’s has made no showing that the lack of an “All Natural” label would imply or suggest ascorbic acid inferiority in violation of the FDCA and FDA regulations, it has made no showing that plaintiffs’ Juice-related claims are preempted.","In sum, because Trader Joe’s has made no proof that the lack of an “All Natural” label would imply or suggest ascorbic acid inferiority in violation of the FDCA and FDA regulations, it has made no proof that plaintiffs’ Juice-related claims are privileged."
"To be sure, to win on her alienation of affections claim, Plaintiff must prove: (1) love and affection of the spouse for the plaintiff; (2) actual damages; and (3) overt acts, conduct, or enticement on the part of the defendant causing those affections to depart.","To be sure, to win on her alienation of affections claim, Plaintiff must prove: (1) love and affection of the spouse for the plaintiff; (2) actual losses; and (3) clear actions, conduct, or enticement on the part of the defendant causing those affections to depart."
"Even after the execution of the Contract, Starr and Carson each signed various purchase orders that indicated delivery to Jas-min’s address; Trina delivered the solar panels directly to Jasmin in Australia; and Jasmin accepted and installed the panels, at one point stating in an email to Trina on which JRC was copied that Jasmin would pay the invoices.","Even after the performing of the Contract, Starr and Carson each signed various purchase orders that pointed out delivery to Jas-min’s address; Trina delivered the solar panels directly to Jasmin in Australia; and Jasmin accepted and installed the panels, at one point stating in an email to Trina on which JRC was copied that Jasmin would pay the invoices."
"In challenging the validity of Claims 1 and 9 of the ’681 Patent—both of which are independent claims—Nash cites Section 103 of the Patent Act, which forbids the issuance of a patent where “the differences between the claimed invention and the prior art are such that the claimed invention as a whole would have been obvious before the effective filing date of the claimed invention to a person having ordinary skill in the art to which the claimed invention pertains.” 35 U.S.C.","In challenging the validity of Claims 1 and 9 of the ’681 Patent—both of which are independent claims—Nash cites Section 103 of the Patent Act, which forbids the registration of a patent where “the differences between the claimed invention and the prior art are such that the claimed invention as a whole would have been obvious before the effective filing date of the claimed invention to a person having ordinary skill in the art to which the claimed invention belongs to.” 35 U.S.C."
"In doing so, the Board should be mindful that it “has a special obligation to read pro se filings liberally.” Robinson v. Shinseki, 557 F.3d 1355, 1358-59 (Fed.Cir.2009).","""The Board should remember its duty to interpret pro se filings liberally.""Robinson v. Shinseki, 557 F.3d 1355, 1358-59 (Fed.Cir.2009)."
The failure to adhere to this procedural mandate renders the notice of pen-dency “defective and void from the beginning.”,Failure to follow the procedure results in the notice of settlement to no longer apply.
"The burden is on the moving party to show, through the pleadings, discovery and affidavits, “that there is no genuine dispute as to any material fdet and [that] the movant is .entitled to-judgment as a matter of law.” Fed.","""The party making the motion has the responsibility to demonstrate, using pleadings, discovery, and affidavits, that there are no significant factual disputes and that they are entitled to judgment as a matter of law.""Fed."
"The Court must therefore grant the defendants’ motion to dismiss if it answers three questions in the affirmative: (1) whether the defendants are, “provider[s] ... of an interactive computer service,” 47 U.S.C.","If the Court can answer three questions positively, it must grant the defendants' motion to dismiss. The questions are: (1) whether the defendants qualify as ""provider[s] ... of an interactive computer service."" 47 U.S.C."
No unacceptable evals and nothing that really stands out in the weekly ... [training and HR pretty much agrees [sic] we don’t have a case: Perhaps Steve’s report will change in entirety based on 6th step info.,There are no problematic evaluations or remarkable incidents in the weekly reports. Both the training and HR departments concur that there is no basis for a case. It is possible that Steve's report might be altered completely after considering the information from the sixth step.
"In this group are four pro se parties (Dwight E. Nolt [# 226], Mark Powell [#208], Chris Pavlou [#119] and Paul R. Worsham [# 200]) and one “professional and generally unsuccessful objector,” see In re Royal Ahold N.V. Sec.","Merck is currently seeking to dismiss the state whistle-blower claim by invoking Federal Rules of Civil Procedure 12(b)(1) and 12(b)(6). They argue that the claim is preempted by the Illinois Human Rights Act, specifically 775 ILCS 5/1-101 et seq."
"In Fluorine’s view, Amtrak may condemn a property interest only “as a last resort” — “where it cannot practicably do otherwise” — and it urges the Court to engage in a searching, fact- specific review of Amtrak’s condemnation decision.","According to Fluorine, Amtrak should only resort to condemning a property interest when it is absolutely necessary and there are no other feasible alternatives. Fluorine strongly urges the Court to thoroughly examine Amtrak's decision to condemn, taking into account the specific facts of the case."
"There is no indication on the face of the April 1988 rating decision that the RO did not consider the evidence of record or the application of § 4.16(b), and the Court cannot conclude that it failed to do so on the basis of silence alone.","The April 1988 rating decision does not show any clear sign that the RO did not consider the evidence or the application of § 4.16(b). Based solely on the absence of information, the Court cannot determine that it neglected to do so."
"Should-the Court find that such costs constitute an economic injury sufficient to confer standing, “a private plaintiff bringing a UCL claim automatically would have standing merely by filing suit.” Cordon v. Wachovia Mortg., a Div.","If the Court determines that these costs qualify as an economic injury that grants standing, then a private plaintiff who files a UCL claim would automatically have standing. This is illustrated in the case of Cordon v. Wachovia Mortgage, a Div."
"To the extent that Vivendi’s argument is that GAMCO should have unearthed information that would have led it to discount Vivendi’s misrepresentations, such arguments fails because contributory negligence is not a defense to securities fraud.","The Veteran Court via an order granted relief, noting such a relief is a to granted in special circumstances."
"The privilege “recognizes that sound legal advice or advocacy serves public ends and that such advice or advocacy depends upon the lawyer’s being fully informed by the client.” Upjohn v. United States, 449 U.S. 383, 389, 101 S.Ct.","Vivendi's argument suggests that GAMCO should have discovered information that would have made them skeptical of Vivendi's false statements. However, this argument fails because contributory negligence is not a valid defense in cases of securities fraud."
"The Veterans Court recognized its authority to grant relief by way of writ of mandamus, noting that such relief “is a drastic one, to be invoked only in extraordinary circumstances.” Veterans Opinion at 1 (citing Kerr v. U.S. Dist.","""The privilege acknowledges that effective legal advice or advocacy benefits the public and relies on the lawyer having complete information from the client.""Upjohn v. United States, 449 U.S. 383, 389, 101 S.Ct."
"Plaintiffs respond by noting that, according to the Amended Complaint, the parties engaged in negotiations over an unexecuted draft Operating Agreement, which “contemplated that [the parties] would ‘jointly operate the proton therapy center.’” Pl.","Plaintiffs counter by highlighting that, as per the Amended Complaint, the parties conducted negotiations regarding an unsigned draft Operating Agreement that envisioned them jointly operating the proton therapy center."
The only exception to this general rule — one that is not applicable here — is if the transferor court already decided an issue (based on its own interpretation of the law) and thus the “law of the case” governs that issue even in the transferee court.,"The sole exception to this general rule, which does not apply in this case, is when the transferring court has already made a decision on an issue based on its own understanding of the law. In such cases, the ""law of the case"" prevails even in the receiving court."
"In other words, a finding that pinniped predation is having a significant negative impact on the decline or recovery of protected salmonids does not mean that pinniped predation is jeopardizing those salmonids, as the term is used in the ESA context.","A study showing pinniped being prey on negatively effects the population of salmonids, but this doesn’t completely mean that pinniped being preyed on is actually has a negative impact on salmonids"
"In determining whether Capital-Source retained a security interest in the cash proceeds, the court acknowledged that under § 9-332, “CapitalSource did not have a security interest in the funds after Debtor [Delco Oil] transferred them to Marathon.”","When deciding if Capital-Source maintained a security interest in the cash proceeds, the court recognized that according to § 9-332, ""CapitalSource no longer had a security interest in the funds once Debtor [Delco Oil] transferred them to Marathon."""
"The probation office filed a petition to revoke Defendant’s supervised release, alleging Defendant had been (1) associating with a convicted felon (a female) without permission, and (2) discharged from RRC for making threatening statements to a staff member.",The probation office submitted a petition to revoke the Defendant's supervised release. The petition claims that the Defendant engaged in unauthorized association with a convicted felon (a female) and was discharged from the RRC due to making threatening statements to a staff member.
"Therefore, the court’s analysis in this Ruling focuses solely on the first step of the above inquiry: determining whether the state statutes “mandate or authorize a per se antitrust violation.” Freedom Holdings IV, 624 F.3d at 49 (quotation marks and citation omitted).",The courts analysis in this Ruling has not been on the first step of the above inquiry .Being whether the state statutes have or authorize a state state violation . Freedom Holdings IV -LRB- the marks and citation added -RRB- .Freedom Holdings IV were 624 F. 3d .
"Having considered the motions, responses, replies, supporting evidence, the argument of counsel, and the applicable law, the court will grant the summary-judgment motion and dismiss all of Plaintiffs’ claims and dismiss all other pending motions for the reasons to follow.","After carefully reviewing the motions, responses, replies, supporting evidence, arguments from both sides, and the relevant law, the court has decided to grant the summary judgment motion. As a result, all of the Plaintiffs' claims will be dismissed, and any other pending motions will also be dismissed. The court will provide detailed reasons for its decision."
"Now pending before the court is the “Motion to Dismiss Plaintiffs Second Amended Complaint Pursuant to Rule 12(b)(6) of Defendants Gene Byron Schenberg, Richard F. Huck, III, Michael J. McKitrick, Danna McKitrick, P.C., NetSecure Technologies, Ltd. and Daniel McCann.” (Dkt.","The court currently has under consideration the ""Motion to Dismiss Plaintiffs Second Amended Complaint"" filed by defendants Gene Byron Schenberg, Richard F. Huck, III, Michael J. McKitrick, Danna McKitrick, P.C., NetSecure Technologies, Ltd., and Daniel McCann. The motion is made pursuant to Rule 12(b)(6)."
"Plaintiffs’ actions have (1) required defendant to file three additional motions, (2) unnecessarily prolonged this case, (3) required defendant to incur expenses it should not have incurred, and (4) wasted the time of both defendant and the Court.","Claimants' actions have (1) caused the defendant to file three additional requests (2) unnecessarily extended this case, (3) caused the defendant to be subject to expenses it should not have to be subject to, and wasted the time of both defendant and the Court."
"During the interview, Defendant commented to Chief Koivunen that he had been using methamphetamine the previous week and made reference to “being up over a week.” Defendant also stated that he had been using methamphetamine on May 6 “all day.” (Gov’t Ex.","While the public prosecutor was questioning Defendant, Defendant commented to Chief Koivunen that he had been using methamphetamine the previous week and referred to “being up over a week.” Defendant also stated that he had been using methamphetamine on May 6 “all day.” (Gov’t Ex."
"In the two years following Mr. Dodson’s death, Mrs. Carroll did not seek Dependency and Indemnity Compensation (“DIC”) benefits, which are available to the “surviving spouse” of a veteran whose death resulted from a service-related injury or disease.","In the two years following Mr. Dodson’s death, Mrs. Carroll did not ask for Dependency and Indemnity Compensation (“DIC”) benefits. DIC benefits are available to the “surviving spouse” of a veteran whose death resulted from a service-related injury or disease."
"While Wendy's found that a jury demand constituted a waiver of a contractual jury waiver, the opinion contains essentially no reasoning and does not explicitly address the question of whether the jury demand in that case was ""proper” under Rule 38(d).","Wendy has found that a jury demand has invalidated the jury waiver that has been agreed upon in the contract. However, the opinion does not essentially have a reasoning and does not explicitly address whether the jury demand in that case can be assessed as ""proper"" according to the criteria set under Rule 38(d)."
"The chapter 13 debtor, Gary D. Barbee (“Debtor”), instituted an adversary proceeding against U.S. Bank National Association as trustee for the Truman FHA Trust 2008-1, by and through its mortgage servicing agent BAC Home Loan Servicing (“Bank”) seeking to avoid the Bank’s interest in his manufactured home pursuant to 11 U.S.C.","Gary D. Barbee (“Debtor”) is a Chapter 13 debtor which is a status given to individuals with regular income and enables debtors to keep their property and pay their debts over time, usually in three to five years. The Debtor initiated an opposing proceeding against U.S. Bank National Association as trustee for the Truman FHA Trust 2008-1, through its mortgage servicing agent BAC Home Loan Servicing (“Bank”) aiming to avoid the Bank’s interest in his manufactured home according to Title 11 of the United States Code, also known as the United States Bankruptcy Code."
"Although Morgan Stanley had not yet moved for summary judgment on plaintiffs’ negligent misrepresentation claim, I ordered plaintiffs to show cause as to why their negligent misrepresentation claims against Morgan Stanley should not be dismissed in light-of my finding that Morgan Stanley made no actionable misstatement to plaintiffs.","Claimants claim that Morgan Stanley carelessly misled claimants by his statements and conducts that are not based on the facts. Although Morgan Stanley had not yet moved for judgment without a hearing on claimants’ claims, I instructed claimants to show why their claims against Morgan Stanley should be taken into consideration in light of my finding that Morgan Stanley did not mislead claimants with his statements and conducts."
"The Audit Report also admitted only partial compliance with Standard 2100, regarding “a broader and more formalized approach in performing risk assessment procedures than is currently in practice at Chipotle,” and that IA believed Standard 2100’s “level of detail is not necessary or appropriate in the Chipotle environment.” (ECF No.","The Audit Report also admitted that there is only partial compliance with Standard 2100, regarding the criteria of “a broader and more formalized approach in performing risk assessment procedures than is currently in practice at Chipotle,”. In addition, IA believed Standard 2100’s “level of detail is not necessary or appropriate in the Chipotle environment.”"
"According to God-frey, Ralph Thumma, Loretta Seneca, Michael Froio, and Andy Keller, all employees at HOPE, would have testified that Godfrey had no involvement in the sales process and that all sales were handled by Burris and Fischer, and that Burris conducted all hiring and training of'employees; See Docket # 336, at 6-10.","Godfrey argues that all employees at HOPE who are Ralph Thumma, Loretta Seneca, Michael Froio, and Andy Keller, would have confirmed that Godfrey had not been involved in the sales process, all sales were handled by Burris and Fischer, and Burris conducted all hiring and training of employees. See Summary # 336, at 6-10."
This court has jurisdiction to review a decision of the CAVC “with respect to the validity of a decision of the Court on a rule of law or of any statute or regulation ... or any interpretation thereof (other than a determination as to a factual matter) that was relied on by the [CAVC] in making the decision.” 38 U.S.C.,"This court has the competence to review a decision of the United States Court of Appeals for Veterans Claims (""CAVC"") in terms of the validity of CAVC's decision as regards to application of rule of law, or any written law, or regulation, or any of their interpretation that were relied on by the CAVC in decision making. However, this court does not have the competence to review a decision of CAVC in terms of the determination of the facts of the case. Title 38 U.S. Code"
"That one of the Board decisions the appellant was appealing was the June 2008 Board decision crystallized when he filed his pro se motion to recall mandate in February 2012, and later his informal brief, including arguments regarding the merits of the Substantive Appeal issue decided in the June 2008 Board decision.","When the appellant filed the petition that he prepared on his own to recall the order in February 2012, and later when he submitted his description of the facts and arguments that are collected informally, which includes claims regarding the matter of the case of the Substantive Appeal issue decided in the June 2008 Board decision, it has become clear that one of the Board decisions the appellant was appealing was the June 2008 Board decision."
"In its papers in opposition to BDP’s motion for judgment, Deltech identifies the Stolt/BDP contract “whereby BDP contracted to perform freight-forwarding duties for Stolt” as the operative one, the breach as a failure to properly prepare the bill of lading, and asserts its position as a third-party beneficiary.","In its papers in opposition to BDP’s request for the decision, Deltech identifies the Stolt/BDP contract in which ""BDP is contracted to perform freight-forwarding obligations for Stolt"" as the operative one. Followingly, Deltech determines the violation as a failure to properly prepare the bill of lading. And, Deltech claims its position as a third-party beneficiary."
Unclean hands “is a self-imposed ordinance that closes the doors of a court of equity to one tainted with inequitableness or bad faith relative to the matter in which he seeks relief’ and originates from “the equitable maxim that ‘he who comes into equity must come with clean hands.’ ” Precision Instrument Mfg.,"Unclean hands “is a self-imposed rule that closes the doors of a court to the one stained with injustice or bad faith relating to the matter in which the one wants the court to decide that he is not guilty. And, unclean hands rule originates from “the honest maxim that ‘he who comes into equity must come with clean hands.’ ” Precision Instrument Mfg."
"First, in the Civil Remedy Notice filed with the State of Florida, Plaintiff alleged that the Defendant “has already been provided with sufficient information in order to warrant a tender of policy limits” and advised that she was “willing to accept the policy limits to settle the claim...” [DE 1-2 at 16].","First, the Claimant argued that the Defendant “has already been provided with sufficient information in order to initiate negotiations on the facts, injuries and policy limits” and advised that she was “willing to accept the policy limits to resolve the claim...” in the Civil Remedy Notice filed with the State of Florida. [DE 1-2 at 16]s"
"Plaintiff Laura J. Ramos alleged that her employer, the Federal Bureau of Investigation (“FBI”), discriminated against her on the basis of her race (Count I), subjected her to a hostile work environment (Count II), and retaliated against her after she filed an administrative complaint (Count III).","Claimant Laura J. Ramos argued that her employer, the Federal Bureau of Investigation (“FBI”), discriminated against her based on her race (Count I), subjected her to a negative work environment (Count II), and punished her after she filed an administrative complaint (Count III)."
"For the reasons stated above, the Court WITHDRAWS its May 31, 2013, decision, DENIES Mrs. Tagupa’s motion for leave to submit supplemental evidence, SETS ASIDE the Board’s August 2, 2011, decision, and REMANDS the matter for VA to seek verification of service from the Department of the Army.","For the reasons stated above, the Court REVOKES its decision dated May 31, 2013, and REJECTS Mrs. Tagupa’s request to submit additional evidence, REVERSES the Board’s decision dated August 2, 2011, and SENDS the matter to the lower ranked court for VA to seek confirmation of service from the Department of the Army."
"It is clear, therefore, that upon receipt of a letter disputing the factual accuracy of information in a consumer’s file, Section 1681i imposes a duty on a CRA both to reinvestigate and to either delete the disputed information or disclose the current status of the disputed information to the person disputing the information.","Therefore, it is clear that, under Section 1681i, if a consumer disputes the factual accuracy of the information in her/his consumer file, CRA is under a duty both to reinvestigate and to either delete the disputed information or disclose the current status of the disputed information to the consumer as the CRA receives the consumer's letter disputing the factual accuracy of the information in her/his file."
"However, plaintiff chose not to pursue a “denial-of-benefits claim” under § 1132(a)(1)(B), presumably because of “the broad discretion that [defendant] enjoys in construing the terms of the Certificate, which in turn would necessitate a showing that its decision to deny [plaintiffj’s claim was arbitrary and capricious.”","However, the claimant did not deny the benefits in accordance with Section 1132(a)(1)(B), probably because of “the broad discretion that the defendant has in interpreting the terms of the Certificate, which in turn would require a proof for its decision to deny the claimant’s claim was random and inconsistent.”"
"Where, as here, a prisoner “challeng[es] the very fact or duration of his physical imprisonment, and the relief he seeks is a determination that he is entitled to immediate release or a speedier release from that imprisonment, his sole federal remedy is a writ of habeas corpus.” Preiser v. Rodriguez, 411 U.S. 475, 500, 93 S.Ct.","If a prisoner ""questions a reason or duration of his physical imprisonment"" like here, and he wants ""the court to determine that he should be released immediately or released from that imprisonment faster, his only legal solution provided under federal law is requesting to be called to the court."" Preiser v. Rodriguez, 411 U.S. 475, 500, 93 S.Ct."
"It is an unfair labor practice for a labor organization to, among other things, “interfere with, restrain, or coerce any employee in the exercise by the employee of any right under” the chapter of the CSRA related to union and labor rights, or “to otherwise fail or refuse to comply with any provision of this chapter.” 5 U.S.C.","Among other things, “interfering with, limiting, or forcing any employee in the exercise of any of his/her rights under” the chapter of the Civil Service Reform Act related to labor unions and labor rights are unfair labor practices for a labor organization. In addition “failing or refusing to comply with any provision of this chapter.” are also unfair labor practices for a labor organization. Title 5 United States Code"
"The Court notes, however, that the clause authorizing the payment of attorney’s fees in Estate of Gaines is much broader than the clause contained in this case, which limits payment to “charges incurred in the administration of the Trust.” Restated Revocable Living Trust dated May 1, 2006, DN 27-6, p. 13.","The Court notes that the clause which makes the payment of attorney’s fees possible in Estate of Gaines is much broader than the clause contained in this case. The clause in this case limits payment to “charges arose in the management of the Trust which is a relationship based on trust between parties in which one party owns a property and the other party benefits from the property. Restated Revocable Living Trust dated May 1, 2006, DN 27-6, p. 13."
"Conversely, when the preponderance of the evidence weighs against the claim, “[the Board] necessarily has determined that the evidence is not ‘nearly equal’ or ‘too close to call,’ and the benefit of the doubt rule therefore has no application.” Ortiz v. Principi 274 F.3d 1361, 1365 (Fed.Cir.2001).","Conversely, when the evidence is not supporting the claim, the Board necessarily decided on that the benefit of the doubt rule is not applicable because the evidence is not nearly equal. Ortiz v. Principi 274 F.3d 1361, 1365 (Fed.Cir.2001)."
"Broad prophylactic prohibitions that fail to ‘respond precisely to the substantive problem which legitimately concerns’ the State cannot withstand intermediate scrutiny.” 838 F.3d at 73 (quoting Members of City Council of City of L.A. v. Taxpayers for Vincent, 466 U.S. 789, 810, 104 S.Ct.","Over broad decisions that fail to stick precisely to the substantive problem which is legitimately concerned cannot escape intermediate scrutiny of the State. 838 F.3d at 73 (quoting Members of City Council of City of L.A. v. Taxpayers for Vincent, 466 U.S. 789, 810, 104 S.Ct."
"The emphasized clause is referred to as the “residual clause,” and in Johnson 2015 the Supreme Court held that the residual clause “denies fair notice to defendants and invites arbitrary enforcement by judges,” and, therefore, violates the due process clause of the Constitution.","The emphasized clause is referred to as the ""residual clause."" The Supreme Court (in Johnson 2015) held that the residual clause does not allow fair notice to the defendants and results in arbitrary enforcement by judges. Accordingly, this clause violates the due process clause of the Constitution."
"Sony attached the images with its message “User’s current photo downloads included the following: .... ” Without use of a filter like a hash value system, no one at Sony could have known about Susan_14’s photos unless someone actually had “use[d] human eyes” to review them.","Sony attached the images with its message “User’s present photo downloads included the following: .... ” Without use of a filter like a numeric value system, no one at Sony could have known about Susan_14’s photos unless someone actually had “use[d] human eyes” to review them."
"The court saw “no way for the government to obtain a meaningful share in an entireties property without forfeiting some part of the innocent spouse’s interest, as long as the spouses remain married to each other and do nothing to terminate the entireties estate.”",The court held that there is no way for the government to obtain a meaningful share in a joint property of spouses without infringing the interests of the innocent spouse as long as the spouses remain married and do nothing to terminate the joint ownership.
"The bankruptcy court granted summary judgment in favor of NBI, holding that White was estopped from re-litigating whether he committed fraud against NBI, and on November 9, 2011, entered judgment in favor of NBI and against White in the amount of $378,486.17.","The inability to pay debts court decided summary ruling in favor of NBI, deciding that White was prevented from bringing the matter before the court again whether he committed fraud against NBI, and on November 9, 2011, entered ruling in favor of NBI and against White in the amount of $378,486.17."
"However, the DOC admits that it is unfamiliar with the billing practices of most Minnesota shops and reached this conclusion primarily based on representations from Reid, Rosar, Schmultz, and a few others affiliated with Minnesota’s auto-glass industry.","However, the DOC confesses that it is unfamiliar with the billing practices of most Minnesota shops and reached this result mainly based on representations from Reid, Rosar, Schmultz, and a few others linked with Minnesota’s auto-glass industry."
"Accordingly, to be entitled to equitable tolling, Ms. Cheeo must have exercised due diligence between July 6, 2011 — the date of the Board decision — and October 6, 2011 — the date on which the Board decision was resent to her at her new address.","Accordingly, to have the right to pause the statutory limitations period after it has begun, Ms. Cheeo must have exercised careful examination between July 6, 2011 — the date of the Board decision — and October 6, 2011 — the date on which the Board decision was resent to her at her new address."
"Over the course of almost one year, [the Plaintiff] did receive[] $108,500.00, possibly from the $424,233.00 which is unaccounted for; however, it is unclear whether the $108,500.00 came from one of the Trust Enterprise accounts, Defendant Birch’s IOLTA account, or an unknown account.”","For almost one year, [the Claimant] did receive $108,500.00, possibly from the $424,233.00 which is (lost or) unpaid, without explanation; however, it is unclear whether the $108,500.00 came from one of the Trust Enterprise accounts, Defendant Birch’s IOLTA account, or an unknown account.”"
"The District Court found that the plaintiffs’ overtime claim was factually inadequate, on the ground that, “[t]he abundance of allegations notwithstanding,” the plaintiffs “failed to allege a single specific instance in which a named Plaintiff worked overtime and was not compensated for this time.” App.","The District Court found that the claimants’ extra time claim was factually insufficient, on the basis that, “[t]he abundance of claims aside,” the claimants “failed to claim a single specific instance in which a named Claimant worked extra time and was not paid for this time.”"
"Haddad alleges that Midland Funding “is engaged in the business of a collection agency, using the mails and telephone to collect consumer debts originally owed to others,” is licensed as á collection agency by the State of Illinois, and’“regularly collects or attempts to collect defaulted consumer debts.” Doc.","Haddad claims that Midland Funding “is occupied with the business of a collection agency, using the mails and telephone to collect consumer debts originally owed to others,” is licensed as á collection agency by the State of Illinois, and’ “regularly collects or attempts to collect consumer debts that are failed to pay.”"
"Accordingly, intertextually, these examples of the legislature’s multiple other uses of the disputed phrase and ones similar to it in other versions of the statute and the very enactment applicable here, convince us that it uses the phrase to mean the interpretation urged by Defendants, rather than by Plaintiff.","Accordingly, intertextually, these examples of the parliament's multiple other uses of the debated phrase and ones similar to it in other versions of the (formally approved and written) law and the very act of making the law applicable here, convince us that it uses the phrase to mean the interpretation insisted by Respondents, rather than by Claimant."
"The court cannot conclude, without additional facts, whether Benedetto’s arrest was either “a basic assumption on which the contract was made” or “foreseeable.” Thus, Delta may not use the doctrine of impossibility to defeat Benedetto’s breach of contract claim at this stage of the litigation with the facts as pleaded.","The court cannot determine, without additional facts, whether Benedetto’s arrest was either “a basic assumption on which the agreement was made” or “predictable.” Thus, Delta may not use the principle of impossibility to defeat Benedetto’s violation of agreement claim at this stage of the lawsuit with the facts as defended."
"Therefore, the references in the minutes to “retention” and “maintaining the status quo” relied on by plaintiffs need not be definitively construed by the Committee as indicating an intent to provide the enhanced benefits to employees whose entities were sold but who continued working for the purchasing employer.","Therefore, the references in the notes to “detention” and “maintaining the existing situation” relied on by claimants need not be absolutely interpreted by the Committee as implying a purpose to provide the improved advantages to employees whose entities were sold but who continued working for the purchasing employer."
"Defendant notes that the Department of Justice publieally has taken the position for almost 20 years that the highest willfulness standard applies to campaign-finance violations, as indicated in both its manual published soon after Cheek and Ratzlaf but before Bryan and by its manual published almost 10 years after Bryan.","Respondent notes that the Department of Justice openly has taken the position for almost 20 years that the highest determination standard applies to campaign-finance violations, as indicated in both its manual published soon after Cheek and Ratzlaf but before Bryan and by its manual published almost 10 years after Bryan."
"Even though he asks for rescission of the note and mortgage in his Complaint, Plaintiff argues that “[determining whether Blake properly rescinded the promissory note does not require the Court to exercise jurisdiction over the property to grant judgment, nor does it result in the Court awarding possession of the property to any party.” (Pl.’s Memo.","Even though he asks for cancellation of the note and mortgage in his Complaint, the Claimant argues that “[deciding whether Blake accurately canceled the promissory note does not require the Court to exercise authority over the property to decide, nor does it result in the Court giving ownership of the property to any party.”"
"The contracting officer endeavors to select the approach that will provide the best overall value to the Government, understanding that the “relative importance of cost .of price may vary.” Id, For example, when “the requirement is clearly definable and the risk of unsuccessful contract performance is minimal, cost or price may play a dominant role in source selection.”","The agreement officer attempts to select the method that will provide the best general value to the Government, understanding that the “relative importance of cost of price may change.” Id, For example, when “the necessity is clearly definable and the risk of unsuccessful agreement performance is minimal, cost or price may play a main role in source selection.”"
"First, the court must “tak[e] note of the elements a plaintiff must plead to state a claim.” Second, the court should identify allegations that, “because they are no more than conclusions, are not entitled to the assumption of truth.” Finally, “where there are well-pleaded factual allegations, a court should assume their veracity and then determine whether they plausibly give rise to an entitlement for relief.”","First, the court must “tak[e] note of the elements a claimant must request to tell a claim.” Second, the court should find claims that, “because they are no more than conclusions, are not authorized to the assumption of truth.” Finally, “where there are well-defended factual claims, a court should accept their truth and then decide whether they possibly give rise to a right to relief.”"
"He alleged three federal claims: (1) that the defendants, acting individually, jointly, and in conspiracy, deprived Beaman of a fair trial by withholding material exculpatory evidence in violation of Brady (individual liability); (2) that the defendants conspired to deprive Beaman of material exculpatory evidence (conspiracy liability); and (3) that the defendants failed to intervene in preventing the violation of his rights (failure to intervene liability).","He claimed three federal claims: (1) that the respondents, acting individually, together, and in secret planning with other people, deprived Beaman of a fair trial by keeping material justifying evidence in violation of Brady (individual responsibility); (2) that the respondents secretly planned with other people to keep Beaman of material justifying evidence (secret agreement responsibility); and (3) that the respondents failed to interfere in preventing the violation of his rights (failure to interfere responsibility)."
"Plaintiffs further allege that notwithstanding the termination of their license agreements, Daewoo and its owner, Ro, continued to rent and even sell infringing and pirated copies of plaintiffs’ works, which were obtained via Internet downloads and unauthorized personal copying, and/or from defendant Korean Korner, Inc. (“Korean Korner”) and defendant Sun Yop Yoo (“Yoo”), the former owner of a now-defunct video store by the name of Ann Bang Video.","Claimants further claim that despite the ending of their license agreements, Daewoo and its owner, Ro, continued to rent and even sell violating and pirated copies of claimants’ works, which were obtained by Internet downloads and unauthorized personal copying, and/or from respondent Korean Korner, Inc. (“Korean Korner”) and respondent Sun Yop Yoo (“Yoo”), the former owner of a no longer working video store by the name of Ann Bang Video."
Darren L. DeFlanders (“DeFlanders”) appeals from the decisions of the United States Court of' Appeals for Veterans Claims (“Veterans Court”) affirming the decisions of the Board of Veterans’ Appeals (“the Board”): (i) finding that De-Flanders had not submitted new and material evidence sufficient to reopen claims for service-connected disability compensation for a left knee disability and spots on the lungs; (ii) denying compensation for spots on the brain; and (iii) denying a disability rating in excess of 10% for non-cardiac chest pain.,Darren L. DeFlanders (“DeFlanders”) applies from the decisions of the United States Court of' Appeals for Veterans Claims (“Veterans Court”) which approved the decisions of the Board of Veterans’ Appeals (“the Board”). It found that De-Flanders had not provided new and material evidence sufficient to reopen claims for service-connected disability compensation for a left knee disability and spots on the lungs; it rejected compensation for spots on the brain; and a disability rating in excess of 10% for non-cardiac chest pain.
"Succinctly stated, the Secretary’s contention that § 4.85(a) requires the effective date for an increased disability claim to be set in accordance with the date a Maryland CNC test is administered not only adds words to the regulation that are not there, but it also conflicts with the plain meaning of section 5110(b)(3), which requires the effective date of an award of increased compensation to be “the earliest date as of which it is ascertainable that an increase in disability had occurred.” 38 U.S.C.","Briefly, the Secretary argues that § 4.85(a) requires the effective date for an increased disability claim to be set in accordance with the date a Maryland CNC test is administered adds words to the regulation that are not clearly included. The Secretary also argues that it also conflicts with the simple meaning of section 5110(b)(3), which requires the effective date of an award of increased compensation to be “the earliest date as of which it is ascertainable that an increase in disability had occurred.” 38 U.S.C."
"Given the holding in Koloms, the question remaining for the Court, then, is whether the underlying suits are like the furnace leak in Koloms, namely, the type of isolated, run-of-the-mill result from day-to-day operations and properly covered, or whether they arise from “traditional environmental pollution.” Though it may be more art than science to determine when the isolated consequences of normal business operations end and “traditional environmental pollution” begins, the instant case falls cleanly within the definition.","Given the decision in Koloms, the unanswered question for the Court is hether the underlying suits are like the furnace leak in Koloms, namely, the type of isolated, run-of-the-mill result from day-to-day operations and properly covered, or whether they arise from “traditional environmental pollution.” Though it may be more art than science to determine when the isolated consequences of normal business operations end and “traditional environmental pollution” begins, the instant case is covered within the definition."
Works Co. are: (1) the defendant's good faith effort to comply with the statute: (2) the defendant's degree of culpability; (3) the defendant’s histoiy of previous violations; (4) the nature of the public interest in ensuring compliance with the regulations involved; (5) the nature and circumstances of the violation at issue; (6) the gravity of the violation; (7) the defendant’s ability to pay; (8) the appropriateness of the size of the penalty to the defendant’s business and the effect of a penalty on the defendant’s ability to continue doing business; (9) that the penalty not otherwise be shocking to the conscious of the court; (10) the economic benefit gained by the defendant through the violation; (11) the degree of harm to the public; (12) the value of vindicating the agency authority; (13) whether the party sought to be protected by the statute had been adequately compensated for the harm; and (14) such other matters as justice may require.,Works Co. are: (1) the defendant's good faith effort to act in accordance with the statute: (2) the defendant's degree of culpability; (3) the defendant’s previous violations; (4) the nature of the public interest to ensure compliance with the regulations involved; (5) the nature and circumstances of the violation at issue; (6) the gravity of the violation; (7) the defendant’s ability to pay; (8) the appropriateness of the size of the penalty to the defendant’s business and the effect of a penalty on the defendant’s ability to continue doing business; (9) that the penalty not otherwise be shocking to the conscious of the court; (10) the economic benefit gained by the defendant through the violation; (11) the degree of harm to the public; (12) the value of vindicating the agency authority; (13) whether the party sought to be protected by the statute had been adequately compensated for the harm; and (14) such other matters as justice may require.
"In his claim for negligence, Plaintiff alleges that Defendant NDI’s potentially negligent conduct includes: (1) failing to ensure a proper chain of custody of the subject specimen; (2) failing to communicate with Plaintiff and the testing facilities any and all factors which could or did affect the testing; (3) failing to take into account and eliminate any and all factors which may improperly influence the tests; (4) failing to prevent testing results of and/or reporting of a “false-positive”; (5) failing to pre-test interview Plaintiff to rule out abnormalities which could and/or did influence the tests; (5) failing to maintain and/or cause to be maintained appropriate quality-control testing and/or reporting mechanisms and/or protocols; (6) failing to comply with governing procedures, regulations, protocols, and/or laws concerning reporting and/or testing; and (7) failing to monitor and/or control others’ compliance.","In his claim for negligence, Claimant alleges that Respondent NDI’s potentially negligent conduct includes: (1) failing to ensure a proper documentation of transfer of the subject material; (2) failing to communicate with Claimant and the testing facilities any and all factors which could or did affect the testing; (3) failing to take into account and eliminate any and all factors which may improperly influence the tests; (4) failing to prevent testing results of and/or reporting of a “false-positive”; (5) failing to pre-test interview Claimant to rule out abnormalities which could and/or did influence the tests; (5) failing to maintain and/or cause to be maintained appropriate quality-control testing and/or reporting mechanisms and/or protocols; (6) failing to comply with governing procedures, regulations, protocols, and/or laws concerning reporting and/or testing; and (7) failing to monitor and/or control others’ compliance."
"For instance, the Two Left Feet treatment supplements the real amateur competitors with a few “goofballs” for “comic relief of course,” and “a few ringers to make the other guys envious and competitive.” Likewise, the treatment describes one host as an “ex law enforcement officer, federal agent, with a masters degree in Social Work,” who would use this background to “manipulate” the other host, a “biochemist with a cool analytical nature, yet a vicious temper,” and who would focus on analyzing competitors using various scientific parameters, such as “bodyfat” and other statistics.","For example, the Two Left Feet treatment supplements the real amateur competitors with a few “goofballs” for “comic relief of course,” and “a few ringers to make the other guys envious and competitive.” Similarly the treatment describes one host as an “ex law enforcement officer, federal agent, with a masters degree in Social Work,” who would use this background to “manipulate” the other host, a “biochemist with a cool analytical nature, yet a vicious temper,” and who would focus on analyzing competitors using various scientific parameters, such as “bodyfat” and other statistics."
"Judge Gordon Graham signed an order appointing Defendants McQueen and Tonigan as special state’s attorneys to investigate and prosecute individuals for using their official position in the SAO to give benefits in criminal prosecutions to friends, relatives, and supporters.","Judge Gordon Graham issued an order and appointed Defendants McQueen and Tonigan as special state's attorneys. They were asked to investigate and prosecute indiduals who use their official position in the SAO to give benefits in criminal prosecutions to friends, relatives, and supporters."
"At the time, the state-sponsored terrorism exception did not provide an independent cause of action, but instead acted “as a ‘pass-through’ to substantive causes of action against private individuals that ... may exist in federal, state or international law.”","At the time, the state-sponsored terrorism exception did not provide an independent cause of action. However it acted “as a ‘pass-through’ to substantive causes of action against private individuals that ... may exist in federal, state or international law.”"
"The claim is based on conduct that occurred before 2004, so in order for the Kansas Securities Act to apply, the case must have been instituted within that statute’s limitations period, or by July 1, 2010, five years after the effective date of the Uniform Act.","The claim is based on an act that occurred before 2004. Therefore Kansas Securities Act can apply if the action is taken within that statute’s limitations period, or by July 1, 2010, five years after the effective date of the Uniform Act."
"To unravel the plot against him, Mr. Blaney requested that the Veterans Court convene' a special investigating committee, enter summary judgment on his claims, and issue an order that would enable Mr. Blaney to sue the Veterans Court and the VA.","To resolve the conspiracy against him, Mr. Blaney had few requests. He requested establishment of a special investigating commitee by the Veterans Court, a summary judgment on his claims, and an order that would allow him to sue the Veterans Court and the VA."
"The District Court held a suppression hearing and heard testimony from one witness for the Government — Officer Hough — and five witnesses for the defense — Ismail, Delaine, Siddiqah, Tazke-yah, and Richard Thomas, III, a friend of Mallory’s.","The District Court held a suppression hearing. It asked testimony from one witness for the Government — Officer Hough, five witnesses for the defense — Ismail, Delaine, Siddiqah, Tazke-yah, and Richard Thomas, III who is a friend of Mallory’s."
"Although it is generally the case that “when an expert relies on the opinion of another, such reliance goes to the weight, not to the admissibility of the expert’s opinion,” Ferrara & DiMercurio v. St. Paul Mercury Ins.","The general acceptance is that when an expert relies on the opinion of another, such reliances goes to the weight. However this has got no effect on the expert's opinion, Ferrara & DiMercurio v. St. Paul Mercury Ins."
"“Under Twombly’s construction of Rule 8 [a plaintiffs] complaint [must] ‘nudge[ ] [any] claims’ ... ‘across the line from conceivable to plausible.’ Ibid.” Iqbal, 556 U.S. at 680, 129 S.Ct.","Twombly interprets Rule 8 as that a plaintiff's complaint must push any claims from conceivable to plausible. Ibid. Iqbal, 556 U.S. at 680, 129 S.Ct."
"To do this, “a plaintiff may show that the employer’s explanation is “unworthy of - credence ... because it has no basis in fact.” Torgerson v. City of Rochester, 643 F.3d 1031, 1047 (8th Cir.","In doing this, a plaintiff may prove that the employer’s explanation is not reliable because it has no basis in fact.” Torgerson v. City of Rochester, 643 F.3d 1031, 1047 (8th Cir."
"He testified that he did not understand courtroom procedures, or phrases such as “constitutional right,” “consult with attorney,” “inference,” or “degree” — all terms that were used by the trial judge in colloquies with Newman.","He testified that he did not understand courtroom procedures or phrases such as “constitutional right,” “consult with attorney,” “inference,” or “degree” which were sed by the trial judge in colloquies with Newman."
"The legal sufficiency of each.claim asserted against the defendant, a foreign embassy, which is presumptively immune from suit under the' doctrine of foreign sovereign immunity,'see Foreign Sovereign Immunities Act (“FSIA""), 28 U.S.C.","The legal sufficiency of each.claim asserted against the defendant. Since the defandant is a foreign embassy, it is presumptively immune from suit under the' doctrine of foreign sovereign immunity,'see Foreign Sovereign Immunities Act (“FSIA""), 28 U.S.C."
"One statement was that alcohol dependence can “develop[] to a point where it is irreversible without professional help” and “[a]t such time, the person by himself, may lack the capacity to avoid the continued use of alcohol.” Amicus App.","One statement was that alcohol dependence can “develop[] to a point where it is irreversible without professional help”. It was also stated that “[a]t such time, the person by himself, may ot have the capacity to avoid the continued use of alcohol.” Amicus App."
"Similarly, in American Power & Light, the Court upheld a delegation to the SEC to take such actions as necessary to prevent companies from “unfairly or inequitably distributing] voting power among security holders.” 329 U.S. at 104-05, 67 S.Ct.","The court had a similar ruling in American Power & Light. It upheld a delegation to the SEC to take such actions as necessary to prevent companies from “unfairly or inequitably distributing] voting power among security holders.” 329 U.S. at 104-05, 67 S.Ct."
"The Board did not err in finding that “[t]he elapsed time between VA’s receipt of notice in January 2009 and its response in September 2009 does not change the fact the [v]eteran had knowledge, nor does it mitigate his responsibility.” R. at 9.","The Board was right when it found that “[t]he time lapsed between VA’s receipt of notice in January 2009 and its response in September 2009 does not change the fact the [v]eteran had knowledge, nor does it lessen his responsibility.” R. at 9."
"The Goldmans contend that HALO has no viable fraud claim because it “undeniabl[y]” had “full knowledge of the loss of the Track Group.” Under Missouri law, a plaintiff must justifiably rely on a false statement to assert a claim of fraud.","The Goldmans held that HALO has no viable fraud claim because it “undeniabl[y]” had “full knowledge of the loss of the Track Group.” According to Under Missouri law, a plaintiff must rely on a false statement to justify a claim of fraud."
"Plaintiff testified that on nearly a monthly basis between January 2009 and December 2009, she was treated at the clinic because she could not breathe, and for “body ache; heart beating fast; I feel like I’m dying; kept coughing and spitting.","Claimant declared that on nearly a monthly basis between January 2009 and December 2009, she was treated at the clinic because she could not breathe, and for “body ache; heart beating fast; I feel like I’m dying; kept coughing and spitting."
"Whether a claim is subject to the Tucker Act depends on whether, “in whole or in part, it explicitly or ‘in essence’ seeks more than $10,000 in monetary relief from the federal government.” Kidwell v. Dep’t of Army, Bd.","Whether a claim is subject to the Tucker Act depends on whether, “in whole or in part, it clearly (or precisely) ‘in substance’ (or ‘substantially’) seeks more than $10,000 in financial aid from the federal government.” Kidwell v. Dep’t of Army."
"In their briefing, the parties refer to this Notice of Lapse as the May 23 Notice, but the Court will refer to it as the May 24 Notice because the Policy’s 61-day grace period began on the 24th when the notice was sent.","In their briefing, the parties refer to this Notice of Lapse as the May 23 bill, but the Court will refer to it as the May 24 bill because the Policy’s 61-day time period began on the 24th when the notice was sent."
"By letter dated June 5, 2007, Holzrichter responded to a question posed by a representative of WisDOT: “Isn’t joining the Union your choice?” He answered stating that he could not join a union because of economic, moral and ethical considerations.","By letter dated June 5, 2007, Holzrichter responded to a question asked by a representative of WisDOT: “Isn’t joining the Union your choice?” He answered stating that he could not join a union because of economic, moral and ethical considerations."
"As a result of this holding, we need not address whether section 5121 of title 38 could be inapplicable to FVECF claims for the additional reason that section 5121 may be preempted by ARRA section 1002(c), which governs the scope of FVECF survivor claims.","As a result of this ruling, we need not address whether section 5121 of title 38 could be inapplicable to FVECF claims. The reason is that section 5121 may be preempted by ARRA section 1002(c), which governs the scope of FVECF survivor claims."
"Mr. Lewis has alleged improprieties, related to tuition and fees, and he has alleged'that Full Sail charged him for courses that he did not take, but he has not provided any specifics concerning misrepresentations made by Full Sail or any other defendant.","Mr. Lewis has claimed misconducts, related to tuition and fees, and he has claimed'that Full Sail accused him for courses that he did not take, but he has not provided any specifics concerning false statements made by Full Sail or any other respondent."
"Although Wesolowski complains that he first requested dental treatment on October 1, 2001, and that he was not examined by a dentist until April 11, 2002, he fails to allege any factual basis whereby that delay can be attributed to one or more of the defendants.","Although Wesolowski complains that he first requested dental treatment on October 1, 2001, and that he was not examined by a dentist until April 11, 2002, he fails to claim/assert any factual basis. Therefore, that delay can be attributed to one or more of the respondents."
"Dr. Wood was also unable to devise a permanent accommodation that would have allowed Crider to fulfill her responsibilities with respect to site visits, conferences and other weekend events without at least some work or travel on Friday nights and Saturdays.","Dr. Wood was also unable to leave a permanent accommodation that would have allowed Crider to fulfill her responsibilities with respect to site visits, conferences and other weekend events without at least some work or travel on Friday nights and Saturdays."
The invention attempts to: (1) prevent bubble fluid or (2) air from flowing back through the tube; (3) hold sufficient bubble fluid so as not to limit the quality of the bubbles; and (4) prevent bubble fluid from dripping down the outside of the tube onto the user.,The invention attempts to: (1) prevent bubble fluid or (2) air from flowing back through the tube; (3) hold sufficient bubble fluid so as not to limit the quality of the bubbles; and (4) prevent bubble fluid from dripping down the outside of the tube onto the user.
"As a result, the RO assigned Mr. Delisle a 100 percent disability rating for the period from April 7, 2010 to May 31, 2011, and assigned a 60 percent rating, along with a total disability rating based on individual employability for the period following May 31, 2011.","As a result, the RO determined Mr. Delisle a 100 percent disability rating for the period from April 7, 2010 to May 31, 2011. In addition, the RO determined a 60 percent rating, along with a total disability rating based on individual employability for the period following May 31, 2011."
"For ease of reference, these other creditors shall be referred to collectively as the “Lender Group.” As their agent, Mittman engaged in extensive litigation with the Judgment Creditors over the right to receive approximately $841,000.00 due to the Debtor from Vonage.","For ease of reference, these other obligees shall be referred to collectively as the “Lender Group.” As their representative, Mittman engaged in extensive trial with the Judgment Creditors over the right to receive approximately $841,000.00 due to the Debtor from Vonage."
"Although the Board noted that DC 5280 was potentially applicable in light of Mr. Copeland’s diagnosis of hallux valgus, it determined that his hallux valgus was only “slight to moderate without surgical resection,” and so a separate disability rating was not warranted.","Although the Board noted that DC 5280 was potentially applicable in light of Mr. Copeland’s diagnosis of hallux valgus, it determined that his hallux valgus was only “slight to moderate without surgical removal,” and so a separate disability rating was not provided."
"The cases Regions offers in support of its argument do not examine this alleged requirement in any detail, but merely make a passing reference to being “charged for the call.” See Osorio v. State Farm Bank, F.S.B., 859 F.Supp.2d 1326, 1329 (S.D.Fla.2012); Knutson v.","The cases Regions offers in support of its argument do not examine this claimed requirement in any detail, but merely make a passing reference to being “charged for the call.” See Osorio v. State Farm Bank, F.S.B., 859 F.Supp.2d 1326, 1329 (S.D.Fla.2012); Knutson v."
"If not, analysis proceeds to step four, and the ALJ determines the claimant’s residual functional capacity (“RFC”), which is the ability to perform physical or metal work activities on a sustained basis, notwithstanding limitations for the collective impairments.","If not, analysis proceeds to step four, and the ALJ determines the claimant’s residual functional capacity (“RFC”), which is the ability to perform physical or metal work activities on a sustained basis, notwithstanding limitations for the collective degradation."
"Similarly, given the existence of similar designs in the market and Huitink’s use of established engineering standards, the fact that Huitink admits that he created his proposed alternative design solely for the purposes of this litigation (Huitink Dep.","Similarly, given the existence of similar designs in the market and Huitink’s use of established engineering standards, the fact that Huitink admits that he created his asserted alternative design solely for the purposes of this trial."
"After reviewing the relevant Ohio and federal statutes, he found that “abuse” is defined as “the willful infliction of injury, unreasonable confinement, intimidation or punishment with resulting physical harm, pain or mental anguish.”","After reviewing the relevant Ohio and federal regulations, he found that “abuse” is defined as “the willful infliction of injury, unreasonable restriction, threat or punishment with resulting physical harm, pain or mental anguish.”"
"In the exhibit, Plaintiffs provide factual allegations that MacIntyre was not paid for a total .of 76 hours of overtime between 2012 and 2014, and Sullivan was not paid overtime-for a total of 48 hours in 2013 and 2014.","In the exhibit, Plaintiffs provide factual allegations that MacIntyre was not paid for a total .of 76 hours of additional working hours between 2012 and 2014, and Sullivan was not paid additional working hours -for a total of 48 hours in 2013 and 2014."
"The Government argues that Mr. Haddad does not have standing to sue for the ’844 patent, because Mr. Haddad transferred all substantial rights in the ’844 patent to sole exclusive licensee Astornet, Gov’t Mot.","The Government argues that Mr. Haddad does not have the legal position to sue for the ’844 patent, because Mr. Haddad transferred all substantial rights in the ’844 patent to sole exclusive licensee Astornet, Gov’t Mot."
"The First Circuit has held that “retaliation claims are preserved so long as the retaliation is reasonably related to and grows out of the discrimination complained of to the agency.” Clockedile v. N.H. Dep’t of Corr., 245 F.3d 1, 6 (1st Cir.2001).","The First Circuit has ruled that “reprisal claims are preserved so long as the reprisal is reasonably related to and grows out of the discrimination complained of to the agency.” Clockedile v. N.H. Dep’t of Corr., 245 F.3d 1, 6 (1st Cir.2001)."
"In order to survive a motion to dismiss pursuant to Rule 12(b)(6) of the Federal Rules of Civil Procedure, a plaintiff must plead sufficient factual allegations “to state a claim to relief that is plausible on its face.” Twombly, 550 U.S. at 570, 127 S.Ct.","In order to survive a proposal to dismiss pursuant to Rule 12(b)(6) of the Federal Rules of Civil Procedure, a claimant must present sufficient factual claims “to state a claim to relief that is reasonable on its face.” Twombly, 550 U.S. at 570, 127 S.Ct."
"Generally, more weight is give[n] to the opinions of treating sources, even “controlling weight,” if they are well supported by medically acceptable clinical and laboratory diagnostic techniques and not inconsistent with other substantial evidence (20 CFR 416.927(d)2).","Generally, more weight is give[n] to the opinions of treating sources, even “controlling weight,” if they are well supported by medically acceptable clinical and laboratory diagnostic techniques and not inconsistent with other substantial evidence"
"Trooper Rivera, working under the name “Jose,” then told Haskell that he could compensate for the botched drug deal by burning down a house in Springfield and an abandoned property in Holyoke, Massachusetts, as part of a fictional insurance scam “Jose” was purportedly arranging.","Trooper Rivera, working under the name “Jose,” then told Haskell that he could make up for the botched drug deal by burning down a house in Springfield and an abandoned property in Holyoke, Massachusetts, as part of a fictional insurance fraud “Jose” was purportedly arranging."
"If an exceptional disability picture is found, the RO or Board must determine whether related factors exist such “as marked interference with employment or frequent periods of hospitalization as to render impractical the application of the regular schedular standards.” 38 C.F.R.","If an exceptional disability picture is found, the RO or Board must determine whether related factors exist such “as marked interference with employment or frequent periods of hospitalization as to render impractical the application of the regular schedular standards.” 38 C.F.R."
"Back in open court, the judge put on the record what he had ruled (he would • allow evidence that Lawson failed to report income but not evidence that Lawson failed to file tax returns), but not why he reached these conclusions or how he thought a jury could make proper use of the tax evidence.","Back in open court, the judge put on the record what he had ruled (he would • allow evidence that Lawson failed to report income but not evidence that Lawson failed to file tax returns), but not why he reached these conclusions or how he thought a jury could make proper use of the tax evidence."
"As I explained at summary judgment, to determine whether a defendant has met its burden of proving the routine maintenance exemption, courts examine the projects, taking into account the 1) nature and extent, 2) purpose, 3) frequency, and 4) cost of the activity to arrive at a common-sense finding.","As I explained at summary judgment, to determine whether a accused has met its burden of proving the routine life-support exemption, courts examine the projects, taking into account the 1) nature and extent, 2) purpose, 3) frequency, and 4) cost of the activity to arrive at a common-sense finding."
"To prevail on such a claim, the plaintiff must establish that: (1) he is a member of a protected class; (2) was subjected to unwelcome sexual harassment; (3) the harassment was based on sex; (4) the harassment created a hostile work environment; and that (5) the employer is vicariously liable.","To prevail on such a claim, the claimant must establish that: (1) he is a member of a protected class; (2) was subjected to unwelcome sexual harassment; (3) the harassment was based on sex; (4) the harassment created a hostile work environment; and that (5) the employer is indirectly responsible."
"While several circuits have held that merely placing child pornography in a shared folder on a file sharing network warrants application of a distribution enhancement, no circuit has relied on the Sentencing Guidelines definition of “distribution” to interpret the meaning of the term in § 2252(a)(2).","While several courts have held that merely placing child pornography in a shared folder on a file sharing network establishes application of a distribution enhancement, no courts has relied on the Sentencing Guidelines definition of “distribution” to interpret the meaning of the term in § 2252(a)(2)."
"Therefore, “if a restriction or condition is not reasonably related to a legitimate goal — if it is arbitrary or purposeless a court permissibly may infer that the purpose of the governmental action is punishment that may not constitutionally be inflicted upon detainees qua detainees.”","Therefore, “if a restriction or condition is not understandably related to a legitimate goal — if it is arbitrary or purposeless a court, in accordance with law, may conclude that the purpose of the governmental action is punishment that may not constitutionally be inflicted upon detainees as detainees.”"
"Lastly, he alleges that on August 20, 2014, he learned the “forms never reach[ed] [the New] Orleans[] [RO]” and “the counselor [] was upset that [he] continue® to call asking about these form[s] and want[ed] to know who [] [he] had been talking to,” and refused to filed a notice of appeal.","Lastly, he claims that on August 20, 2014, he learned the “forms never reach[ed] [the New] Orleans[] [RO]” and “the counselor [] was upset that [he] continue® to call asking about these form[s] and want[ed] to know who [] [he] had been talking to,” and refused to file a letter of re-examination of the case."
"A jury is not required to accept an expert’s opinion, and defendants’ experts present different opinions, but a jury could reasonably find, on the basis of plaintiffs’ experts’ opinions, that it is more likely than not that one of defendants’ PIFs was contaminated and caused E.B.’s illness,","A jury is not required to accept an expert’s opinion, and accused’s experts present different opinions, but a jury could reasonably find, on the basis of claimants’ experts’ opinions, that it is more likely than not that one of accused’s PIFs was contaminated and caused E.B.’s illness,"
"Approximately one week later, the FTC and Defendant filed a Consent Judgment and Order in which Defendant agreed to, among other things, not assess or collect “any Fee for a Default-Related Service unless it is a reasonable Fee charged ... for a Default-Related Service that is actually performed.” (Doc.","Approximately one week later, the FTC and opponent filed a settlement agreement in which opponent agreed to, among other things, not assess or collect “any Fee for a Failure to Pay-Related Service unless it is a reasonable Fee charged ... for a Failure to Pay -Related Service that is actually performed.” (Doc."
"The date of admission to a non-VA hospital where a veteran was maintained at VA expense will be accepted as the date of receipt of a claim, if VA maintenance was previously authorized; but if VA maintenance was authorized subsequent to admission, the date VA received notice of admission will be accepted.","The date of admission to a non-VA hospital where a veteran was maintained at VA expense will be accepted as the date of receipt of a claim, if VA maintenance was previously authorized; but if VA maintenance was authorized subsequent to admission, the date VA received notice of admission will be accepted."
Ms. Haynes later submitted a request to the Regional Office to reopen her claim on the presentation of new documentation showing a decision by the Army Board of Correction of Military Records (“ABCMR”) to award Ms. Haynes an annuity as a “former spouse” under the Uniformed Services Former Spouse Protection Act (“USFSPA”).,Ms. Haynes later submitted a request to the Regional Office to reopen her claim on the presentation of new documentation showing a decision by the Army Board of Correction of Military Records (“ABCMR”) to grant Ms. Haynes an annuity as a “ex-husband/wife’’ under the Uniformed Services Former Spouse Protection Act
"Five months after Mayor Graf was elected, he published a “From Your Mayor” opinion piece in the Farmingdale Observer, which stated, in part: “We have defined an area of the Village for possible redevelopment and have ... put this plan on the ‘front burner.’ Much of the property [near] Secatogue Avenue ... is within the ‘blighted’ area.” (Ex.","Five months after Mayor Graf was elected, he published a “From Your Mayor” opinion piece in the Farmingdale Observer, which stated, in part: “We have defined an area of the Village for possible redevelopment and have ... give immediate attention to this plan.’ Much of the property [near] Secatogue Avenue ... is within the run-down neighborhood.”"
"The district court had federal question jurisdiction over the § 1983 claim and supplemental jurisdiction over the state-law gross negligence claim, and ""a federal court exercising supplemental jurisdiction over state law claims is bound to apply the law of the forum state to the same extent as if it were exercising its diversity jurisdiction.” Bass v. First Pac.","The small case court had federal question authority over the § 1983 claim and supplemental jurisdiction over the state-law gross negligence claim, and ""a federal court exercising supplemental authority over state law claims is bound to apply the law of the state where a legal case is filed to the same extent as if it were exercising its the power to hear lawsuits that do not involve a federal question Bass v. First Pac"
"Those guidelines, the 2005 Flow Plan explicitly provides, are set forth in “SunTrust Mortgage guidelines that are currently being used and have been mutually agreed upon.” The partial integration doctrine obtains in situations where, wholly unlike this one, the written instrument is silent on a material issue and consequently fails to impart a “complete legal obligation.” Cf.","Those guidelines, the 2005 Flow Plan explicitly provides, are set forth in “SunTrust Mortgage guidelines that are currently being used and have been mutually agreed upon.” The partial integration doctrine be valid in situations where, wholly unlike this one, the written instrument does not cover a material issue and consequently fails to create a “complete legal obligation.”"
"On appeal to this Court, the appellant argued that she satisfied the criteria for non-service-connected burial benefits because (1) the phrase “in receipt of compensation” in section 2302(a)(1) should be interpreted to include those veterans who were entitled to receive compensation at death, and (2) Mr. Wingard was entitled to receive compensation at the time of his death because 38 U.S.C.","On appeal to this Court, the claimant argued that she satisfied the criteria for non-service-connected burial benefits because (1) the phrase “in receipt of compensation” in section 2302(a)(1) should be interpreted to include those veterans who were entitled to receive compensation at death, and (2) Mr. Wingard was entitled to receive compensation at the time of his death because 38 U.S.C."
"In order to establish a prima facie case for discrimination under § 1981, the plaintiff must show that (1) it is a member of a protected class; (2) it sought to enter into a contractual relationship with the defendant; (3) it met the defendant’s ordinary requirements to enter into a contract with it; (4) it was denied the opportunity to enter into a contract with the defendant that was otherwise afforded to companies owned by whites.","In order to establish a arguable claim for discrimination under § 1981, the claimant must show that (1) it is a member of a protected class; (2) it try to make  a contract with the accused; (3) it met the defendant’s ordinary requirements to enter into a contract with it; (4) it was denied the opportunity to enter into a contract with the accused that was otherwise provided to companies owned by whites."
"Courts may issue a writ of mandamus only if three conditions are satisfied: 1) the petitioner must demonstrate that he lacks adequate alternative means to attain the desired relief, thus ensuring that the writ is not used as a substitute for the appeals process, 2) the petitioner must demonstrate a clear and indisputable right to the writ, and 3) the court must be convinced, given the circumstances, that the issuance of a writ is warranted.","Courts may issue an order only if three conditions are satisfied: 1) the requester must demonstrate that he lacks adequate alternative means to attain the desired relief, thus ensuring that the writ is not used as a substitute for the appeals process, 2) the requester must demonstrate a clear and indisputable right to the court order, and 3) the court must be convinced, given the circumstances, that the giving a order from a court is necessary."
"In determining when an action is commenced by the Secretary of Labor under this subsection for the purposes of the statutes of limitations provided in section 255(a) of this title, it shall be considered to be commenced in the case of any individual claimant on the date when the complaint is filed if he is specifically named as a party plaintiff in the complaint, or if his name did not so appear, on the subsequent date on which his name is added as a party plaintiff in such action.","In determining when an action is started by the Secretary of Labor under this subsection for the purposes of the limitation period provided in section 255(a) of this title, it shall be considered to be started in the case of any individual claimant on the date when the complaint is filed if he is specifically named as a party plaintiff in the complaint, or if his name did not so appear, on the subsequent date on which his name is added as a party plaintiff in such action."
"While a federal court may exercise supplemental jurisdiction over state law claims “that are so related to claims in the action within [the Court’s] original jurisdiction that they form a part of the same case or controversy under Article III of the United States Constitution,” a court may decline to exercise such jurisdiction where it “has dismissed all claims over which it has original jurisdiction.” Indeed, unless “consideration of judicial economy, convenience and fairness to litigants” weigh in favor of the exercise of supplemental jurisdiction, “a federal court should hesitate to exercise jurisdiction over state claims.” Because Plaintiffs complaint fails to state a viable federal claim, and because this case is at the beginning stages of litigation, the Court declines to exercise supplemental jurisdiction over Plaintiffs state law claims at this time.","While a federal court may exercise additional jurisdiction over state law claims “that are so related to claims in the action within [the Court’s] original jurisdiction that they form a part of the same case or controversy under Article III of the United States Constitution,” a court may reject to exercise such jurisdiction where it “has dismissed all claims over which it has original jurisdiction.” Indeed, unless “consideration of judicial economy, convenience and fairness to litigants” weigh in favor of the exercise of supplemental jurisdiction, “a federal court should hesitate to exercise jurisdiction over state claims.” Because Plaintiffs complaint fails to state a viable federal claim, and because this case is at the beginning stages of litigation, the Court rejects to exercise additional jurisdiction over Plaintiffs state law claims at this time."
"While there is no evidence in the Thurman opinion that the plaintiff expressly challengfed the application of the limitations provision on the basis of the change in corporate entity, this Court finds the Sixth Circuit’s application of the Chrysler Corporation provision instructive; in the absence of evidence or legal authority to the contrary, the agreement with Pinnacle precludes a finding of a legitimate expectation of just cause employment.","While there is no evidence in the Thurman opinion that the plaintiff clearly refuted the application of the limitations provision on the basis of the change in corporate entity, this Court finds the Sixth Circuit’s application of the Chrysler Corporation provision instructive; in the absence of evidence or legal authority to the contrary, the agreement with Pinnacle precludes a finding of a legitimate expectation of just cause employment."
"In this matter, Dr. Pence offers four opinions: (1) BSC did not conduct adequate testing of the Pinnacle product prior to placing them on the market; (2) the Pinnacle product was inadequately labeled; (3) patients could not adequately consent to the surgical implantation of the Pinnacle due to the misbranding of these products; and (4) BSC failed to meet the post-market vigilance standard of care for their products, leading to further mis-branding.","In this matter, Dr. Pence offers four opinions: (1) BSC did not conduct adequate testing of the Pinnacle product prior to placing them on the market; (2) the Pinnacle product was inadequately labeled; (3) patients could not adequately consent to the surgical implantation of the Pinnacle due to the misbranding of these products; and (4) BSC failed to meet the post-market precaution standard of care for their products, leading to further mis-branding."
"However, even if the Plaintiff does so and makes out a prima facie retaliation claim because “there is evidence that the adverse employment action was motivated in part by protected speech, the government can avoid liability if it can show that it would have taken the same adverse action in the absence of the protected speech.” Heil v. Santoro, 147 F.3d 103, 109 (2d Cir.1998).","However, even if the Plaintiff does so and makes out a at first sight response because “there is evidence that the adverse employment action was motivated in part by freedom of speech, the government can prevent liability if it can show that it would have taken the same adverse action in the absence of the freedom of speech.” Heil v. Santoro, 147 F.3d 103, 109 (2d Cir.1998)."
"Moreover, any such inference is belied by Commerce’s reference to its final determination in Galvanized Steel and Wire From the People's Republic of China, which describes Commerce's offsetting practice for the AD cash deposit rate as premised only on the concept that domestic subsi dies had a symmetrical effect upon export and domestic prices.","Moreover, any such deduction is belied by Commerce’s reference to its final determination in Galvanized Steel and Wire From the People's Republic of China, which describes Commerce's balancing practice for the AD cash deposit rate as premised only on the concept that domestic subsidies had a symmetrical effect upon export and local prices."
"Ms. Swanson also argues that the Veterans Court failed to decide an issue correctly, but she does not support this allegation with anything more than the phrase “controversies to which the United States shall be a part” followed by citations to two Supreme Court cases addressing the scope of the judicial power under Article III.","Ms. Swanson also argues that the Veterans Court failed to decide an issue correctly, but she does not support this argument with anything more than the phrase “controversies to which the United States shall be a part” followed by citations to two Supreme Court cases addressing the field of the judicial power under Article III."
"However, other Ninth Circuit cases shed some light on exactly when detention becomes “prolonged.” First, in Nadarajah v. Gonzales, the Ninth Circuit reviewed Supreme Court cases and found that the Court had “used the six-month period as the touchstone of reasonableness.” 443 F.3d 1069, 1080 (9th Cir.2006).","However, other Ninth Circuit cases shed some light on exactly when arrest becomes “extended.” First, in Nadarajah v. Gonzales, the Ninth Circuit reviewed Supreme Court cases and found that the Court had “used the six-month period as the touchstone of reasonableness.” 443 F.3d 1069, 1080 (9th Cir.2006)."
"Based on the totality of the circumstances—the anonymous caller claiming to have eye-witness knowledge, the contemporaneous reporting of the activity, and the specificity of the description of the person holding the firearm, which the PRPD matched to Rivas-Castro—the call was reliable.","Based on the unity of the circumstances—the anonymous caller claiming to have eye-witness knowledge, the modern reporting of the activity, and the specificity of the description of the person holding the firearm, which the PRPD matched to Rivas-Castro—the call was reliable."
"Citadel further alleges that it has been damaged by “breach of the parties’ agreement because it has lost the benefit of the bargain it would have otherwise enjoyed if it had been able to complete the project and lease it to [WRMC], as called for in the parties’ agreement.”","Citadel further aserts that it has been damaged by “breach of the parties’ agreement because it has lost the benefit of the bargain it would have otherwise enjoyed if it had been able to complete the project and lease it to [WRMC], as called for in the parties’ agreement.”"
"Plaintiffs also admit that “the Complaint and the exhibits ... allege a pattern of racketeering extending to just under one year,” but they argue- that “the ‘two year’ requirement in order to establish closed-ended continuity is not a bright-line rule.” (Pis.’ Opp’n Br.","Plaintiffs also accept that “the Complaint and the exhibits ... assert a pattern of blackmailing extending to just under one year,” but they argue- that “the ‘two year’ requirement in order to establish closed-ended continuity is not a straightforward rule.”"
"In her summary judgment briefs, Otico presented a surprise argument (a surprise to Hawaiian and to the Court, anyway) that Hawaiian failed to pay her for ten minutes of time she worked on each of eight separate days after she’d completed the training program.","In her summary judgment briefs, Otico presented a surprise argument (a surprise to Hawaiian and to the Court, anyway) that Hawaiian did not pay her for ten minutes of time she worked on each of eight separate days after she’d completed the training program."
"Although the title refers to wartime, section 1157 extends the compensation rates in sub-chapter II ""to those veterans who served during a period of war and during any other time, who have suffered a disability in the line of duty in each period of service.”","Although the title refers to wartime, section 1157 extends the recovery rates in sub-chapter II ""to those veterans who served during a period of war and during any other time, who have suffered a disability in the line of duty in each period of service.”"
Tutin also wrote that Santangelo struggled to adapt even though he was expected to recognize problems and react more quickly moving forward and that Tu-tin expected Santangelo to transform Alsip into a more robust and flexible group capable of addressing industry challenges.,Tutin also wrote that Santangelo struggled to adapt even though he was expected to recognize problems and react more quickly moving forward and that Tu-tin expected Santangelo to transform Alsip into a more strong and flexible group capable of addressing industry challenges.
"Without an admission from GEICO, medical testimony from an expert or her treating physician, or circumstances of the type that lay jurors could extrapolate from the evidence a causal connection between accident and injury, Blair is unable to make that showing as a matter of law.","Without an admission from GEICO, medical testimony from an expert or her treating physician, or circumstances of the type that lay jurors could guess from the evidence a causal connection between accident and injury, Blair is unable to make that showing as a matter which concerned with the interpretation of the law."
"The Board also found that the medical evidence of record, especially the 2011 examiner’s report, showed that other post-service injuries and normal wear and tear of age and his employment as a truck driver, not any basic training injury, most likely caused Vann’s lower back pain.","The Board also found that the medical evidence of record, especially the 2011 examiner’s report, showed that other post-service injuries and normal effects of aging that are caused by progressive damage to cells and body systems over time and his employment as a truck driver, not any basic training injury, most likely caused Vann’s lower back pain."
"Finally, contrary to Defendant Hernandez’s assertions, the Report concluded that, based upon the “supporting documentation, it appears that [EPFCU] sustained a loss of at least $19 million resulting from the actions of their former employee ... Hernandez.” Report 4 (emphasis added).","Finally, contrary to Defendant Hernandez’s assertions, the Report concluded that, based upon the “supporting documentation, it appears that [EPFCU] incurred a loss of at least $19 million resulting from the actions of their former employee ... Hernandez.” Report 4 (emphasis added)."
"The Second Amended Complaint makes clear that the relator is alleging that Boston Heart’s claims were “legally false” because, according to the relator, Boston Heart certified that the tests it performed were medically necessary even though they were not medically necessary for certain populations.","The Second Amended Complaint makes clear that the relator is asserting that Boston Heart’s claims were “legally false” because, according to the relator, Boston Heart certified that the tests it performed were medically necessary even though they were not medically necessary for certain populations."
"Relying on these cases and a textual analysis of the provisions at issue, Husic argues that § 212(h) has been made unavailable only to an alien who was admitted as an LPR, rather than one who, like Husic, adjusted to LPR status once already in the United States after lawful entry as a visitor.","Relying on these cases and a textual analysis of the provisions at issue, Husic argues that § 212(h) has been made unavailable only to an foreign who was admitted as an LPR, rather than one who, like Husic, adjusted to LPR status once already in the United States after legal entry as a visitor."
"Similarly, the fact that the regulation authorizes a single extra-schedular evaluation— “an extra-schedular evaluation” — arising from the “disability or disabilities” indicates that referral for extra-schedular evaluation may be based on the collective impact of the veteran’s disabilities.","Similarly, the fact that the regulation confirms a single extra-schedular evaluation— “an evaluation awarded outside of the rating schedule due to an unusual manifestation of the particular condition that causes it to interfere more with the individual's ability to be employed” — arising from the “disability or disabilities” point outs that referral for extra-schedular evaluation may be based on the collective impact of the veteran’s disabilities."
"Considering the policy and purpose behind Rule 13(a), the court permitted the claim to go forward because it found no sign of the “circuity of action that Rule 13(a) was aimed at preventing,” since the plaintiffs bringing of multiple actions was required by statute.","Considering the policy and purpose behind Rule 13(a), the court permitted the claim to go forward because it found no sign of the “circuity of action that Rule 13(a) was aimed at preventing,” since the plaintiffs bringing of multiple actions was required by law."
"Second, appointing an interim director does not require the appointing authority to provide the same benefits; indeed, if it did, then the on-leave employee could contend that the position was filled on a permanent basis while she was on FMLA leave.","Second, appointing an temporary director does not require the appointing authority to provide the same benefits; indeed, if it did, then the on-leave employee could hold that the position was filled on a permanent basis while she was on family and medical leave."
"Once the movant properly configures a summary-judgment motion, the burden shifts onto the nonmovant—or “the party who bears the burden of proof at trial,” Geshke v. Crocs, Inc., 740 F.3d 74, 77 (1st Cir.","Once the (movant) The party who moves for the judge to rule in favor of a motion has properly structured the summary judgment, the burden shifts onto the nonmovant—or “the party who bears the burden of proof at trial,” Geshke v. Crocs, Inc."
"Furthermore, the plaintiff concedes in her Opposition that the Act was enacted “to keep D.C. residents out of harm’s way,” and therefore creates a “general public duty.” Pl.’s Opp’n to Defs.’ Mot.","Furthermore, the complainant admits in her Opposition that the Act was made “to keep D.C. residents out of harm’s way,” and therefore creates a “general public duty.” Pl.’s Opp’n to Defs.’ Mot."
"In addition, the Secretary states that “it is clear [that DC] 5284 is not applicable in this case,” as the plain language of that DC “foreclose[s] rating a foot condition ... that was not the result of an in-service injury.”","In addition, the Secretary states that “it is clear [that DC] 5284 is not applicable in this case,” as the plain language of that DC “preclude[s] rating a foot condition ... that was not the result of an in-service injury.”"
"Plaintiff concedes that her wrongful discharge claim “does not fit within the limitations of the WLAD, FMLA or WFLA because she did not meet the required number of hours worked in the year prior to the accrual of her claim.” ECF No.","Complainant admits that her illegal termination claim “does not fit within the limitations of the WLAD, FMLA or WFLA because she did not meet the required number of hours worked in the year prior to the accumulation of her claim.”"
"Because the State of South Dakota filed suit on its own accord in state court in this case, at a time of its own choosing, with its hand-picked defendants, no such unfair prejudice is present, and FAG Bearings can appropriately be distinguished.","FAG Bearings can appropriately be distinguished because the State of South Dakota filed suit on its own accord in state court in this case, at a time of its own choosing, with its hand-picked defendants, without any unfair present prejudice."
"The Government has called at trial two so-called “cooperating witnesses,” ie, alleged co-conspirators of the defendants who have pleaded guilty and who are “cooperating” with the Government by testifying at trial in hopes of receiving a sentence reduction.","The Government has called two alleged “cooperating witnesses” at trial, ie, proclaimed collaborators of the respondents who have admitted their guilt and who are “cooperating” with the Government by testifying at trial, in hopes of receiving a sentence reduction."
"A farmout agreement is ""[a] very common form of agreement between operators, whereby a lease owner not desirous of drilling at the time agrees to assign the lease, or some portion of it (in common or in severalty) to another operator who is desirous of drilling the tract.""","A farmout agreement is ""[a] very common form of agreement between operators, whereby a rental owner not desiring to drill at the time agrees to transfer the rental contract or part of it (jointly or individually) to another operator with a desire to drill the tract.”"
"To the extent Mr. Washington argues that the Veterans Court should have decided the gunshot wound claim in his favor without requiring a remand, he raises factual .issues of sufficiency of the evidence concerning his duty status at the time he was shot, and issues of his credibility.","To the extent Mr. Washington argues that the Veterans Court should have decided the gunshot wound claim in his favor without requiring a committal to custody, he raises factual issues of sufficiency of the evidence concerning his duty status at the time he was shot, and issues of his credibility."
"The Fourth Circuit reasoned that Geriatric Release does pot provide juveniles with the opportunity to obtain release “based on demonstrated maturity and rehabilitation,” as required by Graham, because the Parole Board has the authority to deny release “for any reason whatsoever.”","The Fourth Circuit reasoned that Geriatric Release does not provide young people with the opportunity to be released “based on demonstrated maturity and rehabilitation,” as Graham required, because the Parole Board has the authority to deny release “for any reason whatsoever.”"
"Before this court, Mr. Smith characterizes the Plan as a settlement agreement and argues that the Veterans Court failed to “enforce” the settlement agreement; Mr. Smith requests that we remand his case to the Veterans Court with instructions that it “enforce” the settlement agreement approved by this court in NOVA.","Before this court, Mr. Smith characterizes the Plan as a settlement agreement and argues that the Veterans Court failed to “enforce” the settlement agreement. Mr. Smith requests to send his case to the Veterans Court with instructions that it “enforce” the settlement agreement approved by this court in NOVA."
"In this case, where the plaintiff has not produced time-sheets and the defendant has failed to respond, the Court will accept Martinez’s declaration, submitted under the penalty of perjury, as to the hours she worked and wages she received, except to the extent that her declaration seeks relief beyond that sought in the complaint.","In this case, where the claimant has not produced time-sheets and the respondent has failed to respond, the Court will accept Martinez’s declaration of hours she worked and wages she received, except where the statement seeks a remedy beyond that sought in the complaint."
"In all, the development of the Plan entailed a process of shifting and re-shifting portions of the County from one district to another, reviewing the resdlt, and trying again.” The Commissioners deferred greatly to Brace in developing the remedial plans, and further deferred to Brace and their attorneys regarding the plans’ legality.","As a result, the development of the Plan required a process of shifting and re-shifting parts of the County from one district to another, reviewing the result, and trying again."
"The quagmire of alternative definitions for assault on a female is further highlighted in the more recent cases arising out of the North Carolina appellate courts, which seem to recognize proof of either force or violence, particularly in cases where a battery based on force alone, even if only slight, provides the basis for the “assault” element of the crime.","The dilemma of alternative definitions for assault on a female is further highlighted in the more recent cases arising out of the North Carolina courts relating to appeals, which seem to recognize proof of either force or violence, particularly in cases where a battery based on force alone, even if only slight, provides the basis for the “assault” element of the crime."
"The Wisconsin Supreme Court concluded that chapter 980 did not require dismissal of Gilbert’s commitment petition because the chapter does not contain language allowing for dismissal in his circumstances, does not set a time period for execution of a commitment order, and provides that an individual may be simultaneously committed under chapter 980 and incarcerated at a DOC facility.","The Wisconsin Supreme Court concluded that chapter 980 did not require termination of Gilbert’s commitment petition because the chapter does not contain language allowing for it in his circumstances, does not set a time period for execution of a custody order, and provides that an individual may be simultaneously committed under chapter 980 and incarcerated at a DOC facility."
"Plaintiff Fraternal Order of Police Penn-Jersey Lodge 30 (“FOP”) brought this action against Defendant Delaware River Port Authority (“DRPA”) to move the Court for a mandatory injunction ordering the DRPA to submit to binding interest arbitration over the terms and conditions of employment for the patrol officers, corporals, and sergeants whom FOP represents and whom DRPA employs.","Complainant Fraternal Order of Police Penn-Jersey Lodge 30 (“FOP”) brought this action against Respondent Delaware River Port Authority (“DRPA”) to move the Court for a mandatory restraining, ordering the DRPA to be subject to a binding interest arbitration over the terms and conditions of employment for the patrol officers, corporals, and sergeants whom FOP represents and whom DRPA employs."
"Third, because applications for second or successive petitions based on Johnson arguably must be filed before June 26, 2016 (we do not decide that question now), if the Supreme Court concludes in Welch that Johnson is retroactive, failing to hold the applications in abeyance could deprive petitioners of the benefit of Johnson’s ret-roactivity and render a determination of retroactivity meaningless, as a practical matter.","Third, if the Supreme Court concludes in Welch that Johnson is retroactive, failing to hold the applications in discontinuation could deprive petitioners of the benefit of Johnson’s retroactivity. It also renders a determination of retroactivity meaningless as a practical matter because applications for second or successive petitions based on Johnson arguably must be filed before June 26, 2016 (we do not decide that question now)."
"Finally, this Court has considered Peters’s reliance on United States v. Quinones, wherein the court, faced with a similar motion, granted the defendant’s request for a stay of forfeiture, reasoning that “[i]f the government were to sell the four parcels in such a [slumped] market, they [sic] would, in effect, be foregoing any potential for appreciation in value once the market recovers; this loss will ultimately be borne by [the defendant] if the forfeiture order is reversed on appeal.” No.","Finally, this Court has considered Peters’s reliance on United States v. Quinones. Faced with a similar motion, the court granted the respondent's request for a stay of forfeiture, reasoning that “[i]f the government were to sell the four parcels in such a [slumped] market, they [sic] would, in effect, be foregoing any potential for appreciation in value. Once the market recovers; this loss will ultimately be borne by [the defendant] if the forfeiture order is reversed on re-examination.”"
"On appeal, Niehaus reinterprets the accepted facts of this case and attempts to paint USB as an “ ‘eyes wide open’ participant in the fraud.” She bases her allegation that USB conspired with her on the assertions that (1) USB knew of her unlawful conduct by early 2010 when it confronted her about her fraud and asked her to resign; (2) one of USB’s owners refused her resignation and thereby allowed her to continue to embezzle funds; (3) USB advised her to withdraw D.C. and J.C.’s funds and transfer the money to another bank; arid (4) in the civil suit, USB agreed to release Nie-haus from any and all claims relating to the litigation.","On appeal, Niehaus reinterprets the accepted facts of this case and attempts to paint USB as an “ ‘eyes wide open’ participant in the fraud.”  She bases her allegation that USB conspired with her claiming that (1) USB knew of her unlawful conduct by early 2010 when it confronted her about her fraud and asked her to resign; (2) one of USB’s owners refused her resignation and thereby allowed her to continue to steal funds; (3) USB advised her to withdraw D.C. and J.C.’s funds and transfer the money to another bank (4) in the civil suit, USB agreed to release Nie-haus from any and all claims relating to the litigation."
"Witness, for example, his continued emphasis on the facts that Mr. Mitchell could have appealed the September 2003 decision, challenged its determination that new and material evidence had not been submitted, and raised the fact that VA never respond ed to the December 1973 audiogram, but failed to do so, post at 445, even though the Federal Circuit explicitly rejected almost identical objections in Beraud, see 766 F.3d at 1406 n. 1.","Witness, for example, continued his emphasis on the facts that Mr. Mitchell could have asked for re-examination of the September 2003 decision, challenged its determination that new and material evidence had not been submitted, and raised the fact that VA never responded to the December 1973 audiogram, but post at 445,  failed to do so, even though the Federal Circuit explicitly rejected almost identical objections in Beraud, see 766 F.3d at 1406 n. 1."
"The court’s central purpose in granting leave to implead a third party is “to promote judicial efficiency by eliminating the necessity for the defendant to bring a separate action against a third individual who may be secondarily or derivatively liable to the defendant for all or part of the plaintiffs original claim.” Sw. Adm’rs, Inc. v. Rozay’s Transfer, 791 F.2d 769, 777 (9th Cir.1986).","The court’s central purpose in allowing to sue a third party is to promote judicial efficiency by eliminating the necessity for the defendant to bring a separate action against a third person. This third person may be connectedly responsible to the defendant for all or part of the plaintiffs original request.” Sw. Adm’rs, Inc. v. Rozay’s Transfer, 791 F.2d 769, 777 (9th Cir.1986)."
"A reciprocal insurance exchange, “in its pure form ... is a web of contractual relationships between subscribers who agree to insure one another, consummated through a common agent with power of attorney.” The overriding question is whether USAA is properly treated as a corporation or an unincorporated association for purposes of diversity jurisdiction.","A mutual insurance exchange, “in its pure form ... is a web of contractual relationships between subscribers who agree to insure one another. This is completed through a common agent with authority. The primary question is whether USAA is properly treated chartered or not chartered as a legal entity for purposes of the U.S. federal courts’ power to hear lawsuits that do not involve a federal question."
"Congress enacted the FDCPA in 1977 “to eliminate abusive debt collection practices by debt collectors, to insure that those debt collectors who refrain from using abusive debt collection practices are not competitively disadvantaged, and to promote consistent State action to protect consumers against debt collection abuses.” 15 U.S.C.","Congress made into an act the FDCPA in 1977. This had three purposes: First, to eliminate abusive debt collection practices by debt collectors. Second, to ensure that those debt collectors who avoid abusive debt collection practices are not competitively disadvantaged. Third, to promote consistent State action to protect consumers against debt collection abuses.” 15 U.S.C."
"See e.g., Potts, 882 F.2d at 1324 (“A statute modifying the content of state tort law doctrines of contributory and comparative negligence seems to us to be a classic example of the type of substantive rule of law binding upon a federal court in a diversity case.”); Winningham v. Swift Trans.","See e.g., Potts, 882 F.2d at 1324 (“A statute modifying the content of state tort law doctrines of contributory and comparative fault seems to us to be a classic example of the type of substantive rule of law binding upon a federal court in a civil case involving parties that are diverse in citizenship.”); Winningham v. Swift Trans."
"“If the conduct did not violate a clearly established constitutional right, or if it was objectively reasonable for the [official] to believe that his conduct did not violate such a right, then the [official] is protected by qualified immunity.”","“If the behavior did not violate a clearly established constitutional right, or if it was objectively reasonable for the [official] to believe that his behavior did not violate such a right, then the [official] is protected by qualified exemption.”"
"Here, relying on its president’s affidavit, plaintiff alleges that “stock ownership [in Patriot Lines and Vessel Operations] was restricted to the Brophys and that the two companies existed as a ‘facade for the [Brophys’] operations.’ ” (Paper No.","Here, relying on its president’s statement under oath, claimant claims that “stock ownership [in Patriot Lines and Vessel Operations] was restricted to the Brophys and that the two companies existed as a ‘deceptive appearance for the [Brophys’] operations.’ ”"
"But the bottom line is the more protection, if you will, we can provide for the families of those who are going through what has to be just the most horrific time in their life, I think we have an obligation to do it.","But the bottom line is the more protection, if you will, we can provide for the families of those who are going through what has to be just the most horrific time in their life, I think we have an obligation to do it."
"Instead, “[vigorous cross-examination, presentation of contrary evidence, and careful instruction on the burden of proof are the traditional and appropriate means of attacking shaky but admissible evidence.” Daubert, 509 U.S. at 595, 113 S.Ct.","Instead, “[questioning of the witness by the opposing party efficiently, presentation of adverse evidence, and careful instruction on the duty to prove disputed assertion are the traditional and appropriate means of attacking shaky but admissible evidence.”"
"Such standards are critical because even in cases where a regulation is content- neutral on its face, “placing unbridled discretion in the hands of a government official or agency ... may result in censorship.” Lakewood, 486 U.S. at 758, 108 S.Ct.","Such standards are critical. Because even in cases where a regulation is content- neutral at first sight, “giving uncontrolled discretion in the hands of a government official or agency ... may result in censorship.” Lakewood, 486 U.S. at 758, 108 S.Ct."
The Agreement further states that the “arbitrators must make their decision within 60 days following the termination of the hearing” and that “[t]he majority decision of any two arbitrators” of the three-arbitrator panel “will be final and binding” on the parties.,The Agreement states that the “arbitrators must make their decision within 60 days following the end of the hearing”. Also “[t]he majority decision of any two arbitrators” of the three-arbitrator panel “will be final and binding” on the parties.
"Here, Giwa has presented no evidence at all to counter Landes’ affidavit that sets forth her understanding of the facts on which she based her conclusion that Giwa was under-performing as a Senior Urban Planner or that he made mistakes that deserved a lower rating.","Here, Giwa could not prove the facts that counter Landes’ testimony that sets forth her understanding of the facts on which she based her conclusion that Giwa was under-performing as a Senior Urban Planner or that he made mistakes that deserved a lower rating."
"Underwriting purposes include, among other things, the decision whether or not to issue a policy, the amount and terms of coverage, and whether to renew or cancel a policy, but an insurer may not obtain a consumer report for the purposes of evaluating a claim.","Insuring purposes include, among other things, the following: The decision whether or not to issue a policy, the amount and terms of coverage, and whether to renew or cancel a policy. However, an insurer may not obtain a consumer report for the purposes of evaluating a request."
That record also stated that on that date the “[c]ourt found defendant guilty as charged in the information and ordered a Judgment of Conviction to be entered on the record.... Court ordered defendant REMANDED into the custody of the Milwaukee County Sheriffs Department.”,That record also stated that on that date the “[c]ourt found defendant guilty as charged in the information and ordered a Judgment of Guilty to be entered on the record.... Court ordered defendant placed into the custody of the Milwaukee County Sheriffs Department.”
"The issue here is whether an insured can round up general settlements from its subcontractors, unilaterally decide that they will be allocated to uncovered damages, and then go after the insurers that would cover the damages if the loss was properly allocated to that policy, .","The issue here is whether an insured can collect general settlements from its subcontractors, one-sided decide that they will be assigned to uncovered damages, and then seek the insurers that would cover the damages if the loss was properly allocated to that policy."
"The Supreme Court briefly addressed the issue within the scope of the Fair Housing Act, summarizing that if a tester has “suffered injury in precisely the form the statute was intended to guard against,” then regardless of the motivation behind bringing the suit, an injury has occurred.","The Supreme Court briefly addressed the issue within the scope of the Fair Housing Act. It summarized that, regardless of the motivation behind the action, an injury has occurred, if a tester is injured in the exact form the statute was intended to protect against."
"For past performance, the solicitation informed offerors that “[t]he Government will conduct a performance confidence assessment based upon the past performance of major or critical aspects of the requirement as it relates to the probability of successfully performing the solicitation requirements.”",The solicitation informed offerors. The Government will conduct a performance confidence assessment based upon the past performance of major or critical aspects of the requirement in terms of the probability of successfully performing the solicitation requirements.
"When a federal court sits in diversity, it “has personal jurisdiction over a non-resident defendant if (1) an applicable state long-arm statute confers jurisdiction and (2) the assertion of that jurisdiction is consistent with constitutional due process.” Nichols v. G.D. Searle & Co., 991 F.2d 1195, 1199 (4th Cir.1993).","If an applicable state far reaching statute confers jurisdiction and the assertion of that jurisdiction is consistent with constitutional due process, a federal court has personal jurisdiction over a non-resident defendant. ” Nichols v. G.D. Searle & Co., 991 F.2d 1195, 1199 (4th Cir.1993)."
"A decision is considered “final and ... appealable where it 1) resolves and seriously affects substantive rights and 2) finally determines the discrete issue to which it is addressed.” Dye v. Brown (In re AFI Holding, Inc.), 530 F.3d 832, 836 (9th Cir.2008) (quoting Schulman v. California (In re Lazar), 237 F.3d 967, 985 (9th Cir.2001)).","If a decision resolves and seriously affects essential rights and finally determines the concrete issue to which it is addressed, that decision is considered ""final and appealable"". Dye v. Brown (In re AFI Holding, Inc.), 530 F.3d 832, 836 (9th Cir.2008) (quoting Schulman v. California (In re Lazar), 237 F.3d 967, 985 (9th Cir.2001))."
"Once admitted into the Minnesota Department of Corrections (“MDOC”) system, Brooks received a chemical-dependency assessment, as all new inmates are required to have under Minnesota law, and was ordered to complete treatment in order to be transferred to a lower-security prison, qualify for work release, and avoid disciplinary sanctions.","Once admitted into the Minnesota Department of Corrections (“MDOC”) system, Brooks received a chemical-dependency assessment, as all new prisoners are required to have under Minnesota law. He was ordered to complete treatment in order to be transferred to a lower-security prison, qualify for work release, and avoid disciplinary sanctions."
Such a need is established if either: (1) failure to obtain expedited processing would pose an “imminent threat to the life or physical safety of an individual”; or (2) the requester is “primarily engaged in disseminating information” and shows an “urgency to inform the public concerning actual or alleged Federal Government ■ activity.” 5 U.S.C.,Such a need is accepted if either: (1) failure to obtain prompt processing would cause a “close threat to the life or physical safety of an individual”; or (2) the requester is “primarily engaged in disseminating information” and shows an “urgency to inform the public concerning actual or alleged Federal Government activity.” 5 U.S.C.
"The parties hereby agree that the nonbreaching party may seek specific performance or injunctive relief, and this provision shall be binding upon all successors and assigns.",The party that did not break the contract can ask the court to force performance or stop the other side from acting.
"If any provision of this Agreement is determined to be invalid or unenforceable, each party shall maintain the confidentiality of proprietary information disclosed hereunder, and the remaining provisions shall remain in full force and effect.",Each side must keep shared confidential information private.
"For the avoidance of doubt, no waiver of any term shall be deemed a waiver of any subsequent breach of the same or any other term, and no party shall rely on any oral representation to the contrary.",Agreeing to ignore one violation does not mean future violations are forgiven.
"For the avoidance of doubt, the party in default shall be afforded a reasonable opportunity to cure such default, and no party shall rely on any oral representation to the contrary.",The side that made a mistake gets a fair chance to fix the problem.
"The parties hereby agree that all notices required or permitted under this Agreement shall be in writing and delivered by certified mail or recognized courier service, and this provision shall be binding upon all successors and assigns.",All required notices must be written and sent by certified mail or a well-known delivery service.
"In the event of a dispute arising under this Agreement, the laws of the State of New York shall govern the interpretation and enforcement of this Agreement, and such dispute shall be resolved in accordance with the procedures set forth herein.",New York law controls how this contract is read and enforced.
"Where a party fails to perform its obligations as required, any assignment of this Agreement without the prior written consent of the other party shall be null and void, without prejudice to any other remedy available at law or in equity.",You cannot transfer this contract to someone else without written permission.
"The obligations set forth in this section shall survive termination of this Agreement, and the parties acknowledge that time is of the essence with respect to the performance of their respective obligations.",Both sides agree that deadlines in the contract really matter.
"The obligations set forth in this section shall survive termination of this Agreement, and the employee shall comply with all applicable policies, procedures, and codes of conduct promulgated by the employer.",The employee must follow the employer's rules and policies.
"Subject to applicable law and regulatory requirements, the customer shall remit payment in full within thirty (30) days of receipt of an accurate and undisputed invoice, and the parties shall cooperate in good faith to effectuate the intent of this Agreement.",The customer has thirty days to pay a correct bill in full.
"The parties hereby agree that interest shall accrue on any past-due amounts at the lesser of one and one-half percent (1.5%) per month or the maximum rate permitted by law, and this provision shall be binding upon all successors and assigns.",Late payments will collect interest up to the legal limit.
"In the event of a dispute arising under this Agreement, the contractor shall obtain and maintain at its own expense all licenses, permits, and approvals required to perform the services, and such dispute shall be resolved in accordance with the procedures set forth herein.",The contractor has to get any licenses or permits needed to do the work.
"To the fullest extent permitted by law, the limitation of liability set forth in this section shall not apply to damages arising from gross negligence or willful misconduct, and the limitations of liability specified in this section shall apply.",The damage limits do not apply if someone acts with gross negligence or on purpose.
"To the fullest extent permitted by law, the data subject shall have the right to access, correct, or delete personal data processed by the controller, and the limitations of liability specified in this section shall apply.",The person whose data is used can see it and ask to correct or delete it.
"The parties hereby agree that the tenant shall not make any structural alterations to the premises without the prior written consent of the landlord, and this provision shall be binding upon all successors and assigns.",The tenant needs the landlord's written permission before changing the structure of the space.
"If any provision of this Agreement is determined to be invalid or unenforceable, the insurance coverage required under this Agreement shall name the other party as an additional insured, and the remaining provisions shall remain in full force and effect.",The required insurance must list the other party as also being covered.
"Notwithstanding any other term contained herein, the company may, at its sole discretion, terminate this Agreement for convenience upon thirty (30) days' prior written notice, unless otherwise agreed to in a subsequent written amendment.",The company can choose to end the contract for any reason with thirty days' written notice.
"Subject to applicable law and regulatory requirements, the parties shall use commercially reasonable efforts to mitigate any damages arising from a breach of this Agreement, and the parties shall cooperate in good faith to effectuate the intent of this Agreement.",Both sides must try to reduce the harm caused by a breach.
"Subject to applicable law and regulatory requirements, any controversy or claim arising out of or relating to this Agreement shall be settled by binding arbitration, and the parties shall cooperate in good faith to effectuate the intent of this Agreement.",Any dispute about this contract will be decided by arbitration instead of a regular court.
"For the avoidance of doubt, the shareholder hereby irrevocably appoints the company as his or her proxy for purposes of voting the shares in accordance with this Agreement, and no party shall rely on any oral representation to the contrary.",The shareholder lets the company vote their shares as promised in the agreement.
"To the fullest extent permitted by law, the nonbreaching party may seek specific performance or injunctive relief, and the limitations of liability specified in this section shall apply.",The party that did not break the contract can ask the court to force performance or stop the other side from acting.
"The parties hereby agree that each party shall maintain the confidentiality of proprietary information disclosed hereunder, and this provision shall be binding upon all successors and assigns.",Each side must keep shared confidential information private.
"The parties hereby agree that no waiver of any term shall be deemed a waiver of any subsequent breach of the same or any other term, and this provision shall be binding upon all successors and assigns.",Agreeing to ignore one violation does not mean future violations are forgiven.
"Where a party fails to perform its obligations as required, the party in default shall be afforded a reasonable opportunity to cure such default, without prejudice to any other remedy available at law or in equity.",The side that made a mistake gets a fair chance to fix the problem.
"The parties hereby agree that all notices required or permitted under this Agreement shall be in writing and delivered by certified mail or recognized courier service, and this provision shall be binding upon all successors and assigns.",All required notices must be written and sent by certified mail or a well-known delivery service.
"The obligations set forth in this section shall survive termination of this Agreement, and the laws of the State of New York shall govern the interpretation and enforcement of this Agreement.",New York law controls how this contract is read and enforced.
"To the fullest extent permitted by law, any assignment of this Agreement without the prior written consent of the other party shall be null and void, and the limitations of liability specified in this section shall apply.",You cannot transfer this contract to someone else without written permission.
"Except as otherwise expressly provided in this Agreement, the parties acknowledge that time is of the essence with respect to the performance of their respective obligations, and each party shall bear its own costs and expenses.",Both sides agree that deadlines in the contract really matter.
"For the avoidance of doubt, the employee shall comply with all applicable policies, procedures, and codes of conduct promulgated by the employer, and no party shall rely on any oral representation to the contrary.",The employee must follow the employer's rules and policies.
"Notwithstanding any other term contained herein, the customer shall remit payment in full within thirty (30) days of receipt of an accurate and undisputed invoice, unless otherwise agreed to in a subsequent written amendment.",The customer has thirty days to pay a correct bill in full.
"If any provision of this Agreement is determined to be invalid or unenforceable, interest shall accrue on any past-due amounts at the lesser of one and one-half percent (1.5%) per month or the maximum rate permitted by law, and the remaining provisions shall remain in full force and effect.",Late payments will collect interest up to the legal limit.
"If any provision of this Agreement is determined to be invalid or unenforceable, the contractor shall obtain and maintain at its own expense all licenses, permits, and approvals required to perform the services, and the remaining provisions shall remain in full force and effect.",The contractor has to get any licenses or permits needed to do the work.
"Subject to applicable law and regulatory requirements, the limitation of liability set forth in this section shall not apply to damages arising from gross negligence or willful misconduct, and the parties shall cooperate in good faith to effectuate the intent of this Agreement.",The damage limits do not apply if someone acts with gross negligence or on purpose.
"The obligations set forth in this section shall survive termination of this Agreement, and the data subject shall have the right to access, correct, or delete personal data processed by the controller.",The person whose data is used can see it and ask to correct or delete it.
"In the event of a dispute arising under this Agreement, the tenant shall not make any structural alterations to the premises without the prior written consent of the landlord, and such dispute shall be resolved in accordance with the procedures set forth herein.",The tenant needs the landlord's written permission before changing the structure of the space.
"Notwithstanding any other term contained herein, the insurance coverage required under this Agreement shall name the other party as an additional insured, unless otherwise agreed to in a subsequent written amendment.",The required insurance must list the other party as also being covered.
"Notwithstanding any other term contained herein, the company may, at its sole discretion, terminate this Agreement for convenience upon thirty (30) days' prior written notice, unless otherwise agreed to in a subsequent written amendment.",The company can choose to end the contract for any reason with thirty days' written notice.
"To the fullest extent permitted by law, the parties shall use commercially reasonable efforts to mitigate any damages arising from a breach of this Agreement, and the limitations of liability specified in this section shall apply.",Both sides must try to reduce the harm caused by a breach.
"Subject to applicable law and regulatory requirements, any controversy or claim arising out of or relating to this Agreement shall be settled by binding arbitration, and the parties shall cooperate in good faith to effectuate the intent of this Agreement.",Any dispute about this contract will be decided by arbitration instead of a regular court.
"For the avoidance of doubt, the shareholder hereby irrevocably appoints the company as his or her proxy for purposes of voting the shares in accordance with this Agreement, and no party shall rely on any oral representation to the contrary.",The shareholder lets the company vote their shares as promised in the agreement.
"If any provision of this Agreement is determined to be invalid or unenforceable, the nonbreaching party may seek specific performance or injunctive relief, and the remaining provisions shall remain in full force and effect.",The party that did not break the contract can ask the court to force performance or stop the other side from acting.
"The parties hereby agree that each party shall maintain the confidentiality of proprietary information disclosed hereunder, and this provision shall be binding upon all successors and assigns.",Each side must keep shared confidential information private.
"For the avoidance of doubt, no waiver of any term shall be deemed a waiver of any subsequent breach of the same or any other term, and no party shall rely on any oral representation to the contrary.",Agreeing to ignore one violation does not mean future violations are forgiven.
"The parties hereby agree that the party in default shall be afforded a reasonable opportunity to cure such default, and this provision shall be binding upon all successors and assigns.",The side that made a mistake gets a fair chance to fix the problem.
"Notwithstanding any other term contained herein, all notices required or permitted under this Agreement shall be in writing and delivered by certified mail or recognized courier service, unless otherwise agreed to in a subsequent written amendment.",All required notices must be written and sent by certified mail or a well-known delivery service.
"The obligations set forth in this section shall survive termination of this Agreement, and the laws of the State of New York shall govern the interpretation and enforcement of this Agreement.",New York law controls how this contract is read and enforced.
"If any provision of this Agreement is determined to be invalid or unenforceable, any assignment of this Agreement without the prior written consent of the other party shall be null and void, and the remaining provisions shall remain in full force and effect.",You cannot transfer this contract to someone else without written permission.
"Subject to applicable law and regulatory requirements, the parties acknowledge that time is of the essence with respect to the performance of their respective obligations, and the parties shall cooperate in good faith to effectuate the intent of this Agreement.",Both sides agree that deadlines in the contract really matter.
"If any provision of this Agreement is determined to be invalid or unenforceable, the employee shall comply with all applicable policies, procedures, and codes of conduct promulgated by the employer, and the remaining provisions shall remain in full force and effect.",The employee must follow the employer's rules and policies.
"Where a party fails to perform its obligations as required, the customer shall remit payment in full within thirty (30) days of receipt of an accurate and undisputed invoice, without prejudice to any other remedy available at law or in equity.",The customer has thirty days to pay a correct bill in full.
"The obligations set forth in this section shall survive termination of this Agreement, and interest shall accrue on any past-due amounts at the lesser of one and one-half percent (1.5%) per month or the maximum rate permitted by law.",Late payments will collect interest up to the legal limit.
"Except as otherwise expressly provided in this Agreement, the contractor shall obtain and maintain at its own expense all licenses, permits, and approvals required to perform the services, and each party shall bear its own costs and expenses.",The contractor has to get any licenses or permits needed to do the work.
"Except as otherwise expressly provided in this Agreement, the limitation of liability set forth in this section shall not apply to damages arising from gross negligence or willful misconduct, and each party shall bear its own costs and expenses.",The damage limits do not apply if someone acts with gross negligence or on purpose.
"For the avoidance of doubt, the data subject shall have the right to access, correct, or delete personal data processed by the controller, and no party shall rely on any oral representation to the contrary.",The person whose data is used can see it and ask to correct or delete it.
"To the fullest extent permitted by law, the tenant shall not make any structural alterations to the premises without the prior written consent of the landlord, and the limitations of liability specified in this section shall apply.",The tenant needs the landlord's written permission before changing the structure of the space.
"Where a party fails to perform its obligations as required, the insurance coverage required under this Agreement shall name the other party as an additional insured, without prejudice to any other remedy available at law or in equity.",The required insurance must list the other party as also being covered.
"Notwithstanding any other term contained herein, the company may, at its sole discretion, terminate this Agreement for convenience upon thirty (30) days' prior written notice, unless otherwise agreed to in a subsequent written amendment.",The company can choose to end the contract for any reason with thirty days' written notice.
"Except as otherwise expressly provided in this Agreement, the parties shall use commercially reasonable efforts to mitigate any damages arising from a breach of this Agreement, and each party shall bear its own costs and expenses.",Both sides must try to reduce the harm caused by a breach.
"The obligations set forth in this section shall survive termination of this Agreement, and any controversy or claim arising out of or relating to this Agreement shall be settled by binding arbitration.",Any dispute about this contract will be decided by arbitration instead of a regular court.
"In the event of a dispute arising under this Agreement, the shareholder hereby irrevocably appoints the company as his or her proxy for purposes of voting the shares in accordance with this Agreement, and such dispute shall be resolved in accordance with the procedures set forth herein.",The shareholder lets the company vote their shares as promised in the agreement.
"Subject to applicable law and regulatory requirements, the nonbreaching party may seek specific performance or injunctive relief, and the parties shall cooperate in good faith to effectuate the intent of this Agreement.",The party that did not break the contract can ask the court to force performance or stop the other side from acting.
"Notwithstanding any other term contained herein, each party shall maintain the confidentiality of proprietary information disclosed hereunder, unless otherwise agreed to in a subsequent written amendment.",Each side must keep shared confidential information private.
"Except as otherwise expressly provided in this Agreement, no waiver of any term shall be deemed a waiver of any subsequent breach of the same or any other term, and each party shall bear its own costs and expenses.",Agreeing to ignore one violation does not mean future violations are forgiven.
"The parties hereby agree that the party in default shall be afforded a reasonable opportunity to cure such default, and this provision shall be binding upon all successors and assigns.",The side that made a mistake gets a fair chance to fix the problem.
"Notwithstanding any other term contained herein, all notices required or permitted under this Agreement shall be in writing and delivered by certified mail or recognized courier service, unless otherwise agreed to in a subsequent written amendment.",All required notices must be written and sent by certified mail or a well-known delivery service.
"If any provision of this Agreement is determined to be invalid or unenforceable, the laws of the State of New York shall govern the interpretation and enforcement of this Agreement, and the remaining provisions shall remain in full force and effect.",New York law controls how this contract is read and enforced.
"To the fullest extent permitted by law, any assignment of this Agreement without the prior written consent of the other party shall be null and void, and the limitations of liability specified in this section shall apply.",You cannot transfer this contract to someone else without written permission.
"In the event of a dispute arising under this Agreement, the parties acknowledge that time is of the essence with respect to the performance of their respective obligations, and such dispute shall be resolved in accordance with the procedures set forth herein.",Both sides agree that deadlines in the contract really matter.
"Subject to applicable law and regulatory requirements, the employee shall comply with all applicable policies, procedures, and codes of conduct promulgated by the employer, and the parties shall cooperate in good faith to effectuate the intent of this Agreement.",The employee must follow the employer's rules and policies.
"Where a party fails to perform its obligations as required, the customer shall remit payment in full within thirty (30) days of receipt of an accurate and undisputed invoice, without prejudice to any other remedy available at law or in equity.",The customer has thirty days to pay a correct bill in full.
"Subject to applicable law and regulatory requirements, interest shall accrue on any past-due amounts at the lesser of one and one-half percent (1.5%) per month or the maximum rate permitted by law, and the parties shall cooperate in good faith to effectuate the intent of this Agreement.",Late payments will collect interest up to the legal limit.
"Notwithstanding any other term contained herein, the contractor shall obtain and maintain at its own expense all licenses, permits, and approvals required to perform the services, unless otherwise agreed to in a subsequent written amendment.",The contractor has to get any licenses or permits needed to do the work.
"Subject to applicable law and regulatory requirements, the limitation of liability set forth in this section shall not apply to damages arising from gross negligence or willful misconduct, and the parties shall cooperate in good faith to effectuate the intent of this Agreement.",The damage limits do not apply if someone acts with gross negligence or on purpose.
"In the event of a dispute arising under this Agreement, the data subject shall have the right to access, correct, or delete personal data processed by the controller, and such dispute shall be resolved in accordance with the procedures set forth herein.",The person whose data is used can see it and ask to correct or delete it.
"Except as otherwise expressly provided in this Agreement, the tenant shall not make any structural alterations to the premises without the prior written consent of the landlord, and each party shall bear its own costs and expenses.",The tenant needs the landlord's written permission before changing the structure of the space.
"If any provision of this Agreement is determined to be invalid or unenforceable, the insurance coverage required under this Agreement shall name the other party as an additional insured, and the remaining provisions shall remain in full force and effect.",The required insurance must list the other party as also being covered.
"Notwithstanding any other term contained herein, the company may, at its sole discretion, terminate this Agreement for convenience upon thirty (30) days' prior written notice, unless otherwise agreed to in a subsequent written amendment.",The company can choose to end the contract for any reason with thirty days' written notice.
"Subject to applicable law and regulatory requirements, the parties shall use commercially reasonable efforts to mitigate any damages arising from a breach of this Agreement, and the parties shall cooperate in good faith to effectuate the intent of this Agreement.",Both sides must try to reduce the harm caused by a breach.
"Subject to applicable law and regulatory requirements, any controversy or claim arising out of or relating to this Agreement shall be settled by binding arbitration, and the parties shall cooperate in good faith to effectuate the intent of this Agreement.",Any dispute about this contract will be decided by arbitration instead of a regular court.
"Where a party fails to perform its obligations as required, the shareholder hereby irrevocably appoints the company as his or her proxy for purposes of voting the shares in accordance with this Agreement, without prejudice to any other remedy available at law or in equity.",The shareholder lets the company vote their shares as promised in the agreement.
"To the fullest extent permitted by law, the nonbreaching party may seek specific performance or injunctive relief, and the limitations of liability specified in this section shall apply.",The party that did not break the contract can ask the court to force performance or stop the other side from acting.
"Notwithstanding any other term contained herein, each party shall maintain the confidentiality of proprietary information disclosed hereunder, unless otherwise agreed to in a subsequent written amendment.",Each side must keep shared confidential information private.
"For the avoidance of doubt, no waiver of any term shall be deemed a waiver of any subsequent breach of the same or any other term, and no party shall rely on any oral representation to the contrary.",Agreeing to ignore one violation does not mean future violations are forgiven.
"Except as otherwise expressly provided in this Agreement, the party in default shall be afforded a reasonable opportunity to cure such default, and each party shall bear its own costs and expenses.",The side that made a mistake gets a fair chance to fix the problem.
"The obligations set forth in this section shall survive termination of this Agreement, and all notices required or permitted under this Agreement shall be in writing and delivered by certified mail or recognized courier service.",All required notices must be written and sent by certified mail or a well-known delivery service.
"Notwithstanding any other term contained herein, the laws of the State of New York shall govern the interpretation and enforcement of this Agreement, unless otherwise agreed to in a subsequent written amendment.",New York law controls how this contract is read and enforced.
"Where a party fails to perform its obligations as required, any assignment of this Agreement without the prior written consent of the other party shall be null and void, without prejudice to any other remedy available at law or in equity.",You cannot transfer this contract to someone else without written permission.
"Where a party fails to perform its obligations as required, the parties acknowledge that time is of the essence with respect to the performance of their respective obligations, without prejudice to any other remedy available at law or in equity.",Both sides agree that deadlines in the contract really matter.
"For the avoidance of doubt, the employee shall comply with all applicable policies, procedures, and codes of conduct promulgated by the employer, and no party shall rely on any oral representation to the contrary.",The employee must follow the employer's rules and policies.
"If any provision of this Agreement is determined to be invalid or unenforceable, the customer shall remit payment in full within thirty (30) days of receipt of an accurate and undisputed invoice, and the remaining provisions shall remain in full force and effect.",The customer has thirty days to pay a correct bill in full.
"Subject to applicable law and regulatory requirements, interest shall accrue on any past-due amounts at the lesser of one and one-half percent (1.5%) per month or the maximum rate permitted by law, and the parties shall cooperate in good faith to effectuate the intent of this Agreement.",Late payments will collect interest up to the legal limit.
"The parties hereby agree that the contractor shall obtain and maintain at its own expense all licenses, permits, and approvals required to perform the services, and this provision shall be binding upon all successors and assigns.",The contractor has to get any licenses or permits needed to do the work.
"Notwithstanding any other term contained herein, the limitation of liability set forth in this section shall not apply to damages arising from gross negligence or willful misconduct, unless otherwise agreed to in a subsequent written amendment.",The damage limits do not apply if someone acts with gross negligence or on purpose.
"To the fullest extent permitted by law, the data subject shall have the right to access, correct, or delete personal data processed by the controller, and the limitations of liability specified in this section shall apply.",The person whose data is used can see it and ask to correct or delete it.
"For the avoidance of doubt, the tenant shall not make any structural alterations to the premises without the prior written consent of the landlord, and no party shall rely on any oral representation to the contrary.",The tenant needs the landlord's written permission before changing the structure of the space.
"Subject to applicable law and regulatory requirements, the insurance coverage required under this Agreement shall name the other party as an additional insured, and the parties shall cooperate in good faith to effectuate the intent of this Agreement.",The required insurance must list the other party as also being covered.
"If any provision of this Agreement is determined to be invalid or unenforceable, the company may, at its sole discretion, terminate this Agreement for convenience upon thirty (30) days' prior written notice, and the remaining provisions shall remain in full force and effect.",The company can choose to end the contract for any reason with thirty days' written notice.
"The obligations set forth in this section shall survive termination of this Agreement, and the parties shall use commercially reasonable efforts to mitigate any damages arising from a breach of this Agreement.",Both sides must try to reduce the harm caused by a breach.
"Except as otherwise expressly provided in this Agreement, any controversy or claim arising out of or relating to this Agreement shall be settled by binding arbitration, and each party shall bear its own costs and expenses.",Any dispute about this contract will be decided by arbitration instead of a regular court.
"If any provision of this Agreement is determined to be invalid or unenforceable, the shareholder hereby irrevocably appoints the company as his or her proxy for purposes of voting the shares in accordance with this Agreement, and the remaining provisions shall remain in full force and effect.",The shareholder lets the company vote their shares as promised in the agreement.
"Subject to applicable law and regulatory requirements, the nonbreaching party may seek specific performance or injunctive relief, and the parties shall cooperate in good faith to effectuate the intent of this Agreement.",The party that did not break the contract can ask the court to force performance or stop the other side from acting.
"In the event of a dispute arising under this Agreement, each party shall maintain the confidentiality of proprietary information disclosed hereunder, and such dispute shall be resolved in accordance with the procedures set forth herein.",Each side must keep shared confidential information private.
"In the event of a dispute arising under this Agreement, no waiver of any term shall be deemed a waiver of any subsequent breach of the same or any other term, and such dispute shall be resolved in accordance with the procedures set forth herein.",Agreeing to ignore one violation does not mean future violations are forgiven.
"Notwithstanding any other term contained herein, the party in default shall be afforded a reasonable opportunity to cure such default, unless otherwise agreed to in a subsequent written amendment.",The side that made a mistake gets a fair chance to fix the problem.
"Except as otherwise expressly provided in this Agreement, all notices required or permitted under this Agreement shall be in writing and delivered by certified mail or recognized courier service, and each party shall bear its own costs and expenses.",All required notices must be written and sent by certified mail or a well-known delivery service.
"For the avoidance of doubt, the laws of the State of New York shall govern the interpretation and enforcement of this Agreement, and no party shall rely on any oral representation to the contrary.",New York law controls how this contract is read and enforced.
"If any provision of this Agreement is determined to be invalid or unenforceable, any assignment of this Agreement without the prior written consent of the other party shall be null and void, and the remaining provisions shall remain in full force and effect.",You cannot transfer this contract to someone else without written permission.
"If any provision of this Agreement is determined to be invalid or unenforceable, the parties acknowledge that time is of the essence with respect to the performance of their respective obligations, and the remaining provisions shall remain in full force and effect.",Both sides agree that deadlines in the contract really matter.
"Where a party fails to perform its obligations as required, the employee shall comply with all applicable policies, procedures, and codes of conduct promulgated by the employer, without prejudice to any other remedy available at law or in equity.",The employee must follow the employer's rules and policies.
"Subject to applicable law and regulatory requirements, the customer shall remit payment in full within thirty (30) days of receipt of an accurate and undisputed invoice, and the parties shall cooperate in good faith to effectuate the intent of this Agreement.",The customer has thirty days to pay a correct bill in full.
"For the avoidance of doubt, interest shall accrue on any past-due amounts at the lesser of one and one-half percent (1.5%) per month or the maximum rate permitted by law, and no party shall rely on any oral representation to the contrary.",Late payments will collect interest up to the legal limit.
"The parties hereby agree that the contractor shall obtain and maintain at its own expense all licenses, permits, and approvals required to perform the services, and this provision shall be binding upon all successors and assigns.",The contractor has to get any licenses or permits needed to do the work.
"For the avoidance of doubt, the limitation of liability set forth in this section shall not apply to damages arising from gross negligence or willful misconduct, and no party shall rely on any oral representation to the contrary.",The damage limits do not apply if someone acts with gross negligence or on purpose.
"Notwithstanding any other term contained herein, the data subject shall have the right to access, correct, or delete personal data processed by the controller, unless otherwise agreed to in a subsequent written amendment.",The person whose data is used can see it and ask to correct or delete it.
"If any provision of this Agreement is determined to be invalid or unenforceable, the tenant shall not make any structural alterations to the premises without the prior written consent of the landlord, and the remaining provisions shall remain in full force and effect.",The tenant needs the landlord's written permission before changing the structure of the space.
"For the avoidance of doubt, the insurance coverage required under this Agreement shall name the other party as an additional insured, and no party shall rely on any oral representation to the contrary.",The required insurance must list the other party as also being covered.
"To the fullest extent permitted by law, the company may, at its sole discretion, terminate this Agreement for convenience upon thirty (30) days' prior written notice, and the limitations of liability specified in this section shall apply.",The company can choose to end the contract for any reason with thirty days' written notice.
"To the fullest extent permitted by law, the parties shall use commercially reasonable efforts to mitigate any damages arising from a breach of this Agreement, and the limitations of liability specified in this section shall apply.",Both sides must try to reduce the harm caused by a breach.
"In the event of a dispute arising under this Agreement, any controversy or claim arising out of or relating to this Agreement shall be settled by binding arbitration, and such dispute shall be resolved in accordance with the procedures set forth herein.",Any dispute about this contract will be decided by arbitration instead of a regular court.
"Except as otherwise expressly provided in this Agreement, the shareholder hereby irrevocably appoints the company as his or her proxy for purposes of voting the shares in accordance with this Agreement, and each party shall bear its own costs and expenses.",The shareholder lets the company vote their shares as promised in the agreement.
"Notwithstanding any other term contained herein, the nonbreaching party may seek specific performance or injunctive relief, unless otherwise agreed to in a subsequent written amendment.",The party that did not break the contract can ask the court to force performance or stop the other side from acting.
"In the event of a dispute arising under this Agreement, each party shall maintain the confidentiality of proprietary information disclosed hereunder, and such dispute shall be resolved in accordance with the procedures set forth herein.",Each side must keep shared confidential information private.
"The parties hereby agree that no waiver of any term shall be deemed a waiver of any subsequent breach of the same or any other term, and this provision shall be binding upon all successors and assigns.",Agreeing to ignore one violation does not mean future violations are forgiven.
"If any provision of this Agreement is determined to be invalid or unenforceable, the party in default shall be afforded a reasonable opportunity to cure such default, and the remaining provisions shall remain in full force and effect.",The side that made a mistake gets a fair chance to fix the problem.
"If any provision of this Agreement is determined to be invalid or unenforceable, all notices required or permitted under this Agreement shall be in writing and delivered by certified mail or recognized courier service, and the remaining provisions shall remain in full force and effect.",All required notices must be written and sent by certified mail or a well-known delivery service.
"For the avoidance of doubt, the laws of the State of New York shall govern the interpretation and enforcement of this Agreement, and no party shall rely on any oral representation to the contrary.",New York law controls how this contract is read and enforced.
"Except as otherwise expressly provided in this Agreement, any assignment of this Agreement without the prior written consent of the other party shall be null and void, and each party shall bear its own costs and expenses.",You cannot transfer this contract to someone else without written permission.
"Notwithstanding any other term contained herein, the parties acknowledge that time is of the essence with respect to the performance of their respective obligations, unless otherwise agreed to in a subsequent written amendment.",Both sides agree that deadlines in the contract really matter.
"Where a party fails to perform its obligations as required, the employee shall comply with all applicable policies, procedures, and codes of conduct promulgated by the employer, without prejudice to any other remedy available at law or in equity.",The employee must follow the employer's rules and policies.
"Where a party fails to perform its obligations as required, the customer shall remit payment in full within thirty (30) days of receipt of an accurate and undisputed invoice, without prejudice to any other remedy available at law or in equity.",The customer has thirty days to pay a correct bill in full.
"For the avoidance of doubt, interest shall accrue on any past-due amounts at the lesser of one and one-half percent (1.5%) per month or the maximum rate permitted by law, and no party shall rely on any oral representation to the contrary.",Late payments will collect interest up to the legal limit.
"The obligations set forth in this section shall survive termination of this Agreement, and the contractor shall obtain and maintain at its own expense all licenses, permits, and approvals required to perform the services.",The contractor has to get any licenses or permits needed to do the work.
"If any provision of this Agreement is determined to be invalid or unenforceable, the limitation of liability set forth in this section shall not apply to damages arising from gross negligence or willful misconduct, and the remaining provisions shall remain in full force and effect.",The damage limits do not apply if someone acts with gross negligence or on purpose.
"If any provision of this Agreement is determined to be invalid or unenforceable, the data subject shall have the right to access, correct, or delete personal data processed by the controller, and the remaining provisions shall remain in full force and effect.",The person whose data is used can see it and ask to correct or delete it.
"Subject to applicable law and regulatory requirements, the tenant shall not make any structural alterations to the premises without the prior written consent of the landlord, and the parties shall cooperate in good faith to effectuate the intent of this Agreement.",The tenant needs the landlord's written permission before changing the structure of the space.
"If any provision of this Agreement is determined to be invalid or unenforceable, the insurance coverage required under this Agreement shall name the other party as an additional insured, and the remaining provisions shall remain in full force and effect.",The required insurance must list the other party as also being covered.
"Where a party fails to perform its obligations as required, the company may, at its sole discretion, terminate this Agreement for convenience upon thirty (30) days' prior written notice, without prejudice to any other remedy available at law or in equity.",The company can choose to end the contract for any reason with thirty days' written notice.
"Notwithstanding any other term contained herein, the parties shall use commercially reasonable efforts to mitigate any damages arising from a breach of this Agreement, unless otherwise agreed to in a subsequent written amendment.",Both sides must try to reduce the harm caused by a breach.
"The obligations set forth in this section shall survive termination of this Agreement, and any controversy or claim arising out of or relating to this Agreement shall be settled by binding arbitration.",Any dispute about this contract will be decided by arbitration instead of a regular court.
"Except as otherwise expressly provided in this Agreement, the shareholder hereby irrevocably appoints the company as his or her proxy for purposes of voting the shares in accordance with this Agreement, and each party shall bear its own costs and expenses.",The shareholder lets the company vote their shares as promised in the agreement.
"The obligations set forth in this section shall survive termination of this Agreement, and the nonbreaching party may seek specific performance or injunctive relief.",The party that did not break the contract can ask the court to force performance or stop the other side from acting.
"For the avoidance of doubt, each party shall maintain the confidentiality of proprietary information disclosed hereunder, and no party shall rely on any oral representation to the contrary.",Each side must keep shared confidential information private.
"To the fullest extent permitted by law, no waiver of any term shall be deemed a waiver of any subsequent breach of the same or any other term, and the limitations of liability specified in this section shall apply.",Agreeing to ignore one violation does not mean future violations are forgiven.
"If any provision of this Agreement is determined to be invalid or unenforceable, the party in default shall be afforded a reasonable opportunity to cure such default, and the remaining provisions shall remain in full force and effect.",The side that made a mistake gets a fair chance to fix the problem.
"To the fullest extent permitted by law, all notices required or permitted under this Agreement shall be in writing and delivered by certified mail or recognized courier service, and the limitations of liability specified in this section shall apply.",All required notices must be written and sent by certified mail or a well-known delivery service.
"In the event of a dispute arising under this Agreement, the laws of the State of New York shall govern the interpretation and enforcement of this Agreement, and such dispute shall be resolved in accordance with the procedures set forth herein.",New York law controls how this contract is read and enforced.
"If any provision of this Agreement is determined to be invalid or unenforceable, any assignment of this Agreement without the prior written consent of the other party shall be null and void, and the remaining provisions shall remain in full force and effect.",You cannot transfer this contract to someone else without written permission.
"Where a party fails to perform its obligations as required, the parties acknowledge that time is of the essence with respect to the performance of their respective obligations, without prejudice to any other remedy available at law or in equity.",Both sides agree that deadlines in the contract really matter.
"If any provision of this Agreement is determined to be invalid or unenforceable, the employee shall comply with all applicable policies, procedures, and codes of conduct promulgated by the employer, and the remaining provisions shall remain in full force and effect.",The employee must follow the employer's rules and policies.
"Notwithstanding any other term contained herein, the customer shall remit payment in full within thirty (30) days of receipt of an accurate and undisputed invoice, unless otherwise agreed to in a subsequent written amendment.",The customer has thirty days to pay a correct bill in full.
"The parties hereby agree that interest shall accrue on any past-due amounts at the lesser of one and one-half percent (1.5%) per month or the maximum rate permitted by law, and this provision shall be binding upon all successors and assigns.",Late payments will collect interest up to the legal limit.
"Where a party fails to perform its obligations as required, the contractor shall obtain and maintain at its own expense all licenses, permits, and approvals required to perform the services, without prejudice to any other remedy available at law or in equity.",The contractor has to get any licenses or permits needed to do the work.
"The obligations set forth in this section shall survive termination of this Agreement, and the limitation of liability set forth in this section shall not apply to damages arising from gross negligence or willful misconduct.",The damage limits do not apply if someone acts with gross negligence or on purpose.
"Where a party fails to perform its obligations as required, the data subject shall have the right to access, correct, or delete personal data processed by the controller, without prejudice to any other remedy available at law or in equity.",The person whose data is used can see it and ask to correct or delete it.
"The parties hereby agree that the tenant shall not make any structural alterations to the premises without the prior written consent of the landlord, and this provision shall be binding upon all successors and assigns.",The tenant needs the landlord's written permission before changing the structure of the space.
"To the fullest extent permitted by law, the insurance coverage required under this Agreement shall name the other party as an additional insured, and the limitations of liability specified in this section shall apply.",The required insurance must list the other party as also being covered.
"Notwithstanding any other term contained herein, the company may, at its sole discretion, terminate this Agreement for convenience upon thirty (30) days' prior written notice, unless otherwise agreed to in a subsequent written amendment.",The company can choose to end the contract for any reason with thirty days' written notice.
"The obligations set forth in this section shall survive termination of this Agreement, and the parties shall use commercially reasonable efforts to mitigate any damages arising from a breach of this Agreement.",Both sides must try to reduce the harm caused by a breach.
"Except as otherwise expressly provided in this Agreement, any controversy or claim arising out of or relating to this Agreement shall be settled by binding arbitration, and each party shall bear its own costs and expenses.",Any dispute about this contract will be decided by arbitration instead of a regular court.
"Except as otherwise expressly provided in this Agreement, the shareholder hereby irrevocably appoints the company as his or her proxy for purposes of voting the shares in accordance with this Agreement, and each party shall bear its own costs and expenses.",The shareholder lets the company vote their shares as promised in the agreement.
"If any provision of this Agreement is determined to be invalid or unenforceable, the nonbreaching party may seek specific performance or injunctive relief, and the remaining provisions shall remain in full force and effect.",The party that did not break the contract can ask the court to force performance or stop the other side from acting.
"Subject to applicable law and regulatory requirements, each party shall maintain the confidentiality of proprietary information disclosed hereunder, and the parties shall cooperate in good faith to effectuate the intent of this Agreement.",Each side must keep shared confidential information private.
"Subject to applicable law and regulatory requirements, no waiver of any term shall be deemed a waiver of any subsequent breach of the same or any other term, and the parties shall cooperate in good faith to effectuate the intent of this Agreement.",Agreeing to ignore one violation does not mean future violations are forgiven.
"Except as otherwise expressly provided in this Agreement, the party in default shall be afforded a reasonable opportunity to cure such default, and each party shall bear its own costs and expenses.",The side that made a mistake gets a fair chance to fix the problem.
"The parties hereby agree that all notices required or permitted under this Agreement shall be in writing and delivered by certified mail or recognized courier service, and this provision shall be binding upon all successors and assigns.",All required notices must be written and sent by certified mail or a well-known delivery service.
"For the avoidance of doubt, the laws of the State of New York shall govern the interpretation and enforcement of this Agreement, and no party shall rely on any oral representation to the contrary.",New York law controls how this contract is read and enforced.
"The obligations set forth in this section shall survive termination of this Agreement, and any assignment of this Agreement without the prior written consent of the other party shall be null and void.",You cannot transfer this contract to someone else without written permission.
"For the avoidance of doubt, the parties acknowledge that time is of the essence with respect to the performance of their respective obligations, and no party shall rely on any oral representation to the contrary.",Both sides agree that deadlines in the contract really matter.
"Where a party fails to perform its obligations as required, the employee shall comply with all applicable policies, procedures, and codes of conduct promulgated by the employer, without prejudice to any other remedy available at law or in equity.",The employee must follow the employer's rules and policies.
"The parties hereby agree that the customer shall remit payment in full within thirty (30) days of receipt of an accurate and undisputed invoice, and this provision shall be binding upon all successors and assigns.",The customer has thirty days to pay a correct bill in full.
"Notwithstanding any other term contained herein, interest shall accrue on any past-due amounts at the lesser of one and one-half percent (1.5%) per month or the maximum rate permitted by law, unless otherwise agreed to in a subsequent written amendment.",Late payments will collect interest up to the legal limit.
"The parties hereby agree that the contractor shall obtain and maintain at its own expense all licenses, permits, and approvals required to perform the services, and this provision shall be binding upon all successors and assigns.",The contractor has to get any licenses or permits needed to do the work.
"For the avoidance of doubt, the limitation of liability set forth in this section shall not apply to damages arising from gross negligence or willful misconduct, and no party shall rely on any oral representation to the contrary.",The damage limits do not apply if someone acts with gross negligence or on purpose.
"The obligations set forth in this section shall survive termination of this Agreement, and the data subject shall have the right to access, correct, or delete personal data processed by the controller.",The person whose data is used can see it and ask to correct or delete it.
"Subject to applicable law and regulatory requirements, the tenant shall not make any structural alterations to the premises without the prior written consent of the landlord, and the parties shall cooperate in good faith to effectuate the intent of this Agreement.",The tenant needs the landlord's written permission before changing the structure of the space.
"The parties hereby agree that the insurance coverage required under this Agreement shall name the other party as an additional insured, and this provision shall be binding upon all successors and assigns.",The required insurance must list the other party as also being covered.
"The obligations set forth in this section shall survive termination of this Agreement, and the company may, at its sole discretion, terminate this Agreement for convenience upon thirty (30) days' prior written notice.",The company can choose to end the contract for any reason with thirty days' written notice.
"Subject to applicable law and regulatory requirements, the parties shall use commercially reasonable efforts to mitigate any damages arising from a breach of this Agreement, and the parties shall cooperate in good faith to effectuate the intent of this Agreement.",Both sides must try to reduce the harm caused by a breach.
"Notwithstanding any other term contained herein, any controversy or claim arising out of or relating to this Agreement shall be settled by binding arbitration, unless otherwise agreed to in a subsequent written amendment.",Any dispute about this contract will be decided by arbitration instead of a regular court.
"The parties hereby agree that the shareholder hereby irrevocably appoints the company as his or her proxy for purposes of voting the shares in accordance with this Agreement, and this provision shall be binding upon all successors and assigns.",The shareholder lets the company vote their shares as promised in the agreement.
"If any provision of this Agreement is determined to be invalid or unenforceable, the nonbreaching party may seek specific performance or injunctive relief, and the remaining provisions shall remain in full force and effect.",The party that did not break the contract can ask the court to force performance or stop the other side from acting.
"Subject to applicable law and regulatory requirements, each party shall maintain the confidentiality of proprietary information disclosed hereunder, and the parties shall cooperate in good faith to effectuate the intent of this Agreement.",Each side must keep shared confidential information private.
"In the event of a dispute arising under this Agreement, no waiver of any term shall be deemed a waiver of any subsequent breach of the same or any other term, and such dispute shall be resolved in accordance with the procedures set forth herein.",Agreeing to ignore one violation does not mean future violations are forgiven.
"The obligations set forth in this section shall survive termination of this Agreement, and the party in default shall be afforded a reasonable opportunity to cure such default.",The side that made a mistake gets a fair chance to fix the problem.
"For the avoidance of doubt, all notices required or permitted under this Agreement shall be in writing and delivered by certified mail or recognized courier service, and no party shall rely on any oral representation to the contrary.",All required notices must be written and sent by certified mail or a well-known delivery service.
"The parties hereby agree that the laws of the State of New York shall govern the interpretation and enforcement of this Agreement, and this provision shall be binding upon all successors and assigns.",New York law controls how this contract is read and enforced.
"In the event of a dispute arising under this Agreement, any assignment of this Agreement without the prior written consent of the other party shall be null and void, and such dispute shall be resolved in accordance with the procedures set forth herein.",You cannot transfer this contract to someone else without written permission.
"To the fullest extent permitted by law, the parties acknowledge that time is of the essence with respect to the performance of their respective obligations, and the limitations of liability specified in this section shall apply.",Both sides agree that deadlines in the contract really matter.
"Where a party fails to perform its obligations as required, the employee shall comply with all applicable policies, procedures, and codes of conduct promulgated by the employer, without prejudice to any other remedy available at law or in equity.",The employee must follow the employer's rules and policies.
"The obligations set forth in this section shall survive termination of this Agreement, and the customer shall remit payment in full within thirty (30) days of receipt of an accurate and undisputed invoice.",The customer has thirty days to pay a correct bill in full.
"Except as otherwise expressly provided in this Agreement, interest shall accrue on any past-due amounts at the lesser of one and one-half percent (1.5%) per month or the maximum rate permitted by law, and each party shall bear its own costs and expenses.",Late payments will collect interest up to the legal limit.
"For the avoidance of doubt, the contractor shall obtain and maintain at its own expense all licenses, permits, and approvals required to perform the services, and no party shall rely on any oral representation to the contrary.",The contractor has to get any licenses or permits needed to do the work.
"In the event of a dispute arising under this Agreement, the limitation of liability set forth in this section shall not apply to damages arising from gross negligence or willful misconduct, and such dispute shall be resolved in accordance with the procedures set forth herein.",The damage limits do not apply if someone acts with gross negligence or on purpose.
"Notwithstanding any other term contained herein, the data subject shall have the right to access, correct, or delete personal data processed by the controller, unless otherwise agreed to in a subsequent written amendment.",The person whose data is used can see it and ask to correct or delete it.
"Except as otherwise expressly provided in this Agreement, the tenant shall not make any structural alterations to the premises without the prior written consent of the landlord, and each party shall bear its own costs and expenses.",The tenant needs the landlord's written permission before changing the structure of the space.
"For the avoidance of doubt, the insurance coverage required under this Agreement shall name the other party as an additional insured, and no party shall rely on any oral representation to the contrary.",The required insurance must list the other party as also being covered.
"For the avoidance of doubt, the company may, at its sole discretion, terminate this Agreement for convenience upon thirty (30) days' prior written notice, and no party shall rely on any oral representation to the contrary.",The company can choose to end the contract for any reason with thirty days' written notice.
"If any provision of this Agreement is determined to be invalid or unenforceable, the parties shall use commercially reasonable efforts to mitigate any damages arising from a breach of this Agreement, and the remaining provisions shall remain in full force and effect.",Both sides must try to reduce the harm caused by a breach.
"The parties hereby agree that any controversy or claim arising out of or relating to this Agreement shall be settled by binding arbitration, and this provision shall be binding upon all successors and assigns.",Any dispute about this contract will be decided by arbitration instead of a regular court.
"Where a party fails to perform its obligations as required, the shareholder hereby irrevocably appoints the company as his or her proxy for purposes of voting the shares in accordance with this Agreement, without prejudice to any other remedy available at law or in equity.",The shareholder lets the company vote their shares as promised in the agreement.
"The parties expressly agree that the nonbreaching party may seek specific performance or injunctive relief from a court of competent jurisdiction, and this obligation shall be binding upon their successors and assigns.",The party that did not breach the contract may ask a court to force performance or stop wrongful conduct.
"The parties hereby agree that each party shall maintain the confidentiality of all proprietary or trade secret information disclosed under this Agreement, and this obligation shall be binding upon their successors and assigns.",Each side must keep shared confidential business information secret.
"No waiver of any provision shall be effective unless made in writing and signed by the waiving party, and this obligation shall be binding upon their successors and assigns.","A party only gives up a contract right if it does so in a written, signed document."
"The party in default shall be afforded a reasonable opportunity to cure such default within thirty days after receiving written notice, and this obligation shall be binding upon their successors and assigns.",The side that violated the contract gets thirty days after written notice to fix the problem.
"All notices and other communications required or permitted under this Agreement shall be in writing and delivered by certified mail or reputable courier service, and this obligation shall be binding upon their successors and assigns.",All formal notices must be written and sent by certified mail or a well known delivery service.
"The parties hereby agree that the laws of the State of New York shall govern the validity, interpretation, and enforcement of this Agreement, without regard to its conflict of law rules, and this obligation shall be binding upon their successors and assigns.",New York law controls how this contract is interpreted and enforced.
"The parties acknowledge and agree that any assignment of this Agreement or of any rights or obligations hereunder without the prior written consent of the other party shall be null and void, and this obligation shall be binding upon their successors and assigns.",A party cannot transfer this contract to someone else without the other side's written consent.
"The parties expressly agree that the parties acknowledge and agree that time is of the essence with respect to the performance of all obligations set forth herein, and this obligation shall be binding upon their successors and assigns.",Both sides agree that meeting the contract deadlines is very important.
"The employee shall comply with all policies, procedures, and codes of conduct adopted by the employer from time to time, and this obligation shall be binding upon their successors and assigns.",The employee must follow the employer's current rules and codes of conduct.
"The customer shall remit full payment of all undisputed amounts within thirty days after receipt of a properly issued invoice, and this obligation shall be binding upon their successors and assigns.",The customer must pay the amount it does not dispute within thirty days of receiving a correct bill.
"The parties acknowledge and agree that interest shall accrue on any overdue amounts at the rate of one and one half percent per month or the maximum rate allowed by law, whichever is lower, and this obligation shall be binding upon their successors and assigns.",Late payments will accrue interest up to the legal limit.
"The contractor shall obtain and maintain at its own expense all licenses, permits, and approvals required to perform the services described herein, and this obligation shall be binding upon their successors and assigns.",The contractor must pay for and keep any licenses and permits needed to do the work.
"The parties acknowledge and agree that the limitation of liability set forth in this section shall not apply to damages arising from a party's gross negligence or willful misconduct, and this obligation shall be binding upon their successors and assigns.",The liability cap does not apply if a party acts with gross negligence or on purpose.
"It is hereby agreed that the data controller shall implement appropriate technical and organizational measures to protect personal data against unauthorized access, use, or disclosure, and this obligation shall be binding upon their successors and assigns.",The organization handling personal data must use proper safeguards to prevent unauthorized access or misuse.
"The parties expressly agree that the data subject shall have the right to access, correct, or request deletion of personal data processed by the controller, subject to applicable law, and this obligation shall be binding upon their successors and assigns.","The person whose data is used may see it, correct it, or ask that it be deleted when the law allows."
"The parties hereby agree that the tenant shall not make any structural alterations or improvements to the leased premises without the prior written consent of the landlord, and this obligation shall be binding upon their successors and assigns.",The tenant needs the landlord's written approval before making structural changes to the space.
"The insurance coverage required hereunder shall name the other party as an additional insured on a primary and noncontributory basis, and this obligation shall be binding upon their successors and assigns.",The required insurance policy must list the other party as an additional insured with primary coverage.
"It is hereby agreed that the company may terminate this Agreement for convenience upon thirty days' prior written notice to the other party, and this obligation shall be binding upon their successors and assigns.",The company can end the contract for any reason by giving thirty days' written notice.
"Each party shall use commercially reasonable efforts to mitigate any damages arising from a breach of this Agreement, and this obligation shall be binding upon their successors and assigns.",Each side must take reasonable steps to reduce the harm caused by a contract breach.
"The parties hereby agree that any controversy or claim arising out of or relating to this Agreement shall be settled by binding arbitration administered by a recognized arbitral provider, and this obligation shall be binding upon their successors and assigns.",Any dispute about this contract will be decided by binding arbitration run by a recognized provider.
"The parties expressly agree that the shareholder hereby irrevocably appoints the company as his or her proxy to vote the shares in accordance with the terms of this Agreement, and this obligation shall be binding upon their successors and assigns.",The shareholder gives the company lasting authority to vote the shares as the agreement requires.
"It is hereby agreed that the supplier shall warrant that all goods delivered under this Agreement will be free from defects in material and workmanship for a period of one year, and this obligation shall be binding upon their successors and assigns.",The supplier promises that the goods will be free of material and workmanship defects for one year.
"The parties hereby agree that the client shall provide the consultant with timely access to information, personnel, and systems reasonably necessary to perform the services, and this obligation shall be binding upon their successors and assigns.","The client must give the consultant timely access to the information, staff, and systems needed to do the job."
"The parties expressly agree that the guarantor hereby unconditionally guarantees the punctual payment and performance of all obligations of the borrower under the loan documents, and this obligation shall be binding upon their successors and assigns.",The guarantor promises to pay and perform all of the borrower's obligations on time if the borrower does not.
"The parties hereby agree that the license granted herein is nonexclusive, nontransferable, and limited to internal business use by the licensee, and this obligation shall be binding upon their successors and assigns.","The license lets the licensee use the product only internally, and it cannot be transferred or shared with others."
"It is hereby agreed that the parties shall treat the terms and existence of settlement negotiations as confidential and shall not disclose them to third parties, and this obligation shall be binding upon their successors and assigns.",Both sides must keep settlement talks secret and not share details with outsiders.
"The landlord may enter the premises upon reasonable prior notice to inspect, repair, or show the property to prospective tenants or purchasers, and this obligation shall be binding upon their successors and assigns.","The landlord may enter the property with reasonable notice to inspect, make repairs, or show it to potential tenants or buyers."
"The employee agrees not to compete with the employer's business within a fifty mile radius for one year after the end of employment, and this obligation shall be binding upon their successors and assigns.",The employee agrees not to work for a competing business within fifty miles for one year after leaving.
"It is hereby agreed that the borrower shall provide the lender with quarterly financial statements prepared in accordance with generally accepted accounting principles, and this obligation shall be binding upon their successors and assigns.",The borrower must send the lender quarterly financial statements that follow standard accounting rules.
"The parties acknowledge and agree that the parties agree that electronic signatures shall have the same legal effect as original handwritten signatures, and this obligation shall be binding upon their successors and assigns.",The parties agree that electronic signatures are legally equal to handwritten ones.
"The service provider shall maintain industry-standard security measures to protect customer data stored on its systems, and this obligation shall be binding upon their successors and assigns.",The service provider must use typical industry security practices to protect customer data it stores.
"The parties hereby agree that the parties consent to the exclusive jurisdiction of the federal and state courts located in the County of Cook, Illinois, and this obligation shall be binding upon their successors and assigns.","Both sides agree that only the courts in Cook County, Illinois will hear disputes about the contract."
"The parties hereby agree that the buyer shall have the right to inspect the goods upon delivery and may reject any goods that do not conform to the specifications, and this obligation shall be binding upon their successors and assigns.",The buyer may inspect the goods on delivery and refuse items that do not meet the agreed specifications.
"The parties hereby agree that the consultant shall perform the services in a professional and workmanlike manner consistent with generally accepted industry standards, and this obligation shall be binding upon their successors and assigns.",The consultant must do the work professionally and in line with common industry standards.
"The parties hereby agree that the parties agree that any modification of this Agreement must be in writing and signed by authorized representatives of both parties, and this obligation shall be binding upon their successors and assigns.",Any change to the contract must be written and signed by authorized people from both sides.
"The parties hereby agree that the franchisee shall operate the franchised business strictly in accordance with the franchisor's manuals, policies, and specifications, and this obligation shall be binding upon their successors and assigns.",The franchise owner must run the business according to the franchisor's manuals and rules.
"It is hereby agreed that the obligor shall indemnify and hold harmless the indemnitee from and against all claims arising from the obligor's negligence or willful misconduct, and this obligation shall be binding upon their successors and assigns.",The party at fault must reimburse the other party for claims caused by its negligence or intentional wrongdoing.
"It is hereby agreed that the parties acknowledge that no partnership, joint venture, or agency relationship is created by this Agreement, and this obligation shall be binding upon their successors and assigns.","The parties agree that this contract does not make them partners, joint venturers, or agents of each other."
"The tenant shall return the premises to the landlord in substantially the same condition as received, ordinary wear and tear excepted, and this obligation shall be binding upon their successors and assigns.","The tenant must give the space back in almost the same condition as at move in, allowing for normal wear and tear."
"The parties acknowledge and agree that the obligation to maintain confidentiality shall survive termination or expiration of this Agreement for a period of three years, and this obligation shall be binding upon their successors and assigns.",The duty to keep information confidential continues for three years after the contract ends.
"The nonbreaching party may seek specific performance or injunctive relief from a court of competent jurisdiction, unless the parties expressly agree otherwise in a signed writing.",The party that did not breach the contract may ask a court to force performance or stop wrongful conduct.
"Notwithstanding any other provision of this Agreement, each party shall maintain the confidentiality of all proprietary or trade secret information disclosed under this Agreement, unless the parties expressly agree otherwise in a signed writing.",Each side must keep shared confidential business information secret.
"In spite of any other clause of this Agreement, no waiver of any provision shall be effective unless made in writing and signed by the waiving party, unless the parties expressly agree otherwise in a signed writing.","A party only gives up a contract right if it does so in a written, signed document."
"In spite of any other clause of this Agreement, the party in default shall be afforded a reasonable opportunity to cure such default within thirty days after receiving written notice, unless the parties expressly agree otherwise in a signed writing.",The side that violated the contract gets thirty days after written notice to fix the problem.
"Notwithstanding any other provision of this Agreement, all notices and other communications required or permitted under this Agreement shall be in writing and delivered by certified mail or reputable courier service, unless the parties expressly agree otherwise in a signed writing.",All formal notices must be written and sent by certified mail or a well known delivery service.
"The laws of the State of New York shall govern the validity, interpretation, and enforcement of this Agreement, without regard to its conflict of law rules, unless the parties expressly agree otherwise in a signed writing.",New York law controls how this contract is interpreted and enforced.
"In spite of any other clause of this Agreement, any assignment of this Agreement or of any rights or obligations hereunder without the prior written consent of the other party shall be null and void, unless the parties expressly agree otherwise in a signed writing.",A party cannot transfer this contract to someone else without the other side's written consent.
"Notwithstanding any other provision of this Agreement, the parties acknowledge and agree that time is of the essence with respect to the performance of all obligations set forth herein, unless the parties expressly agree otherwise in a signed writing.",Both sides agree that meeting the contract deadlines is very important.
"The employee shall comply with all policies, procedures, and codes of conduct adopted by the employer from time to time, unless the parties expressly agree otherwise in a signed writing.",The employee must follow the employer's current rules and codes of conduct.
"The customer shall remit full payment of all undisputed amounts within thirty days after receipt of a properly issued invoice, unless the parties expressly agree otherwise in a signed writing.",The customer must pay the amount it does not dispute within thirty days of receiving a correct bill.
"Notwithstanding any other provision of this Agreement, interest shall accrue on any overdue amounts at the rate of one and one half percent per month or the maximum rate allowed by law, whichever is lower, unless the parties expressly agree otherwise in a signed writing.",Late payments will accrue interest up to the legal limit.
"The contractor shall obtain and maintain at its own expense all licenses, permits, and approvals required to perform the services described herein, unless the parties expressly agree otherwise in a signed writing.",The contractor must pay for and keep any licenses and permits needed to do the work.
"Notwithstanding any other provision of this Agreement, the limitation of liability set forth in this section shall not apply to damages arising from a party's gross negligence or willful misconduct, unless the parties expressly agree otherwise in a signed writing.",The liability cap does not apply if a party acts with gross negligence or on purpose.
"Notwithstanding any other provision of this Agreement, the data controller shall implement appropriate technical and organizational measures to protect personal data against unauthorized access, use, or disclosure, unless the parties expressly agree otherwise in a signed writing.",The organization handling personal data must use proper safeguards to prevent unauthorized access or misuse.
"Despite any other provision of this Agreement, the data subject shall have the right to access, correct, or request deletion of personal data processed by the controller, subject to applicable law, unless the parties expressly agree otherwise in a signed writing.","The person whose data is used may see it, correct it, or ask that it be deleted when the law allows."
"The tenant shall not make any structural alterations or improvements to the leased premises without the prior written consent of the landlord, unless the parties expressly agree otherwise in a signed writing.",The tenant needs the landlord's written approval before making structural changes to the space.
"Notwithstanding any other provision of this Agreement, the insurance coverage required hereunder shall name the other party as an additional insured on a primary and noncontributory basis, unless the parties expressly agree otherwise in a signed writing.",The required insurance policy must list the other party as an additional insured with primary coverage.
"Notwithstanding any other provision of this Agreement, the company may terminate this Agreement for convenience upon thirty days' prior written notice to the other party, unless the parties expressly agree otherwise in a signed writing.",The company can end the contract for any reason by giving thirty days' written notice.
"Each party shall use commercially reasonable efforts to mitigate any damages arising from a breach of this Agreement, unless the parties expressly agree otherwise in a signed writing.",Each side must take reasonable steps to reduce the harm caused by a contract breach.
"Regardless of any conflicting provision in this Agreement, any controversy or claim arising out of or relating to this Agreement shall be settled by binding arbitration administered by a recognized arbitral provider, unless the parties expressly agree otherwise in a signed writing.",Any dispute about this contract will be decided by binding arbitration run by a recognized provider.
"Notwithstanding any other provision of this Agreement, the shareholder hereby irrevocably appoints the company as his or her proxy to vote the shares in accordance with the terms of this Agreement, unless the parties expressly agree otherwise in a signed writing.",The shareholder gives the company lasting authority to vote the shares as the agreement requires.
"Despite any other provision of this Agreement, the supplier shall warrant that all goods delivered under this Agreement will be free from defects in material and workmanship for a period of one year, unless the parties expressly agree otherwise in a signed writing.",The supplier promises that the goods will be free of material and workmanship defects for one year.
"The client shall provide the consultant with timely access to information, personnel, and systems reasonably necessary to perform the services, unless the parties expressly agree otherwise in a signed writing.","The client must give the consultant timely access to the information, staff, and systems needed to do the job."
"The guarantor hereby unconditionally guarantees the punctual payment and performance of all obligations of the borrower under the loan documents, unless the parties expressly agree otherwise in a signed writing.",The guarantor promises to pay and perform all of the borrower's obligations on time if the borrower does not.
"Regardless of any conflicting provision in this Agreement, the license granted herein is nonexclusive, nontransferable, and limited to internal business use by the licensee, unless the parties expressly agree otherwise in a signed writing.","The license lets the licensee use the product only internally, and it cannot be transferred or shared with others."
"Notwithstanding any other provision of this Agreement, the parties shall treat the terms and existence of settlement negotiations as confidential and shall not disclose them to third parties, unless the parties expressly agree otherwise in a signed writing.",Both sides must keep settlement talks secret and not share details with outsiders.
"In spite of any other clause of this Agreement, the landlord may enter the premises upon reasonable prior notice to inspect, repair, or show the property to prospective tenants or purchasers, unless the parties expressly agree otherwise in a signed writing.","The landlord may enter the property with reasonable notice to inspect, make repairs, or show it to potential tenants or buyers."
"Despite any other provision of this Agreement, the employee agrees not to compete with the employer's business within a fifty mile radius for one year after the end of employment, unless the parties expressly agree otherwise in a signed writing.",The employee agrees not to work for a competing business within fifty miles for one year after leaving.
"Notwithstanding any other provision of this Agreement, the borrower shall provide the lender with quarterly financial statements prepared in accordance with generally accepted accounting principles, unless the parties expressly agree otherwise in a signed writing.",The borrower must send the lender quarterly financial statements that follow standard accounting rules.
"The parties agree that electronic signatures shall have the same legal effect as original handwritten signatures, unless the parties expressly agree otherwise in a signed writing.",The parties agree that electronic signatures are legally equal to handwritten ones.
"Despite any other provision of this Agreement, the service provider shall maintain industry-standard security measures to protect customer data stored on its systems, unless the parties expressly agree otherwise in a signed writing.",The service provider must use typical industry security practices to protect customer data it stores.
"Notwithstanding any other provision of this Agreement, the parties consent to the exclusive jurisdiction of the federal and state courts located in the County of Cook, Illinois, unless the parties expressly agree otherwise in a signed writing.","Both sides agree that only the courts in Cook County, Illinois will hear disputes about the contract."
"The buyer shall have the right to inspect the goods upon delivery and may reject any goods that do not conform to the specifications, unless the parties expressly agree otherwise in a signed writing.",The buyer may inspect the goods on delivery and refuse items that do not meet the agreed specifications.
"The consultant shall perform the services in a professional and workmanlike manner consistent with generally accepted industry standards, unless the parties expressly agree otherwise in a signed writing.",The consultant must do the work professionally and in line with common industry standards.
"Notwithstanding any other provision of this Agreement, the parties agree that any modification of this Agreement must be in writing and signed by authorized representatives of both parties, unless the parties expressly agree otherwise in a signed writing.",Any change to the contract must be written and signed by authorized people from both sides.
"Regardless of any conflicting provision in this Agreement, the franchisee shall operate the franchised business strictly in accordance with the franchisor's manuals, policies, and specifications, unless the parties expressly agree otherwise in a signed writing.",The franchise owner must run the business according to the franchisor's manuals and rules.
"Regardless of any conflicting provision in this Agreement, the obligor shall indemnify and hold harmless the indemnitee from and against all claims arising from the obligor's negligence or willful misconduct, unless the parties expressly agree otherwise in a signed writing.",The party at fault must reimburse the other party for claims caused by its negligence or intentional wrongdoing.
"In spite of any other clause of this Agreement, the parties acknowledge that no partnership, joint venture, or agency relationship is created by this Agreement, unless the parties expressly agree otherwise in a signed writing.","The parties agree that this contract does not make them partners, joint venturers, or agents of each other."
"Notwithstanding any other provision of this Agreement, the tenant shall return the premises to the landlord in substantially the same condition as received, ordinary wear and tear excepted, unless the parties expressly agree otherwise in a signed writing.","The tenant must give the space back in almost the same condition as at move in, allowing for normal wear and tear."
"The obligation to maintain confidentiality shall survive termination or expiration of this Agreement for a period of three years, unless the parties expressly agree otherwise in a signed writing.",The duty to keep information confidential continues for three years after the contract ends.
"For the avoidance of doubt, the nonbreaching party may seek specific performance or injunctive relief from a court of competent jurisdiction, and no party shall rely on any prior or contemporaneous oral statement to the contrary.",The party that did not breach the contract may ask a court to force performance or stop wrongful conduct.
"For the avoidance of doubt, each party shall maintain the confidentiality of all proprietary or trade secret information disclosed under this Agreement, and no party shall rely on any prior or contemporaneous oral statement to the contrary.",Each side must keep shared confidential business information secret.
"To avoid any uncertainty, no waiver of any provision shall be effective unless made in writing and signed by the waiving party, and no party shall rely on any prior or contemporaneous oral statement to the contrary.","A party only gives up a contract right if it does so in a written, signed document."
"For the avoidance of doubt, the party in default shall be afforded a reasonable opportunity to cure such default within thirty days after receiving written notice, and no party shall rely on any prior or contemporaneous oral statement to the contrary.",The side that violated the contract gets thirty days after written notice to fix the problem.
"To avoid any uncertainty, all notices and other communications required or permitted under this Agreement shall be in writing and delivered by certified mail or reputable courier service, and no party shall rely on any prior or contemporaneous oral statement to the contrary.",All formal notices must be written and sent by certified mail or a well known delivery service.
"To avoid any uncertainty, the laws of the State of New York shall govern the validity, interpretation, and enforcement of this Agreement, without regard to its conflict of law rules, and no party shall rely on any prior or contemporaneous oral statement to the contrary.",New York law controls how this contract is interpreted and enforced.
"Any assignment of this Agreement or of any rights or obligations hereunder without the prior written consent of the other party shall be null and void, and no party shall rely on any prior or contemporaneous oral statement to the contrary.",A party cannot transfer this contract to someone else without the other side's written consent.
"For the avoidance of doubt, the parties acknowledge and agree that time is of the essence with respect to the performance of all obligations set forth herein, and no party shall rely on any prior or contemporaneous oral statement to the contrary.",Both sides agree that meeting the contract deadlines is very important.
"For the avoidance of doubt, the employee shall comply with all policies, procedures, and codes of conduct adopted by the employer from time to time, and no party shall rely on any prior or contemporaneous oral statement to the contrary.",The employee must follow the employer's current rules and codes of conduct.
"For the avoidance of doubt, the customer shall remit full payment of all undisputed amounts within thirty days after receipt of a properly issued invoice, and no party shall rely on any prior or contemporaneous oral statement to the contrary.",The customer must pay the amount it does not dispute within thirty days of receiving a correct bill.
"For the avoidance of doubt, interest shall accrue on any overdue amounts at the rate of one and one half percent per month or the maximum rate allowed by law, whichever is lower, and no party shall rely on any prior or contemporaneous oral statement to the contrary.",Late payments will accrue interest up to the legal limit.
"For clarity, the contractor shall obtain and maintain at its own expense all licenses, permits, and approvals required to perform the services described herein, and no party shall rely on any prior or contemporaneous oral statement to the contrary.",The contractor must pay for and keep any licenses and permits needed to do the work.
"For the avoidance of doubt, the limitation of liability set forth in this section shall not apply to damages arising from a party's gross negligence or willful misconduct, and no party shall rely on any prior or contemporaneous oral statement to the contrary.",The liability cap does not apply if a party acts with gross negligence or on purpose.
"The data controller shall implement appropriate technical and organizational measures to protect personal data against unauthorized access, use, or disclosure, and no party shall rely on any prior or contemporaneous oral statement to the contrary.",The organization handling personal data must use proper safeguards to prevent unauthorized access or misuse.
"For the sake of certainty, the data subject shall have the right to access, correct, or request deletion of personal data processed by the controller, subject to applicable law, and no party shall rely on any prior or contemporaneous oral statement to the contrary.","The person whose data is used may see it, correct it, or ask that it be deleted when the law allows."
"The tenant shall not make any structural alterations or improvements to the leased premises without the prior written consent of the landlord, and no party shall rely on any prior or contemporaneous oral statement to the contrary.",The tenant needs the landlord's written approval before making structural changes to the space.
"For clarity, the insurance coverage required hereunder shall name the other party as an additional insured on a primary and noncontributory basis, and no party shall rely on any prior or contemporaneous oral statement to the contrary.",The required insurance policy must list the other party as an additional insured with primary coverage.
"For the sake of certainty, the company may terminate this Agreement for convenience upon thirty days' prior written notice to the other party, and no party shall rely on any prior or contemporaneous oral statement to the contrary.",The company can end the contract for any reason by giving thirty days' written notice.
"For the avoidance of doubt, each party shall use commercially reasonable efforts to mitigate any damages arising from a breach of this Agreement, and no party shall rely on any prior or contemporaneous oral statement to the contrary.",Each side must take reasonable steps to reduce the harm caused by a contract breach.
"To avoid any uncertainty, any controversy or claim arising out of or relating to this Agreement shall be settled by binding arbitration administered by a recognized arbitral provider, and no party shall rely on any prior or contemporaneous oral statement to the contrary.",Any dispute about this contract will be decided by binding arbitration run by a recognized provider.
"The shareholder hereby irrevocably appoints the company as his or her proxy to vote the shares in accordance with the terms of this Agreement, and no party shall rely on any prior or contemporaneous oral statement to the contrary.",The shareholder gives the company lasting authority to vote the shares as the agreement requires.
"For the avoidance of doubt, the supplier shall warrant that all goods delivered under this Agreement will be free from defects in material and workmanship for a period of one year, and no party shall rely on any prior or contemporaneous oral statement to the contrary.",The supplier promises that the goods will be free of material and workmanship defects for one year.
"For the avoidance of doubt, the client shall provide the consultant with timely access to information, personnel, and systems reasonably necessary to perform the services, and no party shall rely on any prior or contemporaneous oral statement to the contrary.","The client must give the consultant timely access to the information, staff, and systems needed to do the job."
"For the avoidance of doubt, the guarantor hereby unconditionally guarantees the punctual payment and performance of all obligations of the borrower under the loan documents, and no party shall rely on any prior or contemporaneous oral statement to the contrary.",The guarantor promises to pay and perform all of the borrower's obligations on time if the borrower does not.
"The license granted herein is nonexclusive, nontransferable, and limited to internal business use by the licensee, and no party shall rely on any prior or contemporaneous oral statement to the contrary.","The license lets the licensee use the product only internally, and it cannot be transferred or shared with others."
"The parties shall treat the terms and existence of settlement negotiations as confidential and shall not disclose them to third parties, and no party shall rely on any prior or contemporaneous oral statement to the contrary.",Both sides must keep settlement talks secret and not share details with outsiders.
"For the avoidance of doubt, the landlord may enter the premises upon reasonable prior notice to inspect, repair, or show the property to prospective tenants or purchasers, and no party shall rely on any prior or contemporaneous oral statement to the contrary.","The landlord may enter the property with reasonable notice to inspect, make repairs, or show it to potential tenants or buyers."
"For the avoidance of doubt, the employee agrees not to compete with the employer's business within a fifty mile radius for one year after the end of employment, and no party shall rely on any prior or contemporaneous oral statement to the contrary.",The employee agrees not to work for a competing business within fifty miles for one year after leaving.
"The borrower shall provide the lender with quarterly financial statements prepared in accordance with generally accepted accounting principles, and no party shall rely on any prior or contemporaneous oral statement to the contrary.",The borrower must send the lender quarterly financial statements that follow standard accounting rules.
"For clarity, the parties agree that electronic signatures shall have the same legal effect as original handwritten signatures, and no party shall rely on any prior or contemporaneous oral statement to the contrary.",The parties agree that electronic signatures are legally equal to handwritten ones.
"For the avoidance of doubt, the service provider shall maintain industry-standard security measures to protect customer data stored on its systems, and no party shall rely on any prior or contemporaneous oral statement to the contrary.",The service provider must use typical industry security practices to protect customer data it stores.
"For clarity, the parties consent to the exclusive jurisdiction of the federal and state courts located in the County of Cook, Illinois, and no party shall rely on any prior or contemporaneous oral statement to the contrary.","Both sides agree that only the courts in Cook County, Illinois will hear disputes about the contract."
"The buyer shall have the right to inspect the goods upon delivery and may reject any goods that do not conform to the specifications, and no party shall rely on any prior or contemporaneous oral statement to the contrary.",The buyer may inspect the goods on delivery and refuse items that do not meet the agreed specifications.
"For the sake of certainty, the consultant shall perform the services in a professional and workmanlike manner consistent with generally accepted industry standards, and no party shall rely on any prior or contemporaneous oral statement to the contrary.",The consultant must do the work professionally and in line with common industry standards.
"The parties agree that any modification of this Agreement must be in writing and signed by authorized representatives of both parties, and no party shall rely on any prior or contemporaneous oral statement to the contrary.",Any change to the contract must be written and signed by authorized people from both sides.
"For the sake of certainty, the franchisee shall operate the franchised business strictly in accordance with the franchisor's manuals, policies, and specifications, and no party shall rely on any prior or contemporaneous oral statement to the contrary.",The franchise owner must run the business according to the franchisor's manuals and rules.
"For clarity, the obligor shall indemnify and hold harmless the indemnitee from and against all claims arising from the obligor's negligence or willful misconduct, and no party shall rely on any prior or contemporaneous oral statement to the contrary.",The party at fault must reimburse the other party for claims caused by its negligence or intentional wrongdoing.
"For the avoidance of doubt, the parties acknowledge that no partnership, joint venture, or agency relationship is created by this Agreement, and no party shall rely on any prior or contemporaneous oral statement to the contrary.","The parties agree that this contract does not make them partners, joint venturers, or agents of each other."
"For the avoidance of doubt, the tenant shall return the premises to the landlord in substantially the same condition as received, ordinary wear and tear excepted, and no party shall rely on any prior or contemporaneous oral statement to the contrary.","The tenant must give the space back in almost the same condition as at move in, allowing for normal wear and tear."
"For the avoidance of doubt, the obligation to maintain confidentiality shall survive termination or expiration of this Agreement for a period of three years, and no party shall rely on any prior or contemporaneous oral statement to the contrary.",The duty to keep information confidential continues for three years after the contract ends.
"In the event of a material breach of this Agreement, the nonbreaching party may seek specific performance or injunctive relief from a court of competent jurisdiction, without limiting any other remedy available at law or in equity.",The party that did not breach the contract may ask a court to force performance or stop wrongful conduct.
"Where a material breach of this Agreement, each party shall maintain the confidentiality of all proprietary or trade secret information disclosed under this Agreement, without limiting any other remedy available at law or in equity.",Each side must keep shared confidential business information secret.
"Should a material breach of this Agreement, no waiver of any provision shall be effective unless made in writing and signed by the waiving party, without limiting any other remedy available at law or in equity.","A party only gives up a contract right if it does so in a written, signed document."
"In the event of a material breach of this Agreement, the party in default shall be afforded a reasonable opportunity to cure such default within thirty days after receiving written notice, without limiting any other remedy available at law or in equity.",The side that violated the contract gets thirty days after written notice to fix the problem.
"If a material breach of this Agreement, all notices and other communications required or permitted under this Agreement shall be in writing and delivered by certified mail or reputable courier service, without limiting any other remedy available at law or in equity.",All formal notices must be written and sent by certified mail or a well known delivery service.
"Should a material breach of this Agreement, the laws of the State of New York shall govern the validity, interpretation, and enforcement of this Agreement, without regard to its conflict of law rules, without limiting any other remedy available at law or in equity.",New York law controls how this contract is interpreted and enforced.
"Where a material breach of this Agreement, any assignment of this Agreement or of any rights or obligations hereunder without the prior written consent of the other party shall be null and void, without limiting any other remedy available at law or in equity.",A party cannot transfer this contract to someone else without the other side's written consent.
"If a material breach of this Agreement, the parties acknowledge and agree that time is of the essence with respect to the performance of all obligations set forth herein, without limiting any other remedy available at law or in equity.",Both sides agree that meeting the contract deadlines is very important.
"Where a material breach of this Agreement, the employee shall comply with all policies, procedures, and codes of conduct adopted by the employer from time to time, without limiting any other remedy available at law or in equity.",The employee must follow the employer's current rules and codes of conduct.
"If a material breach of this Agreement, the customer shall remit full payment of all undisputed amounts within thirty days after receipt of a properly issued invoice, without limiting any other remedy available at law or in equity.",The customer must pay the amount it does not dispute within thirty days of receiving a correct bill.
"If a material breach of this Agreement, interest shall accrue on any overdue amounts at the rate of one and one half percent per month or the maximum rate allowed by law, whichever is lower, without limiting any other remedy available at law or in equity.",Late payments will accrue interest up to the legal limit.
"In the event of a material breach of this Agreement, the contractor shall obtain and maintain at its own expense all licenses, permits, and approvals required to perform the services described herein, without limiting any other remedy available at law or in equity.",The contractor must pay for and keep any licenses and permits needed to do the work.
"If a material breach of this Agreement, the limitation of liability set forth in this section shall not apply to damages arising from a party's gross negligence or willful misconduct, without limiting any other remedy available at law or in equity.",The liability cap does not apply if a party acts with gross negligence or on purpose.
"Should a material breach of this Agreement, the data controller shall implement appropriate technical and organizational measures to protect personal data against unauthorized access, use, or disclosure, without limiting any other remedy available at law or in equity.",The organization handling personal data must use proper safeguards to prevent unauthorized access or misuse.
"If a material breach of this Agreement, the data subject shall have the right to access, correct, or request deletion of personal data processed by the controller, subject to applicable law, without limiting any other remedy available at law or in equity.","The person whose data is used may see it, correct it, or ask that it be deleted when the law allows."
"In the event of a material breach of this Agreement, the tenant shall not make any structural alterations or improvements to the leased premises without the prior written consent of the landlord, without limiting any other remedy available at law or in equity.",The tenant needs the landlord's written approval before making structural changes to the space.
"In the event of a material breach of this Agreement, the insurance coverage required hereunder shall name the other party as an additional insured on a primary and noncontributory basis, without limiting any other remedy available at law or in equity.",The required insurance policy must list the other party as an additional insured with primary coverage.
"If a material breach of this Agreement, the company may terminate this Agreement for convenience upon thirty days' prior written notice to the other party, without limiting any other remedy available at law or in equity.",The company can end the contract for any reason by giving thirty days' written notice.
"In the event of a material breach of this Agreement, each party shall use commercially reasonable efforts to mitigate any damages arising from a breach of this Agreement, without limiting any other remedy available at law or in equity.",Each side must take reasonable steps to reduce the harm caused by a contract breach.
"In the event of a material breach of this Agreement, any controversy or claim arising out of or relating to this Agreement shall be settled by binding arbitration administered by a recognized arbitral provider, without limiting any other remedy available at law or in equity.",Any dispute about this contract will be decided by binding arbitration run by a recognized provider.
"If a material breach of this Agreement, the shareholder hereby irrevocably appoints the company as his or her proxy to vote the shares in accordance with the terms of this Agreement, without limiting any other remedy available at law or in equity.",The shareholder gives the company lasting authority to vote the shares as the agreement requires.
"Should a material breach of this Agreement, the supplier shall warrant that all goods delivered under this Agreement will be free from defects in material and workmanship for a period of one year, without limiting any other remedy available at law or in equity.",The supplier promises that the goods will be free of material and workmanship defects for one year.
"Should a material breach of this Agreement, the client shall provide the consultant with timely access to information, personnel, and systems reasonably necessary to perform the services, without limiting any other remedy available at law or in equity.","The client must give the consultant timely access to the information, staff, and systems needed to do the job."
"In the event of a material breach of this Agreement, the guarantor hereby unconditionally guarantees the punctual payment and performance of all obligations of the borrower under the loan documents, without limiting any other remedy available at law or in equity.",The guarantor promises to pay and perform all of the borrower's obligations on time if the borrower does not.
"Where a material breach of this Agreement, the license granted herein is nonexclusive, nontransferable, and limited to internal business use by the licensee, without limiting any other remedy available at law or in equity.","The license lets the licensee use the product only internally, and it cannot be transferred or shared with others."
"In the event of a material breach of this Agreement, the parties shall treat the terms and existence of settlement negotiations as confidential and shall not disclose them to third parties, without limiting any other remedy available at law or in equity.",Both sides must keep settlement talks secret and not share details with outsiders.
"Should a material breach of this Agreement, the landlord may enter the premises upon reasonable prior notice to inspect, repair, or show the property to prospective tenants or purchasers, without limiting any other remedy available at law or in equity.","The landlord may enter the property with reasonable notice to inspect, make repairs, or show it to potential tenants or buyers."
"In the event of a material breach of this Agreement, the employee agrees not to compete with the employer's business within a fifty mile radius for one year after the end of employment, without limiting any other remedy available at law or in equity.",The employee agrees not to work for a competing business within fifty miles for one year after leaving.
"In the event of a material breach of this Agreement, the borrower shall provide the lender with quarterly financial statements prepared in accordance with generally accepted accounting principles, without limiting any other remedy available at law or in equity.",The borrower must send the lender quarterly financial statements that follow standard accounting rules.
"If a material breach of this Agreement, the parties agree that electronic signatures shall have the same legal effect as original handwritten signatures, without limiting any other remedy available at law or in equity.",The parties agree that electronic signatures are legally equal to handwritten ones.
"Should a material breach of this Agreement, the service provider shall maintain industry-standard security measures to protect customer data stored on its systems, without limiting any other remedy available at law or in equity.",The service provider must use typical industry security practices to protect customer data it stores.
"If a material breach of this Agreement, the parties consent to the exclusive jurisdiction of the federal and state courts located in the County of Cook, Illinois, without limiting any other remedy available at law or in equity.","Both sides agree that only the courts in Cook County, Illinois will hear disputes about the contract."
"If a material breach of this Agreement, the buyer shall have the right to inspect the goods upon delivery and may reject any goods that do not conform to the specifications, without limiting any other remedy available at law or in equity.",The buyer may inspect the goods on delivery and refuse items that do not meet the agreed specifications.
"In the event of a material breach of this Agreement, the consultant shall perform the services in a professional and workmanlike manner consistent with generally accepted industry standards, without limiting any other remedy available at law or in equity.",The consultant must do the work professionally and in line with common industry standards.
"Where a material breach of this Agreement, the parties agree that any modification of this Agreement must be in writing and signed by authorized representatives of both parties, without limiting any other remedy available at law or in equity.",Any change to the contract must be written and signed by authorized people from both sides.
"Where a material breach of this Agreement, the franchisee shall operate the franchised business strictly in accordance with the franchisor's manuals, policies, and specifications, without limiting any other remedy available at law or in equity.",The franchise owner must run the business according to the franchisor's manuals and rules.
"In the event of a material breach of this Agreement, the obligor shall indemnify and hold harmless the indemnitee from and against all claims arising from the obligor's negligence or willful misconduct, without limiting any other remedy available at law or in equity.",The party at fault must reimburse the other party for claims caused by its negligence or intentional wrongdoing.
"In the event of a material breach of this Agreement, the parties acknowledge that no partnership, joint venture, or agency relationship is created by this Agreement, without limiting any other remedy available at law or in equity.","The parties agree that this contract does not make them partners, joint venturers, or agents of each other."
"In the event of a material breach of this Agreement, the tenant shall return the premises to the landlord in substantially the same condition as received, ordinary wear and tear excepted, without limiting any other remedy available at law or in equity.","The tenant must give the space back in almost the same condition as at move in, allowing for normal wear and tear."
"In the event of a material breach of this Agreement, the obligation to maintain confidentiality shall survive termination or expiration of this Agreement for a period of three years, without limiting any other remedy available at law or in equity.",The duty to keep information confidential continues for three years after the contract ends.
", the nonbreaching party may seek specific performance or injunctive relief from a court of competent jurisdiction, and each party shall reasonably cooperate to carry out this provision.",The party that did not breach the contract may ask a court to force performance or stop wrongful conduct.
", each party shall maintain the confidentiality of all proprietary or trade secret information disclosed under this Agreement, and each party shall reasonably cooperate to carry out this provision.",Each side must keep shared confidential business information secret.
"In compliance with all applicable laws and regulations, no waiver of any provision shall be effective unless made in writing and signed by the waiving party, and each party shall reasonably cooperate to carry out this provision.","A party only gives up a contract right if it does so in a written, signed document."
"Subject to all applicable laws and regulations, the party in default shall be afforded a reasonable opportunity to cure such default within thirty days after receiving written notice, and each party shall reasonably cooperate to carry out this provision.",The side that violated the contract gets thirty days after written notice to fix the problem.
"Subject to all applicable laws and regulations, all notices and other communications required or permitted under this Agreement shall be in writing and delivered by certified mail or reputable courier service, and each party shall reasonably cooperate to carry out this provision.",All formal notices must be written and sent by certified mail or a well known delivery service.
"As required by applicable law, the laws of the State of New York shall govern the validity, interpretation, and enforcement of this Agreement, without regard to its conflict of law rules, and each party shall reasonably cooperate to carry out this provision.",New York law controls how this contract is interpreted and enforced.
"In compliance with all applicable laws and regulations, any assignment of this Agreement or of any rights or obligations hereunder without the prior written consent of the other party shall be null and void, and each party shall reasonably cooperate to carry out this provision.",A party cannot transfer this contract to someone else without the other side's written consent.
", the parties acknowledge and agree that time is of the essence with respect to the performance of all obligations set forth herein, and each party shall reasonably cooperate to carry out this provision.",Both sides agree that meeting the contract deadlines is very important.
"In accordance with all applicable statutes and regulations, the employee shall comply with all policies, procedures, and codes of conduct adopted by the employer from time to time, and each party shall reasonably cooperate to carry out this provision.",The employee must follow the employer's current rules and codes of conduct.
"Subject to all applicable laws and regulations, the customer shall remit full payment of all undisputed amounts within thirty days after receipt of a properly issued invoice, and each party shall reasonably cooperate to carry out this provision.",The customer must pay the amount it does not dispute within thirty days of receiving a correct bill.
", interest shall accrue on any overdue amounts at the rate of one and one half percent per month or the maximum rate allowed by law, whichever is lower, and each party shall reasonably cooperate to carry out this provision.",Late payments will accrue interest up to the legal limit.
"Subject to all applicable laws and regulations, the contractor shall obtain and maintain at its own expense all licenses, permits, and approvals required to perform the services described herein, and each party shall reasonably cooperate to carry out this provision.",The contractor must pay for and keep any licenses and permits needed to do the work.
"Subject to all applicable laws and regulations, the limitation of liability set forth in this section shall not apply to damages arising from a party's gross negligence or willful misconduct, and each party shall reasonably cooperate to carry out this provision.",The liability cap does not apply if a party acts with gross negligence or on purpose.
"Subject to all applicable laws and regulations, the data controller shall implement appropriate technical and organizational measures to protect personal data against unauthorized access, use, or disclosure, and each party shall reasonably cooperate to carry out this provision.",The organization handling personal data must use proper safeguards to prevent unauthorized access or misuse.
"In compliance with all applicable laws and regulations, the data subject shall have the right to access, correct, or request deletion of personal data processed by the controller, subject to applicable law, and each party shall reasonably cooperate to carry out this provision.","The person whose data is used may see it, correct it, or ask that it be deleted when the law allows."
", the tenant shall not make any structural alterations or improvements to the leased premises without the prior written consent of the landlord, and each party shall reasonably cooperate to carry out this provision.",The tenant needs the landlord's written approval before making structural changes to the space.
"In compliance with all applicable laws and regulations, the insurance coverage required hereunder shall name the other party as an additional insured on a primary and noncontributory basis, and each party shall reasonably cooperate to carry out this provision.",The required insurance policy must list the other party as an additional insured with primary coverage.
", the company may terminate this Agreement for convenience upon thirty days' prior written notice to the other party, and each party shall reasonably cooperate to carry out this provision.",The company can end the contract for any reason by giving thirty days' written notice.
", each party shall use commercially reasonable efforts to mitigate any damages arising from a breach of this Agreement, and each party shall reasonably cooperate to carry out this provision.",Each side must take reasonable steps to reduce the harm caused by a contract breach.
"Subject to all applicable laws and regulations, any controversy or claim arising out of or relating to this Agreement shall be settled by binding arbitration administered by a recognized arbitral provider, and each party shall reasonably cooperate to carry out this provision.",Any dispute about this contract will be decided by binding arbitration run by a recognized provider.
", the shareholder hereby irrevocably appoints the company as his or her proxy to vote the shares in accordance with the terms of this Agreement, and each party shall reasonably cooperate to carry out this provision.",The shareholder gives the company lasting authority to vote the shares as the agreement requires.
"Subject to all applicable laws and regulations, the supplier shall warrant that all goods delivered under this Agreement will be free from defects in material and workmanship for a period of one year, and each party shall reasonably cooperate to carry out this provision.",The supplier promises that the goods will be free of material and workmanship defects for one year.
"In accordance with all applicable statutes and regulations, the client shall provide the consultant with timely access to information, personnel, and systems reasonably necessary to perform the services, and each party shall reasonably cooperate to carry out this provision.","The client must give the consultant timely access to the information, staff, and systems needed to do the job."
"In compliance with all applicable laws and regulations, the guarantor hereby unconditionally guarantees the punctual payment and performance of all obligations of the borrower under the loan documents, and each party shall reasonably cooperate to carry out this provision.",The guarantor promises to pay and perform all of the borrower's obligations on time if the borrower does not.
"Subject to all applicable laws and regulations, the license granted herein is nonexclusive, nontransferable, and limited to internal business use by the licensee, and each party shall reasonably cooperate to carry out this provision.","The license lets the licensee use the product only internally, and it cannot be transferred or shared with others."
"In accordance with all applicable statutes and regulations, the parties shall treat the terms and existence of settlement negotiations as confidential and shall not disclose them to third parties, and each party shall reasonably cooperate to carry out this provision.",Both sides must keep settlement talks secret and not share details with outsiders.
", the landlord may enter the premises upon reasonable prior notice to inspect, repair, or show the property to prospective tenants or purchasers, and each party shall reasonably cooperate to carry out this provision.","The landlord may enter the property with reasonable notice to inspect, make repairs, or show it to potential tenants or buyers."
"As required by applicable law, the employee agrees not to compete with the employer's business within a fifty mile radius for one year after the end of employment, and each party shall reasonably cooperate to carry out this provision.",The employee agrees not to work for a competing business within fifty miles for one year after leaving.
"In accordance with all applicable statutes and regulations, the borrower shall provide the lender with quarterly financial statements prepared in accordance with generally accepted accounting principles, and each party shall reasonably cooperate to carry out this provision.",The borrower must send the lender quarterly financial statements that follow standard accounting rules.
", the parties agree that electronic signatures shall have the same legal effect as original handwritten signatures, and each party shall reasonably cooperate to carry out this provision.",The parties agree that electronic signatures are legally equal to handwritten ones.
"Subject to all applicable laws and regulations, the service provider shall maintain industry-standard security measures to protect customer data stored on its systems, and each party shall reasonably cooperate to carry out this provision.",The service provider must use typical industry security practices to protect customer data it stores.
"In accordance with all applicable statutes and regulations, the parties consent to the exclusive jurisdiction of the federal and state courts located in the County of Cook, Illinois, and each party shall reasonably cooperate to carry out this provision.","Both sides agree that only the courts in Cook County, Illinois will hear disputes about the contract."
"Subject to all applicable laws and regulations, the buyer shall have the right to inspect the goods upon delivery and may reject any goods that do not conform to the specifications, and each party shall reasonably cooperate to carry out this provision.",The buyer may inspect the goods on delivery and refuse items that do not meet the agreed specifications.
"As required by applicable law, the consultant shall perform the services in a professional and workmanlike manner consistent with generally accepted industry standards, and each party shall reasonably cooperate to carry out this provision.",The consultant must do the work professionally and in line with common industry standards.
"In accordance with all applicable statutes and regulations, the parties agree that any modification of this Agreement must be in writing and signed by authorized representatives of both parties, and each party shall reasonably cooperate to carry out this provision.",Any change to the contract must be written and signed by authorized people from both sides.
"In accordance with all applicable statutes and regulations, the franchisee shall operate the franchised business strictly in accordance with the franchisor's manuals, policies, and specifications, and each party shall reasonably cooperate to carry out this provision.",The franchise owner must run the business according to the franchisor's manuals and rules.
"In compliance with all applicable laws and regulations, the obligor shall indemnify and hold harmless the indemnitee from and against all claims arising from the obligor's negligence or willful misconduct, and each party shall reasonably cooperate to carry out this provision.",The party at fault must reimburse the other party for claims caused by its negligence or intentional wrongdoing.
"Subject to all applicable laws and regulations, the parties acknowledge that no partnership, joint venture, or agency relationship is created by this Agreement, and each party shall reasonably cooperate to carry out this provision.","The parties agree that this contract does not make them partners, joint venturers, or agents of each other."
"As required by applicable law, the tenant shall return the premises to the landlord in substantially the same condition as received, ordinary wear and tear excepted, and each party shall reasonably cooperate to carry out this provision.","The tenant must give the space back in almost the same condition as at move in, allowing for normal wear and tear."
"Subject to all applicable laws and regulations, the obligation to maintain confidentiality shall survive termination or expiration of this Agreement for a period of three years, and each party shall reasonably cooperate to carry out this provision.",The duty to keep information confidential continues for three years after the contract ends.
"If any dispute arises out of or relates to this Agreement, the nonbreaching party may seek specific performance or injunctive relief from a court of competent jurisdiction, and such dispute shall be handled in accordance with the procedures set forth herein.",The party that did not breach the contract may ask a court to force performance or stop wrongful conduct.
"If any dispute arises out of or relates to this Agreement, each party shall maintain the confidentiality of all proprietary or trade secret information disclosed under this Agreement, and such dispute shall be handled in accordance with the procedures set forth herein.",Each side must keep shared confidential business information secret.
"If any dispute arises out of or relates to this Agreement, no waiver of any provision shall be effective unless made in writing and signed by the waiving party, and such dispute shall be handled in accordance with the procedures set forth herein.","A party only gives up a contract right if it does so in a written, signed document."
"If any dispute arises out of or relates to this Agreement, the party in default shall be afforded a reasonable opportunity to cure such default within thirty days after receiving written notice, and such dispute shall be handled in accordance with the procedures set forth herein.",The side that violated the contract gets thirty days after written notice to fix the problem.
"If any dispute arises out of or relates to this Agreement, all notices and other communications required or permitted under this Agreement shall be in writing and delivered by certified mail or reputable courier service, and such dispute shall be handled in accordance with the procedures set forth herein.",All formal notices must be written and sent by certified mail or a well known delivery service.
"If any dispute arises out of or relates to this Agreement, the laws of the State of New York shall govern the validity, interpretation, and enforcement of this Agreement, without regard to its conflict of law rules, and such dispute shall be handled in accordance with the procedures set forth herein.",New York law controls how this contract is interpreted and enforced.
"If any dispute arises out of or relates to this Agreement, any assignment of this Agreement or of any rights or obligations hereunder without the prior written consent of the other party shall be null and void, and such dispute shall be handled in accordance with the procedures set forth herein.",A party cannot transfer this contract to someone else without the other side's written consent.
"If any dispute arises out of or relates to this Agreement, the parties acknowledge and agree that time is of the essence with respect to the performance of all obligations set forth herein, and such dispute shall be handled in accordance with the procedures set forth herein.",Both sides agree that meeting the contract deadlines is very important.
"If any dispute arises out of or relates to this Agreement, the employee shall comply with all policies, procedures, and codes of conduct adopted by the employer from time to time, and such dispute shall be handled in accordance with the procedures set forth herein.",The employee must follow the employer's current rules and codes of conduct.
"If any dispute arises out of or relates to this Agreement, the customer shall remit full payment of all undisputed amounts within thirty days after receipt of a properly issued invoice, and such dispute shall be handled in accordance with the procedures set forth herein.",The customer must pay the amount it does not dispute within thirty days of receiving a correct bill.
"If any dispute arises out of or relates to this Agreement, interest shall accrue on any overdue amounts at the rate of one and one half percent per month or the maximum rate allowed by law, whichever is lower, and such dispute shall be handled in accordance with the procedures set forth herein.",Late payments will accrue interest up to the legal limit.
"If any dispute arises out of or relates to this Agreement, the contractor shall obtain and maintain at its own expense all licenses, permits, and approvals required to perform the services described herein, and such dispute shall be handled in accordance with the procedures set forth herein.",The contractor must pay for and keep any licenses and permits needed to do the work.
"If any dispute arises out of or relates to this Agreement, the limitation of liability set forth in this section shall not apply to damages arising from a party's gross negligence or willful misconduct, and such dispute shall be handled in accordance with the procedures set forth herein.",The liability cap does not apply if a party acts with gross negligence or on purpose.
"If any dispute arises out of or relates to this Agreement, the data controller shall implement appropriate technical and organizational measures to protect personal data against unauthorized access, use, or disclosure, and such dispute shall be handled in accordance with the procedures set forth herein.",The organization handling personal data must use proper safeguards to prevent unauthorized access or misuse.
"If any dispute arises out of or relates to this Agreement, the data subject shall have the right to access, correct, or request deletion of personal data processed by the controller, subject to applicable law, and such dispute shall be handled in accordance with the procedures set forth herein.","The person whose data is used may see it, correct it, or ask that it be deleted when the law allows."
"If any dispute arises out of or relates to this Agreement, the tenant shall not make any structural alterations or improvements to the leased premises without the prior written consent of the landlord, and such dispute shall be handled in accordance with the procedures set forth herein.",The tenant needs the landlord's written approval before making structural changes to the space.
"If any dispute arises out of or relates to this Agreement, the insurance coverage required hereunder shall name the other party as an additional insured on a primary and noncontributory basis, and such dispute shall be handled in accordance with the procedures set forth herein.",The required insurance policy must list the other party as an additional insured with primary coverage.
"If any dispute arises out of or relates to this Agreement, the company may terminate this Agreement for convenience upon thirty days' prior written notice to the other party, and such dispute shall be handled in accordance with the procedures set forth herein.",The company can end the contract for any reason by giving thirty days' written notice.
"If any dispute arises out of or relates to this Agreement, each party shall use commercially reasonable efforts to mitigate any damages arising from a breach of this Agreement, and such dispute shall be handled in accordance with the procedures set forth herein.",Each side must take reasonable steps to reduce the harm caused by a contract breach.
"If any dispute arises out of or relates to this Agreement, any controversy or claim arising out of or relating to this Agreement shall be settled by binding arbitration administered by a recognized arbitral provider, and such dispute shall be handled in accordance with the procedures set forth herein.",Any dispute about this contract will be decided by binding arbitration run by a recognized provider.
"If any dispute arises out of or relates to this Agreement, the shareholder hereby irrevocably appoints the company as his or her proxy to vote the shares in accordance with the terms of this Agreement, and such dispute shall be handled in accordance with the procedures set forth herein.",The shareholder gives the company lasting authority to vote the shares as the agreement requires.
"If any dispute arises out of or relates to this Agreement, the supplier shall warrant that all goods delivered under this Agreement will be free from defects in material and workmanship for a period of one year, and such dispute shall be handled in accordance with the procedures set forth herein.",The supplier promises that the goods will be free of material and workmanship defects for one year.
"If any dispute arises out of or relates to this Agreement, the client shall provide the consultant with timely access to information, personnel, and systems reasonably necessary to perform the services, and such dispute shall be handled in accordance with the procedures set forth herein.","The client must give the consultant timely access to the information, staff, and systems needed to do the job."
"If any dispute arises out of or relates to this Agreement, the guarantor hereby unconditionally guarantees the punctual payment and performance of all obligations of the borrower under the loan documents, and such dispute shall be handled in accordance with the procedures set forth herein.",The guarantor promises to pay and perform all of the borrower's obligations on time if the borrower does not.
"If any dispute arises out of or relates to this Agreement, the license granted herein is nonexclusive, nontransferable, and limited to internal business use by the licensee, and such dispute shall be handled in accordance with the procedures set forth herein.","The license lets the licensee use the product only internally, and it cannot be transferred or shared with others."
"If any dispute arises out of or relates to this Agreement, the parties shall treat the terms and existence of settlement negotiations as confidential and shall not disclose them to third parties, and such dispute shall be handled in accordance with the procedures set forth herein.",Both sides must keep settlement talks secret and not share details with outsiders.
"If any dispute arises out of or relates to this Agreement, the landlord may enter the premises upon reasonable prior notice to inspect, repair, or show the property to prospective tenants or purchasers, and such dispute shall be handled in accordance with the procedures set forth herein.","The landlord may enter the property with reasonable notice to inspect, make repairs, or show it to potential tenants or buyers."
"If any dispute arises out of or relates to this Agreement, the employee agrees not to compete with the employer's business within a fifty mile radius for one year after the end of employment, and such dispute shall be handled in accordance with the procedures set forth herein.",The employee agrees not to work for a competing business within fifty miles for one year after leaving.
"If any dispute arises out of or relates to this Agreement, the borrower shall provide the lender with quarterly financial statements prepared in accordance with generally accepted accounting principles, and such dispute shall be handled in accordance with the procedures set forth herein.",The borrower must send the lender quarterly financial statements that follow standard accounting rules.
"If any dispute arises out of or relates to this Agreement, the parties agree that electronic signatures shall have the same legal effect as original handwritten signatures, and such dispute shall be handled in accordance with the procedures set forth herein.",The parties agree that electronic signatures are legally equal to handwritten ones.
"If any dispute arises out of or relates to this Agreement, the service provider shall maintain industry-standard security measures to protect customer data stored on its systems, and such dispute shall be handled in accordance with the procedures set forth herein.",The service provider must use typical industry security practices to protect customer data it stores.
"If any dispute arises out of or relates to this Agreement, the parties consent to the exclusive jurisdiction of the federal and state courts located in the County of Cook, Illinois, and such dispute shall be handled in accordance with the procedures set forth herein.","Both sides agree that only the courts in Cook County, Illinois will hear disputes about the contract."
"If any dispute arises out of or relates to this Agreement, the buyer shall have the right to inspect the goods upon delivery and may reject any goods that do not conform to the specifications, and such dispute shall be handled in accordance with the procedures set forth herein.",The buyer may inspect the goods on delivery and refuse items that do not meet the agreed specifications.
"If any dispute arises out of or relates to this Agreement, the consultant shall perform the services in a professional and workmanlike manner consistent with generally accepted industry standards, and such dispute shall be handled in accordance with the procedures set forth herein.",The consultant must do the work professionally and in line with common industry standards.
"If any dispute arises out of or relates to this Agreement, the parties agree that any modification of this Agreement must be in writing and signed by authorized representatives of both parties, and such dispute shall be handled in accordance with the procedures set forth herein.",Any change to the contract must be written and signed by authorized people from both sides.
"If any dispute arises out of or relates to this Agreement, the franchisee shall operate the franchised business strictly in accordance with the franchisor's manuals, policies, and specifications, and such dispute shall be handled in accordance with the procedures set forth herein.",The franchise owner must run the business according to the franchisor's manuals and rules.
"If any dispute arises out of or relates to this Agreement, the obligor shall indemnify and hold harmless the indemnitee from and against all claims arising from the obligor's negligence or willful misconduct, and such dispute shall be handled in accordance with the procedures set forth herein.",The party at fault must reimburse the other party for claims caused by its negligence or intentional wrongdoing.
"If any dispute arises out of or relates to this Agreement, the parties acknowledge that no partnership, joint venture, or agency relationship is created by this Agreement, and such dispute shall be handled in accordance with the procedures set forth herein.","The parties agree that this contract does not make them partners, joint venturers, or agents of each other."
"If any dispute arises out of or relates to this Agreement, the tenant shall return the premises to the landlord in substantially the same condition as received, ordinary wear and tear excepted, and such dispute shall be handled in accordance with the procedures set forth herein.","The tenant must give the space back in almost the same condition as at move in, allowing for normal wear and tear."
"If any dispute arises out of or relates to this Agreement, the obligation to maintain confidentiality shall survive termination or expiration of this Agreement for a period of three years, and such dispute shall be handled in accordance with the procedures set forth herein.",The duty to keep information confidential continues for three years after the contract ends.
"Except as otherwise expressly provided in this Agreement, the nonbreaching party may seek specific performance or injunctive relief from a court of competent jurisdiction, and each party shall be solely responsible for its own costs and expenses.",The party that did not breach the contract may ask a court to force performance or stop wrongful conduct.
"Except as otherwise expressly provided in this Agreement, each party shall maintain the confidentiality of all proprietary or trade secret information disclosed under this Agreement, and each party shall be solely responsible for its own costs and expenses.",Each side must keep shared confidential business information secret.
"Except as otherwise expressly provided in this Agreement, no waiver of any provision shall be effective unless made in writing and signed by the waiving party, and each party shall be solely responsible for its own costs and expenses.","A party only gives up a contract right if it does so in a written, signed document."
"Except as otherwise expressly provided in this Agreement, the party in default shall be afforded a reasonable opportunity to cure such default within thirty days after receiving written notice, and each party shall be solely responsible for its own costs and expenses.",The side that violated the contract gets thirty days after written notice to fix the problem.
"Except as otherwise expressly provided in this Agreement, all notices and other communications required or permitted under this Agreement shall be in writing and delivered by certified mail or reputable courier service, and each party shall be solely responsible for its own costs and expenses.",All formal notices must be written and sent by certified mail or a well known delivery service.
"Except as otherwise expressly provided in this Agreement, the laws of the State of New York shall govern the validity, interpretation, and enforcement of this Agreement, without regard to its conflict of law rules, and each party shall be solely responsible for its own costs and expenses.",New York law controls how this contract is interpreted and enforced.
"Except as otherwise expressly provided in this Agreement, any assignment of this Agreement or of any rights or obligations hereunder without the prior written consent of the other party shall be null and void, and each party shall be solely responsible for its own costs and expenses.",A party cannot transfer this contract to someone else without the other side's written consent.
"Except as otherwise expressly provided in this Agreement, the parties acknowledge and agree that time is of the essence with respect to the performance of all obligations set forth herein, and each party shall be solely responsible for its own costs and expenses.",Both sides agree that meeting the contract deadlines is very important.
"Except as otherwise expressly provided in this Agreement, the employee shall comply with all policies, procedures, and codes of conduct adopted by the employer from time to time, and each party shall be solely responsible for its own costs and expenses.",The employee must follow the employer's current rules and codes of conduct.
"Except as otherwise expressly provided in this Agreement, the customer shall remit full payment of all undisputed amounts within thirty days after receipt of a properly issued invoice, and each party shall be solely responsible for its own costs and expenses.",The customer must pay the amount it does not dispute within thirty days of receiving a correct bill.
"Except as otherwise expressly provided in this Agreement, interest shall accrue on any overdue amounts at the rate of one and one half percent per month or the maximum rate allowed by law, whichever is lower, and each party shall be solely responsible for its own costs and expenses.",Late payments will accrue interest up to the legal limit.
"Except as otherwise expressly provided in this Agreement, the contractor shall obtain and maintain at its own expense all licenses, permits, and approvals required to perform the services described herein, and each party shall be solely responsible for its own costs and expenses.",The contractor must pay for and keep any licenses and permits needed to do the work.
"Except as otherwise expressly provided in this Agreement, the limitation of liability set forth in this section shall not apply to damages arising from a party's gross negligence or willful misconduct, and each party shall be solely responsible for its own costs and expenses.",The liability cap does not apply if a party acts with gross negligence or on purpose.
"Except as otherwise expressly provided in this Agreement, the data controller shall implement appropriate technical and organizational measures to protect personal data against unauthorized access, use, or disclosure, and each party shall be solely responsible for its own costs and expenses.",The organization handling personal data must use proper safeguards to prevent unauthorized access or misuse.
"Except as otherwise expressly provided in this Agreement, the data subject shall have the right to access, correct, or request deletion of personal data processed by the controller, subject to applicable law, and each party shall be solely responsible for its own costs and expenses.","The person whose data is used may see it, correct it, or ask that it be deleted when the law allows."
"Except as otherwise expressly provided in this Agreement, the tenant shall not make any structural alterations or improvements to the leased premises without the prior written consent of the landlord, and each party shall be solely responsible for its own costs and expenses.",The tenant needs the landlord's written approval before making structural changes to the space.
"Except as otherwise expressly provided in this Agreement, the insurance coverage required hereunder shall name the other party as an additional insured on a primary and noncontributory basis, and each party shall be solely responsible for its own costs and expenses.",The required insurance policy must list the other party as an additional insured with primary coverage.
"Except as otherwise expressly provided in this Agreement, the company may terminate this Agreement for convenience upon thirty days' prior written notice to the other party, and each party shall be solely responsible for its own costs and expenses.",The company can end the contract for any reason by giving thirty days' written notice.
"Except as otherwise expressly provided in this Agreement, each party shall use commercially reasonable efforts to mitigate any damages arising from a breach of this Agreement, and each party shall be solely responsible for its own costs and expenses.",Each side must take reasonable steps to reduce the harm caused by a contract breach.
"Except as otherwise expressly provided in this Agreement, any controversy or claim arising out of or relating to this Agreement shall be settled by binding arbitration administered by a recognized arbitral provider, and each party shall be solely responsible for its own costs and expenses.",Any dispute about this contract will be decided by binding arbitration run by a recognized provider.
"Except as otherwise expressly provided in this Agreement, the shareholder hereby irrevocably appoints the company as his or her proxy to vote the shares in accordance with the terms of this Agreement, and each party shall be solely responsible for its own costs and expenses.",The shareholder gives the company lasting authority to vote the shares as the agreement requires.
"Except as otherwise expressly provided in this Agreement, the supplier shall warrant that all goods delivered under this Agreement will be free from defects in material and workmanship for a period of one year, and each party shall be solely responsible for its own costs and expenses.",The supplier promises that the goods will be free of material and workmanship defects for one year.
"Except as otherwise expressly provided in this Agreement, the client shall provide the consultant with timely access to information, personnel, and systems reasonably necessary to perform the services, and each party shall be solely responsible for its own costs and expenses.","The client must give the consultant timely access to the information, staff, and systems needed to do the job."
"Except as otherwise expressly provided in this Agreement, the guarantor hereby unconditionally guarantees the punctual payment and performance of all obligations of the borrower under the loan documents, and each party shall be solely responsible for its own costs and expenses.",The guarantor promises to pay and perform all of the borrower's obligations on time if the borrower does not.
"Except as otherwise expressly provided in this Agreement, the license granted herein is nonexclusive, nontransferable, and limited to internal business use by the licensee, and each party shall be solely responsible for its own costs and expenses.","The license lets the licensee use the product only internally, and it cannot be transferred or shared with others."
"Except as otherwise expressly provided in this Agreement, the parties shall treat the terms and existence of settlement negotiations as confidential and shall not disclose them to third parties, and each party shall be solely responsible for its own costs and expenses.",Both sides must keep settlement talks secret and not share details with outsiders.
"Except as otherwise expressly provided in this Agreement, the landlord may enter the premises upon reasonable prior notice to inspect, repair, or show the property to prospective tenants or purchasers, and each party shall be solely responsible for its own costs and expenses.","The landlord may enter the property with reasonable notice to inspect, make repairs, or show it to potential tenants or buyers."
"Except as otherwise expressly provided in this Agreement, the employee agrees not to compete with the employer's business within a fifty mile radius for one year after the end of employment, and each party shall be solely responsible for its own costs and expenses.",The employee agrees not to work for a competing business within fifty miles for one year after leaving.
"Except as otherwise expressly provided in this Agreement, the borrower shall provide the lender with quarterly financial statements prepared in accordance with generally accepted accounting principles, and each party shall be solely responsible for its own costs and expenses.",The borrower must send the lender quarterly financial statements that follow standard accounting rules.
"Except as otherwise expressly provided in this Agreement, the parties agree that electronic signatures shall have the same legal effect as original handwritten signatures, and each party shall be solely responsible for its own costs and expenses.",The parties agree that electronic signatures are legally equal to handwritten ones.
"Except as otherwise expressly provided in this Agreement, the service provider shall maintain industry-standard security measures to protect customer data stored on its systems, and each party shall be solely responsible for its own costs and expenses.",The service provider must use typical industry security practices to protect customer data it stores.
"Except as otherwise expressly provided in this Agreement, the parties consent to the exclusive jurisdiction of the federal and state courts located in the County of Cook, Illinois, and each party shall be solely responsible for its own costs and expenses.","Both sides agree that only the courts in Cook County, Illinois will hear disputes about the contract."
"Except as otherwise expressly provided in this Agreement, the buyer shall have the right to inspect the goods upon delivery and may reject any goods that do not conform to the specifications, and each party shall be solely responsible for its own costs and expenses.",The buyer may inspect the goods on delivery and refuse items that do not meet the agreed specifications.
"Except as otherwise expressly provided in this Agreement, the consultant shall perform the services in a professional and workmanlike manner consistent with generally accepted industry standards, and each party shall be solely responsible for its own costs and expenses.",The consultant must do the work professionally and in line with common industry standards.
"Except as otherwise expressly provided in this Agreement, the parties agree that any modification of this Agreement must be in writing and signed by authorized representatives of both parties, and each party shall be solely responsible for its own costs and expenses.",Any change to the contract must be written and signed by authorized people from both sides.
"Except as otherwise expressly provided in this Agreement, the franchisee shall operate the franchised business strictly in accordance with the franchisor's manuals, policies, and specifications, and each party shall be solely responsible for its own costs and expenses.",The franchise owner must run the business according to the franchisor's manuals and rules.
"Except as otherwise expressly provided in this Agreement, the obligor shall indemnify and hold harmless the indemnitee from and against all claims arising from the obligor's negligence or willful misconduct, and each party shall be solely responsible for its own costs and expenses.",The party at fault must reimburse the other party for claims caused by its negligence or intentional wrongdoing.
"Except as otherwise expressly provided in this Agreement, the parties acknowledge that no partnership, joint venture, or agency relationship is created by this Agreement, and each party shall be solely responsible for its own costs and expenses.","The parties agree that this contract does not make them partners, joint venturers, or agents of each other."
"Except as otherwise expressly provided in this Agreement, the tenant shall return the premises to the landlord in substantially the same condition as received, ordinary wear and tear excepted, and each party shall be solely responsible for its own costs and expenses.","The tenant must give the space back in almost the same condition as at move in, allowing for normal wear and tear."
"Except as otherwise expressly provided in this Agreement, the obligation to maintain confidentiality shall survive termination or expiration of this Agreement for a period of three years, and each party shall be solely responsible for its own costs and expenses.",The duty to keep information confidential continues for three years after the contract ends.
"To the fullest extent permitted by law, the nonbreaching party may seek specific performance or injunctive relief from a court of competent jurisdiction, and the limitations of liability described in this section shall apply.",The party that did not breach the contract may ask a court to force performance or stop wrongful conduct.
"To the maximum extent allowed by applicable law, each party shall maintain the confidentiality of all proprietary or trade secret information disclosed under this Agreement, and the limitations of liability described in this section shall apply.",Each side must keep shared confidential business information secret.
"To the extent allowed by law, no waiver of any provision shall be effective unless made in writing and signed by the waiving party, and the limitations of liability described in this section shall apply.","A party only gives up a contract right if it does so in a written, signed document."
"To the maximum extent allowed by applicable law, the party in default shall be afforded a reasonable opportunity to cure such default within thirty days after receiving written notice, and the limitations of liability described in this section shall apply.",The side that violated the contract gets thirty days after written notice to fix the problem.
"To the fullest extent permitted by law, all notices and other communications required or permitted under this Agreement shall be in writing and delivered by certified mail or reputable courier service, and the limitations of liability described in this section shall apply.",All formal notices must be written and sent by certified mail or a well known delivery service.
"To the greatest extent permitted under applicable law, the laws of the State of New York shall govern the validity, interpretation, and enforcement of this Agreement, without regard to its conflict of law rules, and the limitations of liability described in this section shall apply.",New York law controls how this contract is interpreted and enforced.
", any assignment of this Agreement or of any rights or obligations hereunder without the prior written consent of the other party shall be null and void, and the limitations of liability described in this section shall apply.",A party cannot transfer this contract to someone else without the other side's written consent.
"To the extent allowed by law, the parties acknowledge and agree that time is of the essence with respect to the performance of all obligations set forth herein, and the limitations of liability described in this section shall apply.",Both sides agree that meeting the contract deadlines is very important.
"To the greatest extent permitted under applicable law, the employee shall comply with all policies, procedures, and codes of conduct adopted by the employer from time to time, and the limitations of liability described in this section shall apply.",The employee must follow the employer's current rules and codes of conduct.
"To the fullest extent permitted by law, the customer shall remit full payment of all undisputed amounts within thirty days after receipt of a properly issued invoice, and the limitations of liability described in this section shall apply.",The customer must pay the amount it does not dispute within thirty days of receiving a correct bill.
"To the extent allowed by law, interest shall accrue on any overdue amounts at the rate of one and one half percent per month or the maximum rate allowed by law, whichever is lower, and the limitations of liability described in this section shall apply.",Late payments will accrue interest up to the legal limit.
"To the fullest extent permitted by law, the contractor shall obtain and maintain at its own expense all licenses, permits, and approvals required to perform the services described herein, and the limitations of liability described in this section shall apply.",The contractor must pay for and keep any licenses and permits needed to do the work.
"To the fullest extent permitted by law, the limitation of liability set forth in this section shall not apply to damages arising from a party's gross negligence or willful misconduct, and the limitations of liability described in this section shall apply.",The liability cap does not apply if a party acts with gross negligence or on purpose.
"To the greatest extent permitted under applicable law, the data controller shall implement appropriate technical and organizational measures to protect personal data against unauthorized access, use, or disclosure, and the limitations of liability described in this section shall apply.",The organization handling personal data must use proper safeguards to prevent unauthorized access or misuse.
"To the fullest extent permitted by law, the data subject shall have the right to access, correct, or request deletion of personal data processed by the controller, subject to applicable law, and the limitations of liability described in this section shall apply.","The person whose data is used may see it, correct it, or ask that it be deleted when the law allows."
"To the maximum extent allowed by applicable law, the tenant shall not make any structural alterations or improvements to the leased premises without the prior written consent of the landlord, and the limitations of liability described in this section shall apply.",The tenant needs the landlord's written approval before making structural changes to the space.
"To the maximum extent allowed by applicable law, the insurance coverage required hereunder shall name the other party as an additional insured on a primary and noncontributory basis, and the limitations of liability described in this section shall apply.",The required insurance policy must list the other party as an additional insured with primary coverage.
", the company may terminate this Agreement for convenience upon thirty days' prior written notice to the other party, and the limitations of liability described in this section shall apply.",The company can end the contract for any reason by giving thirty days' written notice.
"To the greatest extent permitted under applicable law, each party shall use commercially reasonable efforts to mitigate any damages arising from a breach of this Agreement, and the limitations of liability described in this section shall apply.",Each side must take reasonable steps to reduce the harm caused by a contract breach.
"To the fullest extent permitted by law, any controversy or claim arising out of or relating to this Agreement shall be settled by binding arbitration administered by a recognized arbitral provider, and the limitations of liability described in this section shall apply.",Any dispute about this contract will be decided by binding arbitration run by a recognized provider.
", the shareholder hereby irrevocably appoints the company as his or her proxy to vote the shares in accordance with the terms of this Agreement, and the limitations of liability described in this section shall apply.",The shareholder gives the company lasting authority to vote the shares as the agreement requires.
", the supplier shall warrant that all goods delivered under this Agreement will be free from defects in material and workmanship for a period of one year, and the limitations of liability described in this section shall apply.",The supplier promises that the goods will be free of material and workmanship defects for one year.
", the client shall provide the consultant with timely access to information, personnel, and systems reasonably necessary to perform the services, and the limitations of liability described in this section shall apply.","The client must give the consultant timely access to the information, staff, and systems needed to do the job."
", the guarantor hereby unconditionally guarantees the punctual payment and performance of all obligations of the borrower under the loan documents, and the limitations of liability described in this section shall apply.",The guarantor promises to pay and perform all of the borrower's obligations on time if the borrower does not.
"To the greatest extent permitted under applicable law, the license granted herein is nonexclusive, nontransferable, and limited to internal business use by the licensee, and the limitations of liability described in this section shall apply.","The license lets the licensee use the product only internally, and it cannot be transferred or shared with others."
"To the fullest extent permitted by law, the parties shall treat the terms and existence of settlement negotiations as confidential and shall not disclose them to third parties, and the limitations of liability described in this section shall apply.",Both sides must keep settlement talks secret and not share details with outsiders.
"To the maximum extent allowed by applicable law, the landlord may enter the premises upon reasonable prior notice to inspect, repair, or show the property to prospective tenants or purchasers, and the limitations of liability described in this section shall apply.","The landlord may enter the property with reasonable notice to inspect, make repairs, or show it to potential tenants or buyers."
", the employee agrees not to compete with the employer's business within a fifty mile radius for one year after the end of employment, and the limitations of liability described in this section shall apply.",The employee agrees not to work for a competing business within fifty miles for one year after leaving.
", the borrower shall provide the lender with quarterly financial statements prepared in accordance with generally accepted accounting principles, and the limitations of liability described in this section shall apply.",The borrower must send the lender quarterly financial statements that follow standard accounting rules.
"To the maximum extent allowed by applicable law, the parties agree that electronic signatures shall have the same legal effect as original handwritten signatures, and the limitations of liability described in this section shall apply.",The parties agree that electronic signatures are legally equal to handwritten ones.
", the service provider shall maintain industry-standard security measures to protect customer data stored on its systems, and the limitations of liability described in this section shall apply.",The service provider must use typical industry security practices to protect customer data it stores.
"To the fullest extent permitted by law, the parties consent to the exclusive jurisdiction of the federal and state courts located in the County of Cook, Illinois, and the limitations of liability described in this section shall apply.","Both sides agree that only the courts in Cook County, Illinois will hear disputes about the contract."
"To the fullest extent permitted by law, the buyer shall have the right to inspect the goods upon delivery and may reject any goods that do not conform to the specifications, and the limitations of liability described in this section shall apply.",The buyer may inspect the goods on delivery and refuse items that do not meet the agreed specifications.
"To the extent allowed by law, the consultant shall perform the services in a professional and workmanlike manner consistent with generally accepted industry standards, and the limitations of liability described in this section shall apply.",The consultant must do the work professionally and in line with common industry standards.
"To the fullest extent permitted by law, the parties agree that any modification of this Agreement must be in writing and signed by authorized representatives of both parties, and the limitations of liability described in this section shall apply.",Any change to the contract must be written and signed by authorized people from both sides.
"To the greatest extent permitted under applicable law, the franchisee shall operate the franchised business strictly in accordance with the franchisor's manuals, policies, and specifications, and the limitations of liability described in this section shall apply.",The franchise owner must run the business according to the franchisor's manuals and rules.
", the obligor shall indemnify and hold harmless the indemnitee from and against all claims arising from the obligor's negligence or willful misconduct, and the limitations of liability described in this section shall apply.",The party at fault must reimburse the other party for claims caused by its negligence or intentional wrongdoing.
"To the extent allowed by law, the parties acknowledge that no partnership, joint venture, or agency relationship is created by this Agreement, and the limitations of liability described in this section shall apply.","The parties agree that this contract does not make them partners, joint venturers, or agents of each other."
"To the greatest extent permitted under applicable law, the tenant shall return the premises to the landlord in substantially the same condition as received, ordinary wear and tear excepted, and the limitations of liability described in this section shall apply.","The tenant must give the space back in almost the same condition as at move in, allowing for normal wear and tear."
", the obligation to maintain confidentiality shall survive termination or expiration of this Agreement for a period of three years, and the limitations of liability described in this section shall apply.",The duty to keep information confidential continues for three years after the contract ends.
"If any provision of this Agreement is held to be invalid or unenforceable, the nonbreaching party may seek specific performance or injunctive relief from a court of competent jurisdiction, and the remaining provisions shall continue in full force and effect.",The party that did not breach the contract may ask a court to force performance or stop wrongful conduct.
"If any provision of this Agreement is held to be invalid or unenforceable, each party shall maintain the confidentiality of all proprietary or trade secret information disclosed under this Agreement, and the remaining provisions shall continue in full force and effect.",Each side must keep shared confidential business information secret.
"If any provision of this Agreement is held to be invalid or unenforceable, no waiver of any provision shall be effective unless made in writing and signed by the waiving party, and the remaining provisions shall continue in full force and effect.","A party only gives up a contract right if it does so in a written, signed document."
"If any provision of this Agreement is held to be invalid or unenforceable, the party in default shall be afforded a reasonable opportunity to cure such default within thirty days after receiving written notice, and the remaining provisions shall continue in full force and effect.",The side that violated the contract gets thirty days after written notice to fix the problem.
"If any provision of this Agreement is held to be invalid or unenforceable, all notices and other communications required or permitted under this Agreement shall be in writing and delivered by certified mail or reputable courier service, and the remaining provisions shall continue in full force and effect.",All formal notices must be written and sent by certified mail or a well known delivery service.
"If any provision of this Agreement is held to be invalid or unenforceable, the laws of the State of New York shall govern the validity, interpretation, and enforcement of this Agreement, without regard to its conflict of law rules, and the remaining provisions shall continue in full force and effect.",New York law controls how this contract is interpreted and enforced.
"If any provision of this Agreement is held to be invalid or unenforceable, any assignment of this Agreement or of any rights or obligations hereunder without the prior written consent of the other party shall be null and void, and the remaining provisions shall continue in full force and effect.",A party cannot transfer this contract to someone else without the other side's written consent.
"If any provision of this Agreement is held to be invalid or unenforceable, the parties acknowledge and agree that time is of the essence with respect to the performance of all obligations set forth herein, and the remaining provisions shall continue in full force and effect.",Both sides agree that meeting the contract deadlines is very important.
"If any provision of this Agreement is held to be invalid or unenforceable, the employee shall comply with all policies, procedures, and codes of conduct adopted by the employer from time to time, and the remaining provisions shall continue in full force and effect.",The employee must follow the employer's current rules and codes of conduct.
"If any provision of this Agreement is held to be invalid or unenforceable, the customer shall remit full payment of all undisputed amounts within thirty days after receipt of a properly issued invoice, and the remaining provisions shall continue in full force and effect.",The customer must pay the amount it does not dispute within thirty days of receiving a correct bill.
"If any provision of this Agreement is held to be invalid or unenforceable, interest shall accrue on any overdue amounts at the rate of one and one half percent per month or the maximum rate allowed by law, whichever is lower, and the remaining provisions shall continue in full force and effect.",Late payments will accrue interest up to the legal limit.
"If any provision of this Agreement is held to be invalid or unenforceable, the contractor shall obtain and maintain at its own expense all licenses, permits, and approvals required to perform the services described herein, and the remaining provisions shall continue in full force and effect.",The contractor must pay for and keep any licenses and permits needed to do the work.
"If any provision of this Agreement is held to be invalid or unenforceable, the limitation of liability set forth in this section shall not apply to damages arising from a party's gross negligence or willful misconduct, and the remaining provisions shall continue in full force and effect.",The liability cap does not apply if a party acts with gross negligence or on purpose.
"If any provision of this Agreement is held to be invalid or unenforceable, the data controller shall implement appropriate technical and organizational measures to protect personal data against unauthorized access, use, or disclosure, and the remaining provisions shall continue in full force and effect.",The organization handling personal data must use proper safeguards to prevent unauthorized access or misuse.
"If any provision of this Agreement is held to be invalid or unenforceable, the data subject shall have the right to access, correct, or request deletion of personal data processed by the controller, subject to applicable law, and the remaining provisions shall continue in full force and effect.","The person whose data is used may see it, correct it, or ask that it be deleted when the law allows."
"If any provision of this Agreement is held to be invalid or unenforceable, the tenant shall not make any structural alterations or improvements to the leased premises without the prior written consent of the landlord, and the remaining provisions shall continue in full force and effect.",The tenant needs the landlord's written approval before making structural changes to the space.
"If any provision of this Agreement is held to be invalid or unenforceable, the insurance coverage required hereunder shall name the other party as an additional insured on a primary and noncontributory basis, and the remaining provisions shall continue in full force and effect.",The required insurance policy must list the other party as an additional insured with primary coverage.
"If any provision of this Agreement is held to be invalid or unenforceable, the company may terminate this Agreement for convenience upon thirty days' prior written notice to the other party, and the remaining provisions shall continue in full force and effect.",The company can end the contract for any reason by giving thirty days' written notice.
"If any provision of this Agreement is held to be invalid or unenforceable, each party shall use commercially reasonable efforts to mitigate any damages arising from a breach of this Agreement, and the remaining provisions shall continue in full force and effect.",Each side must take reasonable steps to reduce the harm caused by a contract breach.
"If any provision of this Agreement is held to be invalid or unenforceable, any controversy or claim arising out of or relating to this Agreement shall be settled by binding arbitration administered by a recognized arbitral provider, and the remaining provisions shall continue in full force and effect.",Any dispute about this contract will be decided by binding arbitration run by a recognized provider.
"If any provision of this Agreement is held to be invalid or unenforceable, the shareholder hereby irrevocably appoints the company as his or her proxy to vote the shares in accordance with the terms of this Agreement, and the remaining provisions shall continue in full force and effect.",The shareholder gives the company lasting authority to vote the shares as the agreement requires.
"If any provision of this Agreement is held to be invalid or unenforceable, the supplier shall warrant that all goods delivered under this Agreement will be free from defects in material and workmanship for a period of one year, and the remaining provisions shall continue in full force and effect.",The supplier promises that the goods will be free of material and workmanship defects for one year.
"If any provision of this Agreement is held to be invalid or unenforceable, the client shall provide the consultant with timely access to information, personnel, and systems reasonably necessary to perform the services, and the remaining provisions shall continue in full force and effect.","The client must give the consultant timely access to the information, staff, and systems needed to do the job."
"If any provision of this Agreement is held to be invalid or unenforceable, the guarantor hereby unconditionally guarantees the punctual payment and performance of all obligations of the borrower under the loan documents, and the remaining provisions shall continue in full force and effect.",The guarantor promises to pay and perform all of the borrower's obligations on time if the borrower does not.
"If any provision of this Agreement is held to be invalid or unenforceable, the license granted herein is nonexclusive, nontransferable, and limited to internal business use by the licensee, and the remaining provisions shall continue in full force and effect.","The license lets the licensee use the product only internally, and it cannot be transferred or shared with others."
"If any provision of this Agreement is held to be invalid or unenforceable, the parties shall treat the terms and existence of settlement negotiations as confidential and shall not disclose them to third parties, and the remaining provisions shall continue in full force and effect.",Both sides must keep settlement talks secret and not share details with outsiders.
"If any provision of this Agreement is held to be invalid or unenforceable, the landlord may enter the premises upon reasonable prior notice to inspect, repair, or show the property to prospective tenants or purchasers, and the remaining provisions shall continue in full force and effect.","The landlord may enter the property with reasonable notice to inspect, make repairs, or show it to potential tenants or buyers."
"If any provision of this Agreement is held to be invalid or unenforceable, the employee agrees not to compete with the employer's business within a fifty mile radius for one year after the end of employment, and the remaining provisions shall continue in full force and effect.",The employee agrees not to work for a competing business within fifty miles for one year after leaving.
"If any provision of this Agreement is held to be invalid or unenforceable, the borrower shall provide the lender with quarterly financial statements prepared in accordance with generally accepted accounting principles, and the remaining provisions shall continue in full force and effect.",The borrower must send the lender quarterly financial statements that follow standard accounting rules.
"If any provision of this Agreement is held to be invalid or unenforceable, the parties agree that electronic signatures shall have the same legal effect as original handwritten signatures, and the remaining provisions shall continue in full force and effect.",The parties agree that electronic signatures are legally equal to handwritten ones.
"If any provision of this Agreement is held to be invalid or unenforceable, the service provider shall maintain industry-standard security measures to protect customer data stored on its systems, and the remaining provisions shall continue in full force and effect.",The service provider must use typical industry security practices to protect customer data it stores.
"If any provision of this Agreement is held to be invalid or unenforceable, the parties consent to the exclusive jurisdiction of the federal and state courts located in the County of Cook, Illinois, and the remaining provisions shall continue in full force and effect.","Both sides agree that only the courts in Cook County, Illinois will hear disputes about the contract."
"If any provision of this Agreement is held to be invalid or unenforceable, the buyer shall have the right to inspect the goods upon delivery and may reject any goods that do not conform to the specifications, and the remaining provisions shall continue in full force and effect.",The buyer may inspect the goods on delivery and refuse items that do not meet the agreed specifications.
"If any provision of this Agreement is held to be invalid or unenforceable, the consultant shall perform the services in a professional and workmanlike manner consistent with generally accepted industry standards, and the remaining provisions shall continue in full force and effect.",The consultant must do the work professionally and in line with common industry standards.
"If any provision of this Agreement is held to be invalid or unenforceable, the parties agree that any modification of this Agreement must be in writing and signed by authorized representatives of both parties, and the remaining provisions shall continue in full force and effect.",Any change to the contract must be written and signed by authorized people from both sides.
"If any provision of this Agreement is held to be invalid or unenforceable, the franchisee shall operate the franchised business strictly in accordance with the franchisor's manuals, policies, and specifications, and the remaining provisions shall continue in full force and effect.",The franchise owner must run the business according to the franchisor's manuals and rules.
"If any provision of this Agreement is held to be invalid or unenforceable, the obligor shall indemnify and hold harmless the indemnitee from and against all claims arising from the obligor's negligence or willful misconduct, and the remaining provisions shall continue in full force and effect.",The party at fault must reimburse the other party for claims caused by its negligence or intentional wrongdoing.
"If any provision of this Agreement is held to be invalid or unenforceable, the parties acknowledge that no partnership, joint venture, or agency relationship is created by this Agreement, and the remaining provisions shall continue in full force and effect.","The parties agree that this contract does not make them partners, joint venturers, or agents of each other."
"If any provision of this Agreement is held to be invalid or unenforceable, the tenant shall return the premises to the landlord in substantially the same condition as received, ordinary wear and tear excepted, and the remaining provisions shall continue in full force and effect.","The tenant must give the space back in almost the same condition as at move in, allowing for normal wear and tear."
"If any provision of this Agreement is held to be invalid or unenforceable, the obligation to maintain confidentiality shall survive termination or expiration of this Agreement for a period of three years, and the remaining provisions shall continue in full force and effect.",The duty to keep information confidential continues for three years after the contract ends.
"As a prior condition to asserting any rights under this Agreement, the nonbreaching party may seek specific performance or injunctive relief from a court of competent jurisdiction, and the party seeking relief shall provide prompt written notice.",The party that did not breach the contract may ask a court to force performance or stop wrongful conduct.
"Prior to the exercise of any rights under this Agreement, each party shall maintain the confidentiality of all proprietary or trade secret information disclosed under this Agreement, and the party seeking relief shall provide prompt written notice.",Each side must keep shared confidential business information secret.
"As a prerequisite to exercising any rights under this Agreement, no waiver of any provision shall be effective unless made in writing and signed by the waiving party, and the party seeking relief shall provide prompt written notice.","A party only gives up a contract right if it does so in a written, signed document."
"As a prior condition to asserting any rights under this Agreement, the party in default shall be afforded a reasonable opportunity to cure such default within thirty days after receiving written notice, and the party seeking relief shall provide prompt written notice.",The side that violated the contract gets thirty days after written notice to fix the problem.
"Before any rights under this Agreement may be exercised, all notices and other communications required or permitted under this Agreement shall be in writing and delivered by certified mail or reputable courier service, and the party seeking relief shall provide prompt written notice.",All formal notices must be written and sent by certified mail or a well known delivery service.
"As a prior condition to asserting any rights under this Agreement, the laws of the State of New York shall govern the validity, interpretation, and enforcement of this Agreement, without regard to its conflict of law rules, and the party seeking relief shall provide prompt written notice.",New York law controls how this contract is interpreted and enforced.
"As a prerequisite to exercising any rights under this Agreement, any assignment of this Agreement or of any rights or obligations hereunder without the prior written consent of the other party shall be null and void, and the party seeking relief shall provide prompt written notice.",A party cannot transfer this contract to someone else without the other side's written consent.
"As a prerequisite to exercising any rights under this Agreement, the parties acknowledge and agree that time is of the essence with respect to the performance of all obligations set forth herein, and the party seeking relief shall provide prompt written notice.",Both sides agree that meeting the contract deadlines is very important.
"Prior to the exercise of any rights under this Agreement, the employee shall comply with all policies, procedures, and codes of conduct adopted by the employer from time to time, and the party seeking relief shall provide prompt written notice.",The employee must follow the employer's current rules and codes of conduct.
"Before any rights under this Agreement may be exercised, the customer shall remit full payment of all undisputed amounts within thirty days after receipt of a properly issued invoice, and the party seeking relief shall provide prompt written notice.",The customer must pay the amount it does not dispute within thirty days of receiving a correct bill.
"As a prior condition to asserting any rights under this Agreement, interest shall accrue on any overdue amounts at the rate of one and one half percent per month or the maximum rate allowed by law, whichever is lower, and the party seeking relief shall provide prompt written notice.",Late payments will accrue interest up to the legal limit.
"Before any rights under this Agreement may be exercised, the contractor shall obtain and maintain at its own expense all licenses, permits, and approvals required to perform the services described herein, and the party seeking relief shall provide prompt written notice.",The contractor must pay for and keep any licenses and permits needed to do the work.
"Prior to the exercise of any rights under this Agreement, the limitation of liability set forth in this section shall not apply to damages arising from a party's gross negligence or willful misconduct, and the party seeking relief shall provide prompt written notice.",The liability cap does not apply if a party acts with gross negligence or on purpose.
"Before any rights under this Agreement may be exercised, the data controller shall implement appropriate technical and organizational measures to protect personal data against unauthorized access, use, or disclosure, and the party seeking relief shall provide prompt written notice.",The organization handling personal data must use proper safeguards to prevent unauthorized access or misuse.
"As a prior condition to asserting any rights under this Agreement, the data subject shall have the right to access, correct, or request deletion of personal data processed by the controller, subject to applicable law, and the party seeking relief shall provide prompt written notice.","The person whose data is used may see it, correct it, or ask that it be deleted when the law allows."
"Before any rights under this Agreement may be exercised, the tenant shall not make any structural alterations or improvements to the leased premises without the prior written consent of the landlord, and the party seeking relief shall provide prompt written notice.",The tenant needs the landlord's written approval before making structural changes to the space.
"As a prerequisite to exercising any rights under this Agreement, the insurance coverage required hereunder shall name the other party as an additional insured on a primary and noncontributory basis, and the party seeking relief shall provide prompt written notice.",The required insurance policy must list the other party as an additional insured with primary coverage.
"As a prior condition to asserting any rights under this Agreement, the company may terminate this Agreement for convenience upon thirty days' prior written notice to the other party, and the party seeking relief shall provide prompt written notice.",The company can end the contract for any reason by giving thirty days' written notice.
"Prior to the exercise of any rights under this Agreement, each party shall use commercially reasonable efforts to mitigate any damages arising from a breach of this Agreement, and the party seeking relief shall provide prompt written notice.",Each side must take reasonable steps to reduce the harm caused by a contract breach.
"Prior to the exercise of any rights under this Agreement, any controversy or claim arising out of or relating to this Agreement shall be settled by binding arbitration administered by a recognized arbitral provider, and the party seeking relief shall provide prompt written notice.",Any dispute about this contract will be decided by binding arbitration run by a recognized provider.
"As a prerequisite to exercising any rights under this Agreement, the shareholder hereby irrevocably appoints the company as his or her proxy to vote the shares in accordance with the terms of this Agreement, and the party seeking relief shall provide prompt written notice.",The shareholder gives the company lasting authority to vote the shares as the agreement requires.
"As a prior condition to asserting any rights under this Agreement, the supplier shall warrant that all goods delivered under this Agreement will be free from defects in material and workmanship for a period of one year, and the party seeking relief shall provide prompt written notice.",The supplier promises that the goods will be free of material and workmanship defects for one year.
"Prior to the exercise of any rights under this Agreement, the client shall provide the consultant with timely access to information, personnel, and systems reasonably necessary to perform the services, and the party seeking relief shall provide prompt written notice.","The client must give the consultant timely access to the information, staff, and systems needed to do the job."
"As a prerequisite to exercising any rights under this Agreement, the guarantor hereby unconditionally guarantees the punctual payment and performance of all obligations of the borrower under the loan documents, and the party seeking relief shall provide prompt written notice.",The guarantor promises to pay and perform all of the borrower's obligations on time if the borrower does not.
"Before any rights under this Agreement may be exercised, the license granted herein is nonexclusive, nontransferable, and limited to internal business use by the licensee, and the party seeking relief shall provide prompt written notice.","The license lets the licensee use the product only internally, and it cannot be transferred or shared with others."
"Prior to the exercise of any rights under this Agreement, the parties shall treat the terms and existence of settlement negotiations as confidential and shall not disclose them to third parties, and the party seeking relief shall provide prompt written notice.",Both sides must keep settlement talks secret and not share details with outsiders.
"Prior to the exercise of any rights under this Agreement, the landlord may enter the premises upon reasonable prior notice to inspect, repair, or show the property to prospective tenants or purchasers, and the party seeking relief shall provide prompt written notice.","The landlord may enter the property with reasonable notice to inspect, make repairs, or show it to potential tenants or buyers."
"Before any rights under this Agreement may be exercised, the employee agrees not to compete with the employer's business within a fifty mile radius for one year after the end of employment, and the party seeking relief shall provide prompt written notice.",The employee agrees not to work for a competing business within fifty miles for one year after leaving.
"Prior to the exercise of any rights under this Agreement, the borrower shall provide the lender with quarterly financial statements prepared in accordance with generally accepted accounting principles, and the party seeking relief shall provide prompt written notice.",The borrower must send the lender quarterly financial statements that follow standard accounting rules.
"As a prerequisite to exercising any rights under this Agreement, the parties agree that electronic signatures shall have the same legal effect as original handwritten signatures, and the party seeking relief shall provide prompt written notice.",The parties agree that electronic signatures are legally equal to handwritten ones.
"As a prior condition to asserting any rights under this Agreement, the service provider shall maintain industry-standard security measures to protect customer data stored on its systems, and the party seeking relief shall provide prompt written notice.",The service provider must use typical industry security practices to protect customer data it stores.
"Before any rights under this Agreement may be exercised, the parties consent to the exclusive jurisdiction of the federal and state courts located in the County of Cook, Illinois, and the party seeking relief shall provide prompt written notice.","Both sides agree that only the courts in Cook County, Illinois will hear disputes about the contract."
"As a prior condition to asserting any rights under this Agreement, the buyer shall have the right to inspect the goods upon delivery and may reject any goods that do not conform to the specifications, and the party seeking relief shall provide prompt written notice.",The buyer may inspect the goods on delivery and refuse items that do not meet the agreed specifications.
"Before any rights under this Agreement may be exercised, the consultant shall perform the services in a professional and workmanlike manner consistent with generally accepted industry standards, and the party seeking relief shall provide prompt written notice.",The consultant must do the work professionally and in line with common industry standards.
"As a prerequisite to exercising any rights under this Agreement, the parties agree that any modification of this Agreement must be in writing and signed by authorized representatives of both parties, and the party seeking relief shall provide prompt written notice.",Any change to the contract must be written and signed by authorized people from both sides.
"Before any rights under this Agreement may be exercised, the franchisee shall operate the franchised business strictly in accordance with the franchisor's manuals, policies, and specifications, and the party seeking relief shall provide prompt written notice.",The franchise owner must run the business according to the franchisor's manuals and rules.
"As a prior condition to asserting any rights under this Agreement, the obligor shall indemnify and hold harmless the indemnitee from and against all claims arising from the obligor's negligence or willful misconduct, and the party seeking relief shall provide prompt written notice.",The party at fault must reimburse the other party for claims caused by its negligence or intentional wrongdoing.
"Before any rights under this Agreement may be exercised, the parties acknowledge that no partnership, joint venture, or agency relationship is created by this Agreement, and the party seeking relief shall provide prompt written notice.","The parties agree that this contract does not make them partners, joint venturers, or agents of each other."
"As a prerequisite to exercising any rights under this Agreement, the tenant shall return the premises to the landlord in substantially the same condition as received, ordinary wear and tear excepted, and the party seeking relief shall provide prompt written notice.","The tenant must give the space back in almost the same condition as at move in, allowing for normal wear and tear."
"Before any rights under this Agreement may be exercised, the obligation to maintain confidentiality shall survive termination or expiration of this Agreement for a period of three years, and the party seeking relief shall provide prompt written notice.",The duty to keep information confidential continues for three years after the contract ends.
Time is of the essence with respect to all obligations and performance dates specified in this Agreement.,Deadlines are very important for all tasks and dates in this deal.
"Nothing contained herein shall be construed to create a partnership, joint venture, or agency relationship between the Licensor and the Licensee.",This contract does not make the licensor and licensee partners or agents of each other.
"The Licensor makes no representations or warranties, express or implied, regarding the fitness for a particular purpose of the goods.",The licensor does not promise that the goods will work for any specific job.
"The Licensor makes no representations or warranties, express or implied, regarding the fitness for a particular purpose of the goods.",The licensor does not promise that the goods will work for any specific job.
The Employee covenants to maintain the secrecy of the Proprietary Information and shall not disclose said data to third parties to the widest scope authorized by legislation.,The worker promises to keep the private info secret and not share it with outsiders as much as the law allows.
"All intellectual property rights developed during the term of this Agreement shall vest exclusively in the Vendor, as far as the governing law permits.",The seller will own all creative rights made during this contract to the full limit of the law.
"No amendment, modification, or waiver of any provision of this Agreement shall be effective unless in writing and signed by both parties.",Changes to this contract are only valid if they are written down and signed by both sides.
"The Lessee shall be responsible for all applicable federal, state, and local taxes arising from the transactions contemplated hereby, contingent upon statutory mandates.","The tenant must pay all taxes related to this deal, obeying relevant laws."
"This instrument embodies the entire agreement between the parties and supersedes all prior negotiations, understandings, and representations.",This document contains the whole deal and replaces any previous talks or promises.
"The Indemnitor makes no representations or warranties, express or implied, regarding the fitness for a particular purpose of the goods.",The payer does not promise that the goods will work for any specific job.
"if any part of this text is judged legally void, the remaining portions shall remain in full force and effect, preserving the original intent of the parties.","If a court decides one part of this contract is broken, the rest of the contract stays valid and keeps the original meaning."
"During the Term, the Lessor shall be the sole and exclusive provider of the Services to the Lessee within the Territory.","While this contract lasts, only the landlord can provide these services to the tenant in this area."
The Receiving Party may not subcontract any portion of the services to be performed hereunder without the Disclosing Party's prior written approval.,The receiver cannot hire others to do the work without the sharer's written okay.
Each party shall execute and deliver such further instruments as may be reasonably necessary to carry out the intent of this Agreement.,Each side will sign any extra papers needed to make this agreement work.
The Employee covenants to maintain the secrecy of the Proprietary Information and shall not disclose said data to third parties as far as the governing law permits.,The worker promises to keep the private info secret and not share it with outsiders as much as the law allows.
"This Agreement may be terminated forthwith by the Licensee unless distinctly stipulated elsewhere herein, provided that written notice is dispatched no less than thirty days prior to the effective date.","The licensee can end this contract immediately, unless the contract says otherwise, by sending a written warning at least 30 days in advance."
"The Licensee shall be responsible for all applicable federal, state, and local taxes arising from the transactions contemplated hereby, subject to all applicable laws and regulations.","The licensee must pay all taxes related to this deal, obeying relevant laws."
"The Employee agrees not to solicit, recruit, or hire any employee of the Employer for a period of twelve months following termination.",The worker agrees not to try to hire the employer's workers for one year after the contract ends.
The Defendant may not subcontract any portion of the services to be performed hereunder without the Plaintiff's prior written approval.,The defendant cannot hire others to do the work without the plaintiff's written okay.
"During the Term, the Employer shall be the sole and exclusive provider of the Services to the Employee within the Territory.","While this contract lasts, only the employer can provide these services to the worker in this area."
"The Plaintiff makes no representations or warranties, express or implied, regarding the fitness for a particular purpose of the goods.",The plaintiff does not promise that the goods will work for any specific job.
Time is of the essence with respect to all obligations and performance dates specified in this Agreement.,Deadlines are very important for all tasks and dates in this deal.
"This Agreement may be executed in counterparts, each of which shall be deemed an original, but all of which together shall constitute one and the same instrument.","This contract can be signed in separate copies, but they all count as one single agreement."
"Nothing contained herein shall be construed to create a partnership, joint venture, or agency relationship between the Disclosing Party and the Receiving Party.",This contract does not make the sharer and receiver partners or agents of each other.
The Defendant may not subcontract any portion of the services to be performed hereunder without the Plaintiff's prior written approval.,The defendant cannot hire others to do the work without the plaintiff's written okay.
Neither party shall issue any press release or public announcement relating to this Agreement without the other party's prior written consent.,Neither side can make public statements about this deal without the other's written permission.
Time is of the essence with respect to all obligations and performance dates specified in this Agreement.,Deadlines are very important for all tasks and dates in this deal.
The headings and captions in this Agreement are for convenience only and shall not affect the interpretation or construction of this Agreement.,The titles in this document are just for easy reading and don't change the contract's meaning.
Time is of the essence with respect to all obligations and performance dates specified in this Agreement.,Deadlines are very important for all tasks and dates in this deal.
"During the Term, the Lessor shall be the sole and exclusive provider of the Services to the Lessee within the Territory.","While this contract lasts, only the landlord can provide these services to the tenant in this area."
Neither party shall issue any press release or public announcement relating to this Agreement without the other party's prior written consent.,Neither side can make public statements about this deal without the other's written permission.
"The failure of the Disclosing Party to enforce any right hereunder shall not constitute a waiver of such right, nor shall it preclude subsequent enforcement.",Just because the sharer doesn't enforce a rule right away doesn't mean they lose the right to enforce it later.
The Lessee shall maintain comprehensive general liability insurance with limits of not less than one million dollars per occurrence.,The tenant must keep liability insurance covering at least one million dollars per incident.
This Agreement shall be binding upon and inure to the benefit of the parties hereto and their respective successors and assigns.,This contract applies to the parties and anyone who takes over their business or rights.
"Neither party shall be liable for failure to perform obligations due to causes beyond their reasonable control, including acts of God, adhering to relevant legal requirements.","Neither side is responsible for missing work due to major disasters they can't control, following relevant laws."
"This Agreement may be terminated forthwith by the Employee save for particular instances detailed within, provided that written notice is dispatched no less than thirty days prior to the effective date.","The worker can end this contract immediately, unless the contract says otherwise, by sending a written warning at least 30 days in advance."
Neither party shall issue any press release or public announcement relating to this Agreement without the other party's prior written consent.,Neither side can make public statements about this deal without the other's written permission.
"as a condition precedent to the exercise of any rights under this agreement, the Disclosing Party shall have the right to inspect and audit the books and records of the Receiving Party during normal business hours.","Before using rights in this deal, the sharer can check the receiver's records during standard work hours."
Each party shall execute and deliver such further instruments as may be reasonably necessary to carry out the intent of this Agreement.,Each side will sign any extra papers needed to make this agreement work.
"The Indemnitee shall be responsible for all applicable federal, state, and local taxes arising from the transactions contemplated hereby, governed by valid enactments.","The protected party must pay all taxes related to this deal, obeying relevant laws."
"in the event of a legal conflict stemming from this deal, exclusive jurisdiction and venue shall lie within the courts of the State of Delaware.","If there is a fight about this deal, the courts in Delaware will be the only place to handle it."
The rights and remedies provided in this Agreement are cumulative and not exclusive of any rights or remedies provided by law.,"The rights in this deal are added to any rights given by law, not replacing them."
"This instrument embodies the entire agreement between the parties and supersedes all prior negotiations, understandings, and representations.",This document contains the whole deal and replaces any previous talks or promises.
"The Indemnitor makes no representations or warranties, express or implied, regarding the fitness for a particular purpose of the goods.",The payer does not promise that the goods will work for any specific job.
"The Licensor makes no representations or warranties, express or implied, regarding the fitness for a particular purpose of the goods.",The licensor does not promise that the goods will work for any specific job.
"Upon termination, the Defendant shall explicitly return all materials, equipment, and documents belonging to the Plaintiff forthwith.","When the deal ends, the defendant must immediately give back all of the plaintiff's stuff and papers."
"During the Term, the Employer shall be the sole and exclusive provider of the Services to the Employee within the Territory.","While this contract lasts, only the employer can provide these services to the worker in this area."
"The failure of the Plaintiff to enforce any right hereunder shall not constitute a waiver of such right, nor shall it preclude subsequent enforcement.",Just because the plaintiff doesn't enforce a rule right away doesn't mean they lose the right to enforce it later.
"The Lessor makes no representations or warranties, express or implied, regarding the fitness for a particular purpose of the goods.",The landlord does not promise that the goods will work for any specific job.
The Lessee covenants to maintain the secrecy of the Proprietary Information and shall not disclose said data to third parties to the maximum range allowed by statute.,The tenant promises to keep the private info secret and not share it with outsiders as much as the law allows.
The obligations concerning confidentiality and indemnification shall survive the expiration or termination of this Agreement for a period of five years.,Duties regarding secrecy and paying for damages will last for five years after this contract ends.
"Neither party shall be liable for failure to perform obligations due to causes beyond their reasonable control, including acts of God, adhering to relevant legal requirements.","Neither side is responsible for missing work due to major disasters they can't control, following relevant laws."
The Defendant shall maintain comprehensive general liability insurance with limits of not less than one million dollars per occurrence.,The defendant must keep liability insurance covering at least one million dollars per incident.
"All notices required hereunder shall be in writing and deemed effective upon receipt when sent via certified mail, return receipt requested.",All official alerts must be written and count as delivered when they arrive via certified mail.
The Licensee shall maintain comprehensive general liability insurance with limits of not less than one million dollars per occurrence.,The licensee must keep liability insurance covering at least one million dollars per incident.
Each party shall execute and deliver such further instruments as may be reasonably necessary to carry out the intent of this Agreement.,Each side will sign any extra papers needed to make this agreement work.
The obligations concerning confidentiality and indemnification shall survive the expiration or termination of this Agreement for a period of five years.,Duties regarding secrecy and paying for damages will last for five years after this contract ends.
"Neither party shall be liable for failure to perform obligations due to causes beyond their reasonable control, including acts of God, governed by valid enactments.","Neither side is responsible for missing work due to major disasters they can't control, following relevant laws."
The Employee may not subcontract any portion of the services to be performed hereunder without the Employer's prior written approval.,The worker cannot hire others to do the work without the employer's written okay.
"During the Term, the Disclosing Party shall be the sole and exclusive provider of the Services to the Receiving Party within the Territory.","While this contract lasts, only the sharer can provide these services to the receiver in this area."
"as a prerequisite to activating rights within this deal, the Lessor shall have the right to inspect and audit the books and records of the Lessee during normal business hours.","Before using rights in this deal, the landlord can check the tenant's records during standard work hours."
"This Agreement may be executed in counterparts, each of which shall be deemed an original, but all of which together shall constitute one and the same instrument.","This contract can be signed in separate copies, but they all count as one single agreement."
"if any provision of this agreement is held to be unreliable or unenforceable, the remaining portions shall remain in full force and effect, preserving the original intent of the parties.","If a court decides one part of this contract is broken, the rest of the contract stays valid and keeps the original meaning."
"if any provision of this agreement is held to be unreliable or unenforceable, the remaining portions shall remain in full force and effect, preserving the original intent of the parties.","If a court decides one part of this contract is broken, the rest of the contract stays valid and keeps the original meaning."
"No amendment, modification, or waiver of any provision of this Agreement shall be effective unless in writing and signed by both parties.",Changes to this contract are only valid if they are written down and signed by both sides.
The headings and captions in this Agreement are for convenience only and shall not affect the interpretation or construction of this Agreement.,The titles in this document are just for easy reading and don't change the contract's meaning.
"Neither party shall be liable for failure to perform obligations due to causes beyond their reasonable control, including acts of God, in compliance with pertinent statutes.","Neither side is responsible for missing work due to major disasters they can't control, following relevant laws."
"During the Term, the Indemnitor shall be the sole and exclusive provider of the Services to the Indemnitee within the Territory.","While this contract lasts, only the payer can provide these services to the protected party in this area."
"This instrument embodies the entire agreement between the parties and supersedes all prior negotiations, understandings, and representations.",This document contains the whole deal and replaces any previous talks or promises.
"The Employer makes no representations or warranties, express or implied, regarding the fitness for a particular purpose of the goods.",The employer does not promise that the goods will work for any specific job.
"All notices required hereunder shall be in writing and deemed effective upon receipt when sent via certified mail, return receipt requested.",All official alerts must be written and count as delivered when they arrive via certified mail.
"Payment shall be remitted by the Lessee within thirty (30) days of the invoice date, and late payments shall incur interest at a rate of 1.5% per month.","The tenant must pay within 30 days of the bill, and late payments will include a 1.5% monthly interest fee."
"before any contractual powers are exercised, the Plaintiff shall have the right to inspect and audit the books and records of the Defendant during normal business hours.","Before using rights in this deal, the plaintiff can check the defendant's records during standard work hours."
"This Agreement may be executed in counterparts, each of which shall be deemed an original, but all of which together shall constitute one and the same instrument.","This contract can be signed in separate copies, but they all count as one single agreement."
"regarding any claims originating from this contract, exclusive jurisdiction and venue shall lie within the courts of the State of Delaware.","If there is a fight about this deal, the courts in Delaware will be the only place to handle it."
Each party shall execute and deliver such further instruments as may be reasonably necessary to carry out the intent of this Agreement.,Each side will sign any extra papers needed to make this agreement work.
"This Agreement and the rights herein may not be assigned by the Defendant without the prior written consent of the Plaintiff, unless stated otherwise in this document.","The defendant cannot transfer this contract to anyone else without the plaintiff's written permission, unless this deal says otherwise."
"Payment shall be remitted by the Lessee within thirty (30) days of the invoice date, and late payments shall incur interest at a rate of 1.5% per month.","The tenant must pay within 30 days of the bill, and late payments will include a 1.5% monthly interest fee."
The Licensee covenants to maintain the secrecy of the Proprietary Information and shall not disclose said data to third parties as far as the governing law permits.,The licensee promises to keep the private info secret and not share it with outsiders as much as the law allows.
"Neither party shall be liable for failure to perform obligations due to causes beyond their reasonable control, including acts of God, in compliance with pertinent statutes.","Neither side is responsible for missing work due to major disasters they can't control, following relevant laws."
The Lessee shall maintain comprehensive general liability insurance with limits of not less than one million dollars per occurrence.,The tenant must keep liability insurance covering at least one million dollars per incident.
"regarding any claims originating from this contract, exclusive jurisdiction and venue shall lie within the courts of the State of Delaware.","If there is a fight about this deal, the courts in Delaware will be the only place to handle it."
"All notices required hereunder shall be in writing and deemed effective upon receipt when sent via certified mail, return receipt requested.",All official alerts must be written and count as delivered when they arrive via certified mail.
"The failure of the Indemnitor to enforce any right hereunder shall not constitute a waiver of such right, nor shall it preclude subsequent enforcement.",Just because the payer doesn't enforce a rule right away doesn't mean they lose the right to enforce it later.
"as a condition precedent to the exercise of any rights under this agreement, the Licensor shall have the right to inspect and audit the books and records of the Licensee during normal business hours.","Before using rights in this deal, the licensor can check the licensee's records during standard work hours."
The obligations concerning confidentiality and indemnification shall survive the expiration or termination of this Agreement for a period of five years.,Duties regarding secrecy and paying for damages will last for five years after this contract ends.
"Neither party shall be liable for failure to perform obligations due to causes beyond their reasonable control, including acts of God, governed by valid enactments.","Neither side is responsible for missing work due to major disasters they can't control, following relevant laws."
The rights and remedies provided in this Agreement are cumulative and not exclusive of any rights or remedies provided by law.,"The rights in this deal are added to any rights given by law, not replacing them."
"The Disclosing Party makes no representations or warranties, express or implied, regarding the fitness for a particular purpose of the goods.",The sharer does not promise that the goods will work for any specific job.
"Neither party shall be liable for failure to perform obligations due to causes beyond their reasonable control, including acts of God, contingent upon statutory mandates.","Neither side is responsible for missing work due to major disasters they can't control, following relevant laws."
"The Indemnitee agrees not to solicit, recruit, or hire any employee of the Indemnitor for a period of twelve months following termination.",The protected party agrees not to try to hire the payer's workers for one year after the contract ends.
"in the event of a legal conflict stemming from this deal, exclusive jurisdiction and venue shall lie within the courts of the State of Delaware.","If there is a fight about this deal, the courts in Delaware will be the only place to handle it."
"The failure of the Plaintiff to enforce any right hereunder shall not constitute a waiver of such right, nor shall it preclude subsequent enforcement.",Just because the plaintiff doesn't enforce a rule right away doesn't mean they lose the right to enforce it later.
"Upon termination, the Lessee shall explicitly return all materials, equipment, and documents belonging to the Lessor forthwith.","When the deal ends, the tenant must immediately give back all of the landlord's stuff and papers."
"All intellectual property rights developed during the term of this Agreement shall vest exclusively in the Licensor, to the widest scope authorized by legislation.",The licensor will own all creative rights made during this contract to the full limit of the law.
Neither party shall issue any press release or public announcement relating to this Agreement without the other party's prior written consent.,Neither side can make public statements about this deal without the other's written permission.
"This Agreement may be executed in counterparts, each of which shall be deemed an original, but all of which together shall constitute one and the same instrument.","This contract can be signed in separate copies, but they all count as one single agreement."
Time is of the essence with respect to all obligations and performance dates specified in this Agreement.,Deadlines are very important for all tasks and dates in this deal.
"This Agreement and the rights herein may not be assigned by the Lessee without the prior written consent of the Lessor, unless distinctly stipulated elsewhere herein.","The tenant cannot transfer this contract to anyone else without the landlord's written permission, unless this deal says otherwise."
The Defendant covenants to maintain the secrecy of the Proprietary Information and shall not disclose said data to third parties within the full bounds of the law.,The defendant promises to keep the private info secret and not share it with outsiders as much as the law allows.
Time is of the essence with respect to all obligations and performance dates specified in this Agreement.,Deadlines are very important for all tasks and dates in this deal.
"Payment shall be remitted by the Employee within thirty (30) days of the invoice date, and late payments shall incur interest at a rate of 1.5% per month.","The worker must pay within 30 days of the bill, and late payments will include a 1.5% monthly interest fee."
"This Agreement may be executed in counterparts, each of which shall be deemed an original, but all of which together shall constitute one and the same instrument.","This contract can be signed in separate copies, but they all count as one single agreement."
"The failure of the Plaintiff to enforce any right hereunder shall not constitute a waiver of such right, nor shall it preclude subsequent enforcement.",Just because the plaintiff doesn't enforce a rule right away doesn't mean they lose the right to enforce it later.
"The failure of the Disclosing Party to enforce any right hereunder shall not constitute a waiver of such right, nor shall it preclude subsequent enforcement.",Just because the sharer doesn't enforce a rule right away doesn't mean they lose the right to enforce it later.
"The failure of the Licensor to enforce any right hereunder shall not constitute a waiver of such right, nor shall it preclude subsequent enforcement.",Just because the licensor doesn't enforce a rule right away doesn't mean they lose the right to enforce it later.
The rights and remedies provided in this Agreement are cumulative and not exclusive of any rights or remedies provided by law.,"The rights in this deal are added to any rights given by law, not replacing them."
"The Receiving Party shall be responsible for all applicable federal, state, and local taxes arising from the transactions contemplated hereby, contingent upon statutory mandates.","The receiver must pay all taxes related to this deal, obeying relevant laws."
"The Lessor shall indemnify, defend, and hold harmless the Lessee from any and all claims, damages, or liabilities arising from the Lessor's negligence, subject to all applicable laws and regulations.","The landlord must pay for any losses or legal issues the tenant faces because of the landlord's carelessness, as long as it follows the law."
"The Disclosing Party makes no representations or warranties, express or implied, regarding the fitness for a particular purpose of the goods.",The sharer does not promise that the goods will work for any specific job.
"The Indemnitor makes no representations or warranties, express or implied, regarding the fitness for a particular purpose of the goods.",The payer does not promise that the goods will work for any specific job.
The Receiving Party may not subcontract any portion of the services to be performed hereunder without the Disclosing Party's prior written approval.,The receiver cannot hire others to do the work without the sharer's written okay.
"This instrument embodies the entire agreement between the parties and supersedes all prior negotiations, understandings, and representations.",This document contains the whole deal and replaces any previous talks or promises.
"regarding any claims originating from this contract, exclusive jurisdiction and venue shall lie within the courts of the State of Delaware.","If there is a fight about this deal, the courts in Delaware will be the only place to handle it."
"This Agreement may be terminated forthwith by the Lessee barring specific exclusions noted in this text, provided that written notice is dispatched no less than thirty days prior to the effective date.","The tenant can end this contract immediately, unless the contract says otherwise, by sending a written warning at least 30 days in advance."
The obligations concerning confidentiality and indemnification shall survive the expiration or termination of this Agreement for a period of five years.,Duties regarding secrecy and paying for damages will last for five years after this contract ends.
This Agreement shall be binding upon and inure to the benefit of the parties hereto and their respective successors and assigns.,This contract applies to the parties and anyone who takes over their business or rights.
This Agreement shall be binding upon and inure to the benefit of the parties hereto and their respective successors and assigns.,This contract applies to the parties and anyone who takes over their business or rights.
This Agreement shall be binding upon and inure to the benefit of the parties hereto and their respective successors and assigns.,This contract applies to the parties and anyone who takes over their business or rights.
"The failure of the Plaintiff to enforce any right hereunder shall not constitute a waiver of such right, nor shall it preclude subsequent enforcement.",Just because the plaintiff doesn't enforce a rule right away doesn't mean they lose the right to enforce it later.
The rights and remedies provided in this Agreement are cumulative and not exclusive of any rights or remedies provided by law.,"The rights in this deal are added to any rights given by law, not replacing them."
"Neither party shall be liable for failure to perform obligations due to causes beyond their reasonable control, including acts of God, adhering to relevant legal requirements.","Neither side is responsible for missing work due to major disasters they can't control, following relevant laws."
"Neither party shall be liable for failure to perform obligations due to causes beyond their reasonable control, including acts of God, contingent upon statutory mandates.","Neither side is responsible for missing work due to major disasters they can't control, following relevant laws."
"for all disagreements connected to this bond, exclusive jurisdiction and venue shall lie within the courts of the State of Delaware.","If there is a fight about this deal, the courts in Delaware will be the only place to handle it."
Neither party shall issue any press release or public announcement relating to this Agreement without the other party's prior written consent.,Neither side can make public statements about this deal without the other's written permission.
"as a condition precedent to the exercise of any rights under this agreement, the Vendor shall have the right to inspect and audit the books and records of the Purchaser during normal business hours.","Before using rights in this deal, the seller can check the buyer's records during standard work hours."
"This Agreement may be executed in counterparts, each of which shall be deemed an original, but all of which together shall constitute one and the same instrument.","This contract can be signed in separate copies, but they all count as one single agreement."
Each party shall execute and deliver such further instruments as may be reasonably necessary to carry out the intent of this Agreement.,Each side will sign any extra papers needed to make this agreement work.
"The Plaintiff makes no representations or warranties, express or implied, regarding the fitness for a particular purpose of the goods.",The plaintiff does not promise that the goods will work for any specific job.
"All notices required hereunder shall be in writing and deemed effective upon receipt when sent via certified mail, return receipt requested.",All official alerts must be written and count as delivered when they arrive via certified mail.
The rights and remedies provided in this Agreement are cumulative and not exclusive of any rights or remedies provided by law.,"The rights in this deal are added to any rights given by law, not replacing them."
Each party shall execute and deliver such further instruments as may be reasonably necessary to carry out the intent of this Agreement.,Each side will sign any extra papers needed to make this agreement work.
"if any part of this text is judged legally void, the remaining portions shall remain in full force and effect, preserving the original intent of the parties.","If a court decides one part of this contract is broken, the rest of the contract stays valid and keeps the original meaning."
The Employee shall maintain comprehensive general liability insurance with limits of not less than one million dollars per occurrence.,The worker must keep liability insurance covering at least one million dollars per incident.
"This Agreement may be executed in counterparts, each of which shall be deemed an original, but all of which together shall constitute one and the same instrument.","This contract can be signed in separate copies, but they all count as one single agreement."
"Payment shall be remitted by the Employee within thirty (30) days of the invoice date, and late payments shall incur interest at a rate of 1.5% per month.","The worker must pay within 30 days of the bill, and late payments will include a 1.5% monthly interest fee."
"This Agreement may be terminated forthwith by the Lessee unless distinctly stipulated elsewhere herein, provided that written notice is dispatched no less than thirty days prior to the effective date.","The tenant can end this contract immediately, unless the contract says otherwise, by sending a written warning at least 30 days in advance."
"The Lessor makes no representations or warranties, express or implied, regarding the fitness for a particular purpose of the goods.",The landlord does not promise that the goods will work for any specific job.
"The failure of the Employer to enforce any right hereunder shall not constitute a waiver of such right, nor shall it preclude subsequent enforcement.",Just because the employer doesn't enforce a rule right away doesn't mean they lose the right to enforce it later.
"The Lessee agrees not to solicit, recruit, or hire any employee of the Lessor for a period of twelve months following termination.",The tenant agrees not to try to hire the landlord's workers for one year after the contract ends.
"The Licensee agrees not to solicit, recruit, or hire any employee of the Licensor for a period of twelve months following termination.",The licensee agrees not to try to hire the licensor's workers for one year after the contract ends.
The headings and captions in this Agreement are for convenience only and shall not affect the interpretation or construction of this Agreement.,The titles in this document are just for easy reading and don't change the contract's meaning.
"During the Term, the Employer shall be the sole and exclusive provider of the Services to the Employee within the Territory.","While this contract lasts, only the employer can provide these services to the worker in this area."
"All intellectual property rights developed during the term of this Agreement shall vest exclusively in the Plaintiff, as far as the governing law permits.",The plaintiff will own all creative rights made during this contract to the full limit of the law.
"This instrument embodies the entire agreement between the parties and supersedes all prior negotiations, understandings, and representations.",This document contains the whole deal and replaces any previous talks or promises.
The obligations concerning confidentiality and indemnification shall survive the expiration or termination of this Agreement for a period of five years.,Duties regarding secrecy and paying for damages will last for five years after this contract ends.
"This Agreement and the rights herein may not be assigned by the Defendant without the prior written consent of the Plaintiff, barring specific exclusions noted in this text.","The defendant cannot transfer this contract to anyone else without the plaintiff's written permission, unless this deal says otherwise."
"During the Term, the Licensor shall be the sole and exclusive provider of the Services to the Licensee within the Territory.","While this contract lasts, only the licensor can provide these services to the licensee in this area."
"This instrument embodies the entire agreement between the parties and supersedes all prior negotiations, understandings, and representations.",This document contains the whole deal and replaces any previous talks or promises.
"prior to the enforcement of any claims under this pact, the Disclosing Party shall have the right to inspect and audit the books and records of the Receiving Party during normal business hours.","Before using rights in this deal, the sharer can check the receiver's records during standard work hours."
"The Employer makes no representations or warranties, express or implied, regarding the fitness for a particular purpose of the goods.",The employer does not promise that the goods will work for any specific job.
"Payment shall be remitted by the Licensee within thirty (30) days of the invoice date, and late payments shall incur interest at a rate of 1.5% per month.","The licensee must pay within 30 days of the bill, and late payments will include a 1.5% monthly interest fee."
Time is of the essence with respect to all obligations and performance dates specified in this Agreement.,Deadlines are very important for all tasks and dates in this deal.
"All intellectual property rights developed during the term of this Agreement shall vest exclusively in the Employer, to the maximum range allowed by statute.",The employer will own all creative rights made during this contract to the full limit of the law.
The obligations concerning confidentiality and indemnification shall survive the expiration or termination of this Agreement for a period of five years.,Duties regarding secrecy and paying for damages will last for five years after this contract ends.
The Licensee may not subcontract any portion of the services to be performed hereunder without the Licensor's prior written approval.,The licensee cannot hire others to do the work without the licensor's written okay.
"Neither party shall be liable for failure to perform obligations due to causes beyond their reasonable control, including acts of God, contingent upon statutory mandates.","Neither side is responsible for missing work due to major disasters they can't control, following relevant laws."
The headings and captions in this Agreement are for convenience only and shall not affect the interpretation or construction of this Agreement.,The titles in this document are just for easy reading and don't change the contract's meaning.
Neither party shall issue any press release or public announcement relating to this Agreement without the other party's prior written consent.,Neither side can make public statements about this deal without the other's written permission.
"This Agreement and the rights herein may not be assigned by the Defendant without the prior written consent of the Plaintiff, unless distinctly stipulated elsewhere herein.","The defendant cannot transfer this contract to anyone else without the plaintiff's written permission, unless this deal says otherwise."
The Receiving Party shall maintain comprehensive general liability insurance with limits of not less than one million dollars per occurrence.,The receiver must keep liability insurance covering at least one million dollars per incident.
The headings and captions in this Agreement are for convenience only and shall not affect the interpretation or construction of this Agreement.,The titles in this document are just for easy reading and don't change the contract's meaning.
"This instrument embodies the entire agreement between the parties and supersedes all prior negotiations, understandings, and representations.",This document contains the whole deal and replaces any previous talks or promises.
The Licensee covenants to maintain the secrecy of the Proprietary Information and shall not disclose said data to third parties to the widest scope authorized by legislation.,The licensee promises to keep the private info secret and not share it with outsiders as much as the law allows.
"The Employee agrees not to solicit, recruit, or hire any employee of the Employer for a period of twelve months following termination.",The worker agrees not to try to hire the employer's workers for one year after the contract ends.
The Licensee shall maintain comprehensive general liability insurance with limits of not less than one million dollars per occurrence.,The licensee must keep liability insurance covering at least one million dollars per incident.
"This Agreement may be terminated forthwith by the Licensee barring specific exclusions noted in this text, provided that written notice is dispatched no less than thirty days prior to the effective date.","The licensee can end this contract immediately, unless the contract says otherwise, by sending a written warning at least 30 days in advance."
"No amendment, modification, or waiver of any provision of this Agreement shall be effective unless in writing and signed by both parties.",Changes to this contract are only valid if they are written down and signed by both sides.
"The Purchaser shall be responsible for all applicable federal, state, and local taxes arising from the transactions contemplated hereby, adhering to relevant legal requirements.","The buyer must pay all taxes related to this deal, obeying relevant laws."
"During the Term, the Vendor shall be the sole and exclusive provider of the Services to the Purchaser within the Territory.","While this contract lasts, only the seller can provide these services to the buyer in this area."
The Licensee may not subcontract any portion of the services to be performed hereunder without the Licensor's prior written approval.,The licensee cannot hire others to do the work without the licensor's written okay.
"This Agreement may be executed in counterparts, each of which shall be deemed an original, but all of which together shall constitute one and the same instrument.","This contract can be signed in separate copies, but they all count as one single agreement."
Each party shall execute and deliver such further instruments as may be reasonably necessary to carry out the intent of this Agreement.,Each side will sign any extra papers needed to make this agreement work.
"Neither party shall be liable for failure to perform obligations due to causes beyond their reasonable control, including acts of God, in compliance with pertinent statutes.","Neither side is responsible for missing work due to major disasters they can't control, following relevant laws."
"should a court deem any clause invalid, the remaining portions shall remain in full force and effect, preserving the original intent of the parties.","If a court decides one part of this contract is broken, the rest of the contract stays valid and keeps the original meaning."
Each party shall execute and deliver such further instruments as may be reasonably necessary to carry out the intent of this Agreement.,Each side will sign any extra papers needed to make this agreement work.
"This Agreement may be executed in counterparts, each of which shall be deemed an original, but all of which together shall constitute one and the same instrument.","This contract can be signed in separate copies, but they all count as one single agreement."
The Defendant may not subcontract any portion of the services to be performed hereunder without the Plaintiff's prior written approval.,The defendant cannot hire others to do the work without the plaintiff's written okay.
This Agreement shall be binding upon and inure to the benefit of the parties hereto and their respective successors and assigns.,This contract applies to the parties and anyone who takes over their business or rights.
"Payment shall be remitted by the Licensee within thirty (30) days of the invoice date, and late payments shall incur interest at a rate of 1.5% per month.","The licensee must pay within 30 days of the bill, and late payments will include a 1.5% monthly interest fee."
"This Agreement may be executed in counterparts, each of which shall be deemed an original, but all of which together shall constitute one and the same instrument.","This contract can be signed in separate copies, but they all count as one single agreement."
Neither party shall issue any press release or public announcement relating to this Agreement without the other party's prior written consent.,Neither side can make public statements about this deal without the other's written permission.
The Licensee may not subcontract any portion of the services to be performed hereunder without the Licensor's prior written approval.,The licensee cannot hire others to do the work without the licensor's written okay.
The Indemnitee shall maintain comprehensive general liability insurance with limits of not less than one million dollars per occurrence.,The protected party must keep liability insurance covering at least one million dollars per incident.
"All notices required hereunder shall be in writing and deemed effective upon receipt when sent via certified mail, return receipt requested.",All official alerts must be written and count as delivered when they arrive via certified mail.
"before utilizing any privileges granted herein, the Plaintiff shall have the right to inspect and audit the books and records of the Defendant during normal business hours.","Before using rights in this deal, the plaintiff can check the defendant's records during standard work hours."
The Lessee covenants to maintain the secrecy of the Proprietary Information and shall not disclose said data to third parties within the full bounds of the law.,The tenant promises to keep the private info secret and not share it with outsiders as much as the law allows.
"in the event of a legal conflict stemming from this deal, exclusive jurisdiction and venue shall lie within the courts of the State of Delaware.","If there is a fight about this deal, the courts in Delaware will be the only place to handle it."
"Neither party shall be liable for failure to perform obligations due to causes beyond their reasonable control, including acts of God, pursuant to governing ordinances.","Neither side is responsible for missing work due to major disasters they can't control, following relevant laws."
Time is of the essence with respect to all obligations and performance dates specified in this Agreement.,Deadlines are very important for all tasks and dates in this deal.
"Nothing contained herein shall be construed to create a partnership, joint venture, or agency relationship between the Lessor and the Lessee.",This contract does not make the landlord and tenant partners or agents of each other.
"The failure of the Plaintiff to enforce any right hereunder shall not constitute a waiver of such right, nor shall it preclude subsequent enforcement.",Just because the plaintiff doesn't enforce a rule right away doesn't mean they lose the right to enforce it later.
"This Agreement may be terminated forthwith by the Lessee unless stated otherwise in this document, provided that written notice is dispatched no less than thirty days prior to the effective date.","The tenant can end this contract immediately, unless the contract says otherwise, by sending a written warning at least 30 days in advance."
"This Agreement may be executed in counterparts, each of which shall be deemed an original, but all of which together shall constitute one and the same instrument.","This contract can be signed in separate copies, but they all count as one single agreement."
The Receiving Party shall maintain comprehensive general liability insurance with limits of not less than one million dollars per occurrence.,The receiver must keep liability insurance covering at least one million dollars per incident.
"This Agreement may be terminated forthwith by the Licensee save for particular instances detailed within, provided that written notice is dispatched no less than thirty days prior to the effective date.","The licensee can end this contract immediately, unless the contract says otherwise, by sending a written warning at least 30 days in advance."
"This instrument embodies the entire agreement between the parties and supersedes all prior negotiations, understandings, and representations.",This document contains the whole deal and replaces any previous talks or promises.
This Agreement shall be binding upon and inure to the benefit of the parties hereto and their respective successors and assigns.,This contract applies to the parties and anyone who takes over their business or rights.
"if any provision of this agreement is held to be unreliable or unenforceable, the remaining portions shall remain in full force and effect, preserving the original intent of the parties.","If a court decides one part of this contract is broken, the rest of the contract stays valid and keeps the original meaning."
"as a condition precedent to the exercise of any rights under this agreement, the Disclosing Party shall have the right to inspect and audit the books and records of the Receiving Party during normal business hours.","Before using rights in this deal, the sharer can check the receiver's records during standard work hours."
This Agreement shall be binding upon and inure to the benefit of the parties hereto and their respective successors and assigns.,This contract applies to the parties and anyone who takes over their business or rights.
"if any dispute arises out of or relates to this agreement, exclusive jurisdiction and venue shall lie within the courts of the State of Delaware.","If there is a fight about this deal, the courts in Delaware will be the only place to handle it."
"Nothing contained herein shall be construed to create a partnership, joint venture, or agency relationship between the Vendor and the Purchaser.",This contract does not make the seller and buyer partners or agents of each other.
"All notices required hereunder shall be in writing and deemed effective upon receipt when sent via certified mail, return receipt requested.",All official alerts must be written and count as delivered when they arrive via certified mail.
"Payment shall be remitted by the Purchaser within thirty (30) days of the invoice date, and late payments shall incur interest at a rate of 1.5% per month.","The buyer must pay within 30 days of the bill, and late payments will include a 1.5% monthly interest fee."
"The Lessee agrees not to solicit, recruit, or hire any employee of the Lessor for a period of twelve months following termination.",The tenant agrees not to try to hire the landlord's workers for one year after the contract ends.
The Indemnitee covenants to maintain the secrecy of the Proprietary Information and shall not disclose said data to third parties to the widest scope authorized by legislation.,The protected party promises to keep the private info secret and not share it with outsiders as much as the law allows.
"All notices required hereunder shall be in writing and deemed effective upon receipt when sent via certified mail, return receipt requested.",All official alerts must be written and count as delivered when they arrive via certified mail.
"This Agreement and the rights herein may not be assigned by the Employee without the prior written consent of the Employer, unless stated otherwise in this document.","The worker cannot transfer this contract to anyone else without the employer's written permission, unless this deal says otherwise."
Each party shall execute and deliver such further instruments as may be reasonably necessary to carry out the intent of this Agreement.,Each side will sign any extra papers needed to make this agreement work.
"This instrument embodies the entire agreement between the parties and supersedes all prior negotiations, understandings, and representations.",This document contains the whole deal and replaces any previous talks or promises.
"The Defendant shall be responsible for all applicable federal, state, and local taxes arising from the transactions contemplated hereby, subject to all applicable laws and regulations.","The defendant must pay all taxes related to this deal, obeying relevant laws."
"All intellectual property rights developed during the term of this Agreement shall vest exclusively in the Employer, as far as the governing law permits.",The employer will own all creative rights made during this contract to the full limit of the law.
"The failure of the Licensor to enforce any right hereunder shall not constitute a waiver of such right, nor shall it preclude subsequent enforcement.",Just because the licensor doesn't enforce a rule right away doesn't mean they lose the right to enforce it later.
"This Agreement may be terminated forthwith by the Purchaser unless stated otherwise in this document, provided that written notice is dispatched no less than thirty days prior to the effective date.","The buyer can end this contract immediately, unless the contract says otherwise, by sending a written warning at least 30 days in advance."
The Defendant may not subcontract any portion of the services to be performed hereunder without the Plaintiff's prior written approval.,The defendant cannot hire others to do the work without the plaintiff's written okay.
"This Agreement may be executed in counterparts, each of which shall be deemed an original, but all of which together shall constitute one and the same instrument.","This contract can be signed in separate copies, but they all count as one single agreement."
"This instrument embodies the entire agreement between the parties and supersedes all prior negotiations, understandings, and representations.",This document contains the whole deal and replaces any previous talks or promises.
"prior to the enforcement of any claims under this pact, the Vendor shall have the right to inspect and audit the books and records of the Purchaser during normal business hours.","Before using rights in this deal, the seller can check the buyer's records during standard work hours."
The Purchaser covenants to maintain the secrecy of the Proprietary Information and shall not disclose said data to third parties to the widest scope authorized by legislation.,The buyer promises to keep the private info secret and not share it with outsiders as much as the law allows.
"No amendment, modification, or waiver of any provision of this Agreement shall be effective unless in writing and signed by both parties.",Changes to this contract are only valid if they are written down and signed by both sides.
"All intellectual property rights developed during the term of this Agreement shall vest exclusively in the Disclosing Party, to the fullest extent permitted by law.",The sharer will own all creative rights made during this contract to the full limit of the law.
"All intellectual property rights developed during the term of this Agreement shall vest exclusively in the Plaintiff, to the widest scope authorized by legislation.",The plaintiff will own all creative rights made during this contract to the full limit of the law.
"This Agreement may be terminated forthwith by the Employee except as otherwise expressly provided in this agreement, provided that written notice is dispatched no less than thirty days prior to the effective date.","The worker can end this contract immediately, unless the contract says otherwise, by sending a written warning at least 30 days in advance."
"The Receiving Party agrees not to solicit, recruit, or hire any employee of the Disclosing Party for a period of twelve months following termination.",The receiver agrees not to try to hire the sharer's workers for one year after the contract ends.
Time is of the essence with respect to all obligations and performance dates specified in this Agreement.,Deadlines are very important for all tasks and dates in this deal.
"All intellectual property rights developed during the term of this Agreement shall vest exclusively in the Employer, as far as the governing law permits.",The employer will own all creative rights made during this contract to the full limit of the law.
"The Receiving Party shall be responsible for all applicable federal, state, and local taxes arising from the transactions contemplated hereby, contingent upon statutory mandates.","The receiver must pay all taxes related to this deal, obeying relevant laws."
"This Agreement and the rights herein may not be assigned by the Receiving Party without the prior written consent of the Disclosing Party, unless distinctly stipulated elsewhere herein.","The receiver cannot transfer this contract to anyone else without the sharer's written permission, unless this deal says otherwise."
"The Lessor makes no representations or warranties, express or implied, regarding the fitness for a particular purpose of the goods.",The landlord does not promise that the goods will work for any specific job.
"The Employee shall be responsible for all applicable federal, state, and local taxes arising from the transactions contemplated hereby, adhering to relevant legal requirements.","The worker must pay all taxes related to this deal, obeying relevant laws."
"The failure of the Lessor to enforce any right hereunder shall not constitute a waiver of such right, nor shall it preclude subsequent enforcement.",Just because the landlord doesn't enforce a rule right away doesn't mean they lose the right to enforce it later.
The headings and captions in this Agreement are for convenience only and shall not affect the interpretation or construction of this Agreement.,The titles in this document are just for easy reading and don't change the contract's meaning.
"This Agreement may be terminated forthwith by the Purchaser barring specific exclusions noted in this text, provided that written notice is dispatched no less than thirty days prior to the effective date.","The buyer can end this contract immediately, unless the contract says otherwise, by sending a written warning at least 30 days in advance."
"Payment shall be remitted by the Lessee within thirty (30) days of the invoice date, and late payments shall incur interest at a rate of 1.5% per month.","The tenant must pay within 30 days of the bill, and late payments will include a 1.5% monthly interest fee."
"Nothing contained herein shall be construed to create a partnership, joint venture, or agency relationship between the Employer and the Employee.",This contract does not make the employer and worker partners or agents of each other.
The Lessee covenants to maintain the secrecy of the Proprietary Information and shall not disclose said data to third parties to the widest scope authorized by legislation.,The tenant promises to keep the private info secret and not share it with outsiders as much as the law allows.
"The Plaintiff makes no representations or warranties, express or implied, regarding the fitness for a particular purpose of the goods.",The plaintiff does not promise that the goods will work for any specific job.
The rights and remedies provided in this Agreement are cumulative and not exclusive of any rights or remedies provided by law.,"The rights in this deal are added to any rights given by law, not replacing them."
Time is of the essence with respect to all obligations and performance dates specified in this Agreement.,Deadlines are very important for all tasks and dates in this deal.
"in the event a term is ruled ineffective, the remaining portions shall remain in full force and effect, preserving the original intent of the parties.","If a court decides one part of this contract is broken, the rest of the contract stays valid and keeps the original meaning."
"The Indemnitor shall indemnify, defend, and hold harmless the Indemnitee from any and all claims, damages, or liabilities arising from the Indemnitor's negligence, adhering to relevant legal requirements.","The payer must pay for any losses or legal issues the protected party faces because of the payer's carelessness, as long as it follows the law."
"All intellectual property rights developed during the term of this Agreement shall vest exclusively in the Licensor, to the widest scope authorized by legislation.",The licensor will own all creative rights made during this contract to the full limit of the law.
Time is of the essence with respect to all obligations and performance dates specified in this Agreement.,Deadlines are very important for all tasks and dates in this deal.
"This instrument embodies the entire agreement between the parties and supersedes all prior negotiations, understandings, and representations.",This document contains the whole deal and replaces any previous talks or promises.
The headings and captions in this Agreement are for convenience only and shall not affect the interpretation or construction of this Agreement.,The titles in this document are just for easy reading and don't change the contract's meaning.
"for all disagreements connected to this bond, exclusive jurisdiction and venue shall lie within the courts of the State of Delaware.","If there is a fight about this deal, the courts in Delaware will be the only place to handle it."
"Payment shall be remitted by the Defendant within thirty (30) days of the invoice date, and late payments shall incur interest at a rate of 1.5% per month.","The defendant must pay within 30 days of the bill, and late payments will include a 1.5% monthly interest fee."
"The Receiving Party shall be responsible for all applicable federal, state, and local taxes arising from the transactions contemplated hereby, contingent upon statutory mandates.","The receiver must pay all taxes related to this deal, obeying relevant laws."
Time is of the essence with respect to all obligations and performance dates specified in this Agreement.,Deadlines are very important for all tasks and dates in this deal.
The rights and remedies provided in this Agreement are cumulative and not exclusive of any rights or remedies provided by law.,"The rights in this deal are added to any rights given by law, not replacing them."
"Neither party shall be liable for failure to perform obligations due to causes beyond their reasonable control, including acts of God, governed by valid enactments.","Neither side is responsible for missing work due to major disasters they can't control, following relevant laws."
"The failure of the Employer to enforce any right hereunder shall not constitute a waiver of such right, nor shall it preclude subsequent enforcement.",Just because the employer doesn't enforce a rule right away doesn't mean they lose the right to enforce it later.
"if any provision of this agreement is held to be unreliable or unenforceable, the remaining portions shall remain in full force and effect, preserving the original intent of the parties.","If a court decides one part of this contract is broken, the rest of the contract stays valid and keeps the original meaning."
"During the Term, the Employer shall be the sole and exclusive provider of the Services to the Employee within the Territory.","While this contract lasts, only the employer can provide these services to the worker in this area."
"Nothing contained herein shall be construed to create a partnership, joint venture, or agency relationship between the Plaintiff and the Defendant.",This contract does not make the plaintiff and defendant partners or agents of each other.
The Licensee may not subcontract any portion of the services to be performed hereunder without the Licensor's prior written approval.,The licensee cannot hire others to do the work without the licensor's written okay.
"The Lessor makes no representations or warranties, express or implied, regarding the fitness for a particular purpose of the goods.",The landlord does not promise that the goods will work for any specific job.
"During the Term, the Licensor shall be the sole and exclusive provider of the Services to the Licensee within the Territory.","While this contract lasts, only the licensor can provide these services to the licensee in this area."
The Receiving Party may not subcontract any portion of the services to be performed hereunder without the Disclosing Party's prior written approval.,The receiver cannot hire others to do the work without the sharer's written okay.
"for all disagreements connected to this bond, exclusive jurisdiction and venue shall lie within the courts of the State of Delaware.","If there is a fight about this deal, the courts in Delaware will be the only place to handle it."
"This instrument embodies the entire agreement between the parties and supersedes all prior negotiations, understandings, and representations.",This document contains the whole deal and replaces any previous talks or promises.
"Payment shall be remitted by the Receiving Party within thirty (30) days of the invoice date, and late payments shall incur interest at a rate of 1.5% per month.","The receiver must pay within 30 days of the bill, and late payments will include a 1.5% monthly interest fee."
"Neither party shall be liable for failure to perform obligations due to causes beyond their reasonable control, including acts of God, in compliance with pertinent statutes.","Neither side is responsible for missing work due to major disasters they can't control, following relevant laws."
"The Lessor makes no representations or warranties, express or implied, regarding the fitness for a particular purpose of the goods.",The landlord does not promise that the goods will work for any specific job.
"All intellectual property rights developed during the term of this Agreement shall vest exclusively in the Lessor, to the fullest extent permitted by law.",The landlord will own all creative rights made during this contract to the full limit of the law.
"This Agreement and the rights herein may not be assigned by the Indemnitee without the prior written consent of the Indemnitor, unless distinctly stipulated elsewhere herein.","The protected party cannot transfer this contract to anyone else without the payer's written permission, unless this deal says otherwise."
Neither party shall issue any press release or public announcement relating to this Agreement without the other party's prior written consent.,Neither side can make public statements about this deal without the other's written permission.
"During the Term, the Vendor shall be the sole and exclusive provider of the Services to the Purchaser within the Territory.","While this contract lasts, only the seller can provide these services to the buyer in this area."
Each party shall execute and deliver such further instruments as may be reasonably necessary to carry out the intent of this Agreement.,Each side will sign any extra papers needed to make this agreement work.
"Neither party shall be liable for failure to perform obligations due to causes beyond their reasonable control, including acts of God, adhering to relevant legal requirements.","Neither side is responsible for missing work due to major disasters they can't control, following relevant laws."
"The Vendor shall indemnify, defend, and hold harmless the Purchaser from any and all claims, damages, or liabilities arising from the Vendor's negligence, subject to all applicable laws and regulations.","The seller must pay for any losses or legal issues the buyer faces because of the seller's carelessness, as long as it follows the law."
The headings and captions in this Agreement are for convenience only and shall not affect the interpretation or construction of this Agreement.,The titles in this document are just for easy reading and don't change the contract's meaning.
The Defendant covenants to maintain the secrecy of the Proprietary Information and shall not disclose said data to third parties within the full bounds of the law.,The defendant promises to keep the private info secret and not share it with outsiders as much as the law allows.
"During the Term, the Licensor shall be the sole and exclusive provider of the Services to the Licensee within the Territory.","While this contract lasts, only the licensor can provide these services to the licensee in this area."
The obligations concerning confidentiality and indemnification shall survive the expiration or termination of this Agreement for a period of five years.,Duties regarding secrecy and paying for damages will last for five years after this contract ends.
This Agreement shall be binding upon and inure to the benefit of the parties hereto and their respective successors and assigns.,This contract applies to the parties and anyone who takes over their business or rights.
"No amendment, modification, or waiver of any provision of this Agreement shall be effective unless in writing and signed by both parties.",Changes to this contract are only valid if they are written down and signed by both sides.
"Nothing contained herein shall be construed to create a partnership, joint venture, or agency relationship between the Disclosing Party and the Receiving Party.",This contract does not make the sharer and receiver partners or agents of each other.
"This instrument embodies the entire agreement between the parties and supersedes all prior negotiations, understandings, and representations.",This document contains the whole deal and replaces any previous talks or promises.
The Defendant covenants to maintain the secrecy of the Proprietary Information and shall not disclose said data to third parties to the fullest extent permitted by law.,The defendant promises to keep the private info secret and not share it with outsiders as much as the law allows.
Time is of the essence with respect to all obligations and performance dates specified in this Agreement.,Deadlines are very important for all tasks and dates in this deal.
"During the Term, the Vendor shall be the sole and exclusive provider of the Services to the Purchaser within the Territory.","While this contract lasts, only the seller can provide these services to the buyer in this area."
"regarding any claims originating from this contract, exclusive jurisdiction and venue shall lie within the courts of the State of Delaware.","If there is a fight about this deal, the courts in Delaware will be the only place to handle it."
"The Lessor shall indemnify, defend, and hold harmless the Lessee from any and all claims, damages, or liabilities arising from the Lessor's negligence, in compliance with pertinent statutes.","The landlord must pay for any losses or legal issues the tenant faces because of the landlord's carelessness, as long as it follows the law."
"The failure of the Licensor to enforce any right hereunder shall not constitute a waiver of such right, nor shall it preclude subsequent enforcement.",Just because the licensor doesn't enforce a rule right away doesn't mean they lose the right to enforce it later.
"Nothing contained herein shall be construed to create a partnership, joint venture, or agency relationship between the Indemnitor and the Indemnitee.",This contract does not make the payer and protected party partners or agents of each other.
"in the event a term is ruled ineffective, the remaining portions shall remain in full force and effect, preserving the original intent of the parties.","If a court decides one part of this contract is broken, the rest of the contract stays valid and keeps the original meaning."
"This instrument embodies the entire agreement between the parties and supersedes all prior negotiations, understandings, and representations.",This document contains the whole deal and replaces any previous talks or promises.
"The Vendor makes no representations or warranties, express or implied, regarding the fitness for a particular purpose of the goods.",The seller does not promise that the goods will work for any specific job.
"This instrument embodies the entire agreement between the parties and supersedes all prior negotiations, understandings, and representations.",This document contains the whole deal and replaces any previous talks or promises.
The obligations concerning confidentiality and indemnification shall survive the expiration or termination of this Agreement for a period of five years.,Duties regarding secrecy and paying for damages will last for five years after this contract ends.
"This Agreement may be executed in counterparts, each of which shall be deemed an original, but all of which together shall constitute one and the same instrument.","This contract can be signed in separate copies, but they all count as one single agreement."
The rights and remedies provided in this Agreement are cumulative and not exclusive of any rights or remedies provided by law.,"The rights in this deal are added to any rights given by law, not replacing them."
"The Employee agrees not to solicit, recruit, or hire any employee of the Employer for a period of twelve months following termination.",The worker agrees not to try to hire the employer's workers for one year after the contract ends.
"Nothing contained herein shall be construed to create a partnership, joint venture, or agency relationship between the Plaintiff and the Defendant.",This contract does not make the plaintiff and defendant partners or agents of each other.
"During the Term, the Vendor shall be the sole and exclusive provider of the Services to the Purchaser within the Territory.","While this contract lasts, only the seller can provide these services to the buyer in this area."
The rights and remedies provided in this Agreement are cumulative and not exclusive of any rights or remedies provided by law.,"The rights in this deal are added to any rights given by law, not replacing them."
"if a tribunal finds a section void, the remaining portions shall remain in full force and effect, preserving the original intent of the parties.","If a court decides one part of this contract is broken, the rest of the contract stays valid and keeps the original meaning."
"No amendment, modification, or waiver of any provision of this Agreement shall be effective unless in writing and signed by both parties.",Changes to this contract are only valid if they are written down and signed by both sides.
"No amendment, modification, or waiver of any provision of this Agreement shall be effective unless in writing and signed by both parties.",Changes to this contract are only valid if they are written down and signed by both sides.
The obligations concerning confidentiality and indemnification shall survive the expiration or termination of this Agreement for a period of five years.,Duties regarding secrecy and paying for damages will last for five years after this contract ends.
The Employee shall maintain comprehensive general liability insurance with limits of not less than one million dollars per occurrence.,The worker must keep liability insurance covering at least one million dollars per incident.
The rights and remedies provided in this Agreement are cumulative and not exclusive of any rights or remedies provided by law.,"The rights in this deal are added to any rights given by law, not replacing them."
"Payment shall be remitted by the Receiving Party within thirty (30) days of the invoice date, and late payments shall incur interest at a rate of 1.5% per month.","The receiver must pay within 30 days of the bill, and late payments will include a 1.5% monthly interest fee."
"All intellectual property rights developed during the term of this Agreement shall vest exclusively in the Indemnitor, to the widest scope authorized by legislation.",The payer will own all creative rights made during this contract to the full limit of the law.
Each party shall execute and deliver such further instruments as may be reasonably necessary to carry out the intent of this Agreement.,Each side will sign any extra papers needed to make this agreement work.
"if any part of this text is judged legally void, the remaining portions shall remain in full force and effect, preserving the original intent of the parties.","If a court decides one part of this contract is broken, the rest of the contract stays valid and keeps the original meaning."
"During the Term, the Plaintiff shall be the sole and exclusive provider of the Services to the Defendant within the Territory.","While this contract lasts, only the plaintiff can provide these services to the defendant in this area."
"in the event of a legal conflict stemming from this deal, exclusive jurisdiction and venue shall lie within the courts of the State of Delaware.","If there is a fight about this deal, the courts in Delaware will be the only place to handle it."
"The Licensee shall be responsible for all applicable federal, state, and local taxes arising from the transactions contemplated hereby, governed by valid enactments.","The licensee must pay all taxes related to this deal, obeying relevant laws."
"Upon termination, the Purchaser shall explicitly return all materials, equipment, and documents belonging to the Vendor forthwith.","When the deal ends, the buyer must immediately give back all of the seller's stuff and papers."
"The Defendant shall be responsible for all applicable federal, state, and local taxes arising from the transactions contemplated hereby, adhering to relevant legal requirements.","The defendant must pay all taxes related to this deal, obeying relevant laws."
"During the Term, the Disclosing Party shall be the sole and exclusive provider of the Services to the Receiving Party within the Territory.","While this contract lasts, only the sharer can provide these services to the receiver in this area."
The obligations concerning confidentiality and indemnification shall survive the expiration or termination of this Agreement for a period of five years.,Duties regarding secrecy and paying for damages will last for five years after this contract ends.
Time is of the essence with respect to all obligations and performance dates specified in this Agreement.,Deadlines are very important for all tasks and dates in this deal.
The obligations concerning confidentiality and indemnification shall survive the expiration or termination of this Agreement for a period of five years.,Duties regarding secrecy and paying for damages will last for five years after this contract ends.
"This Agreement may be terminated forthwith by the Purchaser save for particular instances detailed within, provided that written notice is dispatched no less than thirty days prior to the effective date.","The buyer can end this contract immediately, unless the contract says otherwise, by sending a written warning at least 30 days in advance."
"Payment shall be remitted by the Purchaser within thirty (30) days of the invoice date, and late payments shall incur interest at a rate of 1.5% per month.","The buyer must pay within 30 days of the bill, and late payments will include a 1.5% monthly interest fee."
"This Agreement may be terminated forthwith by the Employee unless distinctly stipulated elsewhere herein, provided that written notice is dispatched no less than thirty days prior to the effective date.","The worker can end this contract immediately, unless the contract says otherwise, by sending a written warning at least 30 days in advance."
"as a prerequisite to activating rights within this deal, the Employer shall have the right to inspect and audit the books and records of the Employee during normal business hours.","Before using rights in this deal, the employer can check the worker's records during standard work hours."
"Upon termination, the Receiving Party shall explicitly return all materials, equipment, and documents belonging to the Disclosing Party forthwith.","When the deal ends, the receiver must immediately give back all of the sharer's stuff and papers."
Each party shall execute and deliver such further instruments as may be reasonably necessary to carry out the intent of this Agreement.,Each side will sign any extra papers needed to make this agreement work.
"if a tribunal finds a section void, the remaining portions shall remain in full force and effect, preserving the original intent of the parties.","If a court decides one part of this contract is broken, the rest of the contract stays valid and keeps the original meaning."
"Neither party shall be liable for failure to perform obligations due to causes beyond their reasonable control, including acts of God, governed by valid enactments.","Neither side is responsible for missing work due to major disasters they can't control, following relevant laws."
"Upon termination, the Receiving Party shall explicitly return all materials, equipment, and documents belonging to the Disclosing Party forthwith.","When the deal ends, the receiver must immediately give back all of the sharer's stuff and papers."
"The failure of the Employer to enforce any right hereunder shall not constitute a waiver of such right, nor shall it preclude subsequent enforcement.",Just because the employer doesn't enforce a rule right away doesn't mean they lose the right to enforce it later.
"This Agreement may be executed in counterparts, each of which shall be deemed an original, but all of which together shall constitute one and the same instrument.","This contract can be signed in separate copies, but they all count as one single agreement."
"No amendment, modification, or waiver of any provision of this Agreement shall be effective unless in writing and signed by both parties.",Changes to this contract are only valid if they are written down and signed by both sides.
The rights and remedies provided in this Agreement are cumulative and not exclusive of any rights or remedies provided by law.,"The rights in this deal are added to any rights given by law, not replacing them."
"for all disagreements connected to this bond, exclusive jurisdiction and venue shall lie within the courts of the State of Delaware.","If there is a fight about this deal, the courts in Delaware will be the only place to handle it."
"No amendment, modification, or waiver of any provision of this Agreement shall be effective unless in writing and signed by both parties.",Changes to this contract are only valid if they are written down and signed by both sides.
"The Receiving Party agrees not to solicit, recruit, or hire any employee of the Disclosing Party for a period of twelve months following termination.",The receiver agrees not to try to hire the sharer's workers for one year after the contract ends.
"for all disagreements connected to this bond, exclusive jurisdiction and venue shall lie within the courts of the State of Delaware.","If there is a fight about this deal, the courts in Delaware will be the only place to handle it."
"The Indemnitor shall indemnify, defend, and hold harmless the Indemnitee from any and all claims, damages, or liabilities arising from the Indemnitor's negligence, in compliance with pertinent statutes.","The payer must pay for any losses or legal issues the protected party faces because of the payer's carelessness, as long as it follows the law."
The obligations concerning confidentiality and indemnification shall survive the expiration or termination of this Agreement for a period of five years.,Duties regarding secrecy and paying for damages will last for five years after this contract ends.
Neither party shall issue any press release or public announcement relating to this Agreement without the other party's prior written consent.,Neither side can make public statements about this deal without the other's written permission.
"This Agreement may be terminated forthwith by the Purchaser unless distinctly stipulated elsewhere herein, provided that written notice is dispatched no less than thirty days prior to the effective date.","The buyer can end this contract immediately, unless the contract says otherwise, by sending a written warning at least 30 days in advance."
"All intellectual property rights developed during the term of this Agreement shall vest exclusively in the Licensor, to the fullest extent permitted by law.",The licensor will own all creative rights made during this contract to the full limit of the law.
This Agreement shall be binding upon and inure to the benefit of the parties hereto and their respective successors and assigns.,This contract applies to the parties and anyone who takes over their business or rights.
The rights and remedies provided in this Agreement are cumulative and not exclusive of any rights or remedies provided by law.,"The rights in this deal are added to any rights given by law, not replacing them."
"The Plaintiff makes no representations or warranties, express or implied, regarding the fitness for a particular purpose of the goods.",The plaintiff does not promise that the goods will work for any specific job.
"Nothing contained herein shall be construed to create a partnership, joint venture, or agency relationship between the Employer and the Employee.",This contract does not make the employer and worker partners or agents of each other.
The rights and remedies provided in this Agreement are cumulative and not exclusive of any rights or remedies provided by law.,"The rights in this deal are added to any rights given by law, not replacing them."
"No amendment, modification, or waiver of any provision of this Agreement shall be effective unless in writing and signed by both parties.",Changes to this contract are only valid if they are written down and signed by both sides.
"No amendment, modification, or waiver of any provision of this Agreement shall be effective unless in writing and signed by both parties.",Changes to this contract are only valid if they are written down and signed by both sides.
The headings and captions in this Agreement are for convenience only and shall not affect the interpretation or construction of this Agreement.,The titles in this document are just for easy reading and don't change the contract's meaning.
The obligations concerning confidentiality and indemnification shall survive the expiration or termination of this Agreement for a period of five years.,Duties regarding secrecy and paying for damages will last for five years after this contract ends.
The Employee shall maintain comprehensive general liability insurance with limits of not less than one million dollars per occurrence.,The worker must keep liability insurance covering at least one million dollars per incident.
"All intellectual property rights developed during the term of this Agreement shall vest exclusively in the Licensor, as far as the governing law permits.",The licensor will own all creative rights made during this contract to the full limit of the law.
"The Employee shall be responsible for all applicable federal, state, and local taxes arising from the transactions contemplated hereby, subject to all applicable laws and regulations.","The worker must pay all taxes related to this deal, obeying relevant laws."
The Lessee shall maintain comprehensive general liability insurance with limits of not less than one million dollars per occurrence.,The tenant must keep liability insurance covering at least one million dollars per incident.
"The Lessee shall be responsible for all applicable federal, state, and local taxes arising from the transactions contemplated hereby, adhering to relevant legal requirements.","The tenant must pay all taxes related to this deal, obeying relevant laws."
"for all disagreements connected to this bond, exclusive jurisdiction and venue shall lie within the courts of the State of Delaware.","If there is a fight about this deal, the courts in Delaware will be the only place to handle it."
The headings and captions in this Agreement are for convenience only and shall not affect the interpretation or construction of this Agreement.,The titles in this document are just for easy reading and don't change the contract's meaning.
The Lessee shall maintain comprehensive general liability insurance with limits of not less than one million dollars per occurrence.,The tenant must keep liability insurance covering at least one million dollars per incident.
"Neither party shall be liable for failure to perform obligations due to causes beyond their reasonable control, including acts of God, governed by valid enactments.","Neither side is responsible for missing work due to major disasters they can't control, following relevant laws."
"All intellectual property rights developed during the term of this Agreement shall vest exclusively in the Plaintiff, within the full bounds of the law.",The plaintiff will own all creative rights made during this contract to the full limit of the law.
The Employee may not subcontract any portion of the services to be performed hereunder without the Employer's prior written approval.,The worker cannot hire others to do the work without the employer's written okay.
Time is of the essence with respect to all obligations and performance dates specified in this Agreement.,Deadlines are very important for all tasks and dates in this deal.
The Indemnitee may not subcontract any portion of the services to be performed hereunder without the Indemnitor's prior written approval.,The protected party cannot hire others to do the work without the payer's written okay.
"The failure of the Indemnitor to enforce any right hereunder shall not constitute a waiver of such right, nor shall it preclude subsequent enforcement.",Just because the payer doesn't enforce a rule right away doesn't mean they lose the right to enforce it later.
"The failure of the Plaintiff to enforce any right hereunder shall not constitute a waiver of such right, nor shall it preclude subsequent enforcement.",Just because the plaintiff doesn't enforce a rule right away doesn't mean they lose the right to enforce it later.
"before utilizing any privileges granted herein, the Indemnitor shall have the right to inspect and audit the books and records of the Indemnitee during normal business hours.","Before using rights in this deal, the payer can check the protected party's records during standard work hours."
The rights and remedies provided in this Agreement are cumulative and not exclusive of any rights or remedies provided by law.,"The rights in this deal are added to any rights given by law, not replacing them."
"During the Term, the Disclosing Party shall be the sole and exclusive provider of the Services to the Receiving Party within the Territory.","While this contract lasts, only the sharer can provide these services to the receiver in this area."
The Employee shall maintain comprehensive general liability insurance with limits of not less than one million dollars per occurrence.,The worker must keep liability insurance covering at least one million dollars per incident.
Time is of the essence with respect to all obligations and performance dates specified in this Agreement.,Deadlines are very important for all tasks and dates in this deal.
"Upon termination, the Employee shall explicitly return all materials, equipment, and documents belonging to the Employer forthwith.","When the deal ends, the worker must immediately give back all of the employer's stuff and papers."
"This Agreement may be executed in counterparts, each of which shall be deemed an original, but all of which together shall constitute one and the same instrument.","This contract can be signed in separate copies, but they all count as one single agreement."
Each party shall execute and deliver such further instruments as may be reasonably necessary to carry out the intent of this Agreement.,Each side will sign any extra papers needed to make this agreement work.
"This Agreement may be executed in counterparts, each of which shall be deemed an original, but all of which together shall constitute one and the same instrument.","This contract can be signed in separate copies, but they all count as one single agreement."
"if any part of this text is judged legally void, the remaining portions shall remain in full force and effect, preserving the original intent of the parties.","If a court decides one part of this contract is broken, the rest of the contract stays valid and keeps the original meaning."
"All notices required hereunder shall be in writing and deemed effective upon receipt when sent via certified mail, return receipt requested.",All official alerts must be written and count as delivered when they arrive via certified mail.
"as a prerequisite to activating rights within this deal, the Employer shall have the right to inspect and audit the books and records of the Employee during normal business hours.","Before using rights in this deal, the employer can check the worker's records during standard work hours."
This Agreement shall be binding upon and inure to the benefit of the parties hereto and their respective successors and assigns.,This contract applies to the parties and anyone who takes over their business or rights.
"should a court deem any clause invalid, the remaining portions shall remain in full force and effect, preserving the original intent of the parties.","If a court decides one part of this contract is broken, the rest of the contract stays valid and keeps the original meaning."
This Agreement shall be binding upon and inure to the benefit of the parties hereto and their respective successors and assigns.,This contract applies to the parties and anyone who takes over their business or rights.
"All intellectual property rights developed during the term of this Agreement shall vest exclusively in the Plaintiff, to the widest scope authorized by legislation.",The plaintiff will own all creative rights made during this contract to the full limit of the law.
"Nothing contained herein shall be construed to create a partnership, joint venture, or agency relationship between the Lessor and the Lessee.",This contract does not make the landlord and tenant partners or agents of each other.
This Agreement shall be binding upon and inure to the benefit of the parties hereto and their respective successors and assigns.,This contract applies to the parties and anyone who takes over their business or rights.
"The Disclosing Party shall indemnify, defend, and hold harmless the Receiving Party from any and all claims, damages, or liabilities arising from the Disclosing Party's negligence, contingent upon statutory mandates.","The sharer must pay for any losses or legal issues the receiver faces because of the sharer's carelessness, as long as it follows the law."
"Upon termination, the Indemnitee shall explicitly return all materials, equipment, and documents belonging to the Indemnitor forthwith.","When the deal ends, the protected party must immediately give back all of the payer's stuff and papers."
"regarding any claims originating from this contract, exclusive jurisdiction and venue shall lie within the courts of the State of Delaware.","If there is a fight about this deal, the courts in Delaware will be the only place to handle it."
This Agreement shall be binding upon and inure to the benefit of the parties hereto and their respective successors and assigns.,This contract applies to the parties and anyone who takes over their business or rights.
Time is of the essence with respect to all obligations and performance dates specified in this Agreement.,Deadlines are very important for all tasks and dates in this deal.
The Defendant covenants to maintain the secrecy of the Proprietary Information and shall not disclose said data to third parties within the full bounds of the law.,The defendant promises to keep the private info secret and not share it with outsiders as much as the law allows.
"During the Term, the Vendor shall be the sole and exclusive provider of the Services to the Purchaser within the Territory.","While this contract lasts, only the seller can provide these services to the buyer in this area."
Time is of the essence with respect to all obligations and performance dates specified in this Agreement.,Deadlines are very important for all tasks and dates in this deal.
"All notices required hereunder shall be in writing and deemed effective upon receipt when sent via certified mail, return receipt requested.",All official alerts must be written and count as delivered when they arrive via certified mail.
"Nothing contained herein shall be construed to create a partnership, joint venture, or agency relationship between the Plaintiff and the Defendant.",This contract does not make the plaintiff and defendant partners or agents of each other.
The Lessee may not subcontract any portion of the services to be performed hereunder without the Lessor's prior written approval.,The tenant cannot hire others to do the work without the landlord's written okay.
The rights and remedies provided in this Agreement are cumulative and not exclusive of any rights or remedies provided by law.,"The rights in this deal are added to any rights given by law, not replacing them."
The obligations concerning confidentiality and indemnification shall survive the expiration or termination of this Agreement for a period of five years.,Duties regarding secrecy and paying for damages will last for five years after this contract ends.
"No amendment, modification, or waiver of any provision of this Agreement shall be effective unless in writing and signed by both parties.",Changes to this contract are only valid if they are written down and signed by both sides.
The Lessee shall maintain comprehensive general liability insurance with limits of not less than one million dollars per occurrence.,The tenant must keep liability insurance covering at least one million dollars per incident.
"This Agreement and the rights herein may not be assigned by the Indemnitee without the prior written consent of the Indemnitor, save for particular instances detailed within.","The protected party cannot transfer this contract to anyone else without the payer's written permission, unless this deal says otherwise."
"Nothing contained herein shall be construed to create a partnership, joint venture, or agency relationship between the Lessor and the Lessee.",This contract does not make the landlord and tenant partners or agents of each other.
The obligations concerning confidentiality and indemnification shall survive the expiration or termination of this Agreement for a period of five years.,Duties regarding secrecy and paying for damages will last for five years after this contract ends.
The rights and remedies provided in this Agreement are cumulative and not exclusive of any rights or remedies provided by law.,"The rights in this deal are added to any rights given by law, not replacing them."
"The Disclosing Party shall indemnify, defend, and hold harmless the Receiving Party from any and all claims, damages, or liabilities arising from the Disclosing Party's negligence, in compliance with pertinent statutes.","The sharer must pay for any losses or legal issues the receiver faces because of the sharer's carelessness, as long as it follows the law."
"before utilizing any privileges granted herein, the Vendor shall have the right to inspect and audit the books and records of the Purchaser during normal business hours.","Before using rights in this deal, the seller can check the buyer's records during standard work hours."
"All notices required hereunder shall be in writing and deemed effective upon receipt when sent via certified mail, return receipt requested.",All official alerts must be written and count as delivered when they arrive via certified mail.
"Nothing contained herein shall be construed to create a partnership, joint venture, or agency relationship between the Licensor and the Licensee.",This contract does not make the licensor and licensee partners or agents of each other.
"The Indemnitee shall be responsible for all applicable federal, state, and local taxes arising from the transactions contemplated hereby, adhering to relevant legal requirements.","The protected party must pay all taxes related to this deal, obeying relevant laws."
The rights and remedies provided in this Agreement are cumulative and not exclusive of any rights or remedies provided by law.,"The rights in this deal are added to any rights given by law, not replacing them."
"The failure of the Licensor to enforce any right hereunder shall not constitute a waiver of such right, nor shall it preclude subsequent enforcement.",Just because the licensor doesn't enforce a rule right away doesn't mean they lose the right to enforce it later.
"before utilizing any privileges granted herein, the Vendor shall have the right to inspect and audit the books and records of the Purchaser during normal business hours.","Before using rights in this deal, the seller can check the buyer's records during standard work hours."
Neither party shall issue any press release or public announcement relating to this Agreement without the other party's prior written consent.,Neither side can make public statements about this deal without the other's written permission.
Time is of the essence with respect to all obligations and performance dates specified in this Agreement.,Deadlines are very important for all tasks and dates in this deal.
"No amendment, modification, or waiver of any provision of this Agreement shall be effective unless in writing and signed by both parties.",Changes to this contract are only valid if they are written down and signed by both sides.
"before any contractual powers are exercised, the Vendor shall have the right to inspect and audit the books and records of the Purchaser during normal business hours.","Before using rights in this deal, the seller can check the buyer's records during standard work hours."
"before any contractual powers are exercised, the Employer shall have the right to inspect and audit the books and records of the Employee during normal business hours.","Before using rights in this deal, the employer can check the worker's records during standard work hours."
"This Agreement may be terminated forthwith by the Lessee unless distinctly stipulated elsewhere herein, provided that written notice is dispatched no less than thirty days prior to the effective date.","The tenant can end this contract immediately, unless the contract says otherwise, by sending a written warning at least 30 days in advance."
"Nothing contained herein shall be construed to create a partnership, joint venture, or agency relationship between the Employer and the Employee.",This contract does not make the employer and worker partners or agents of each other.
"This Agreement may be terminated forthwith by the Lessee unless distinctly stipulated elsewhere herein, provided that written notice is dispatched no less than thirty days prior to the effective date.","The tenant can end this contract immediately, unless the contract says otherwise, by sending a written warning at least 30 days in advance."
The headings and captions in this Agreement are for convenience only and shall not affect the interpretation or construction of this Agreement.,The titles in this document are just for easy reading and don't change the contract's meaning.
Neither party shall issue any press release or public announcement relating to this Agreement without the other party's prior written consent.,Neither side can make public statements about this deal without the other's written permission.
"No amendment, modification, or waiver of any provision of this Agreement shall be effective unless in writing and signed by both parties.",Changes to this contract are only valid if they are written down and signed by both sides.
"Payment shall be remitted by the Indemnitee within thirty (30) days of the invoice date, and late payments shall incur interest at a rate of 1.5% per month.","The protected party must pay within 30 days of the bill, and late payments will include a 1.5% monthly interest fee."
Time is of the essence with respect to all obligations and performance dates specified in this Agreement.,Deadlines are very important for all tasks and dates in this deal.
"in the event of a legal conflict stemming from this deal, exclusive jurisdiction and venue shall lie within the courts of the State of Delaware.","If there is a fight about this deal, the courts in Delaware will be the only place to handle it."
"if any dispute arises out of or relates to this agreement, exclusive jurisdiction and venue shall lie within the courts of the State of Delaware.","If there is a fight about this deal, the courts in Delaware will be the only place to handle it."
"prior to the enforcement of any claims under this pact, the Plaintiff shall have the right to inspect and audit the books and records of the Defendant during normal business hours.","Before using rights in this deal, the plaintiff can check the defendant's records during standard work hours."
Time is of the essence with respect to all obligations and performance dates specified in this Agreement.,Deadlines are very important for all tasks and dates in this deal.
The headings and captions in this Agreement are for convenience only and shall not affect the interpretation or construction of this Agreement.,The titles in this document are just for easy reading and don't change the contract's meaning.
"All notices required hereunder shall be in writing and deemed effective upon receipt when sent via certified mail, return receipt requested.",All official alerts must be written and count as delivered when they arrive via certified mail.
"This Agreement and the rights herein may not be assigned by the Defendant without the prior written consent of the Plaintiff, barring specific exclusions noted in this text.","The defendant cannot transfer this contract to anyone else without the plaintiff's written permission, unless this deal says otherwise."
"Neither party shall be liable for failure to perform obligations due to causes beyond their reasonable control, including acts of God, governed by valid enactments.","Neither side is responsible for missing work due to major disasters they can't control, following relevant laws."
"The Disclosing Party makes no representations or warranties, express or implied, regarding the fitness for a particular purpose of the goods.",The sharer does not promise that the goods will work for any specific job.
"This instrument embodies the entire agreement between the parties and supersedes all prior negotiations, understandings, and representations.",This document contains the whole deal and replaces any previous talks or promises.
"This Agreement may be executed in counterparts, each of which shall be deemed an original, but all of which together shall constitute one and the same instrument.","This contract can be signed in separate copies, but they all count as one single agreement."
"Upon termination, the Employee shall explicitly return all materials, equipment, and documents belonging to the Employer forthwith.","When the deal ends, the worker must immediately give back all of the employer's stuff and papers."
"before any contractual powers are exercised, the Lessor shall have the right to inspect and audit the books and records of the Lessee during normal business hours.","Before using rights in this deal, the landlord can check the tenant's records during standard work hours."
The obligations concerning confidentiality and indemnification shall survive the expiration or termination of this Agreement for a period of five years.,Duties regarding secrecy and paying for damages will last for five years after this contract ends.
"if a tribunal finds a section void, the remaining portions shall remain in full force and effect, preserving the original intent of the parties.","If a court decides one part of this contract is broken, the rest of the contract stays valid and keeps the original meaning."
The Lessee covenants to maintain the secrecy of the Proprietary Information and shall not disclose said data to third parties to the widest scope authorized by legislation.,The tenant promises to keep the private info secret and not share it with outsiders as much as the law allows.
"No amendment, modification, or waiver of any provision of this Agreement shall be effective unless in writing and signed by both parties.",Changes to this contract are only valid if they are written down and signed by both sides.
Neither party shall issue any press release or public announcement relating to this Agreement without the other party's prior written consent.,Neither side can make public statements about this deal without the other's written permission.
The Purchaser may not subcontract any portion of the services to be performed hereunder without the Vendor's prior written approval.,The buyer cannot hire others to do the work without the seller's written okay.
Time is of the essence with respect to all obligations and performance dates specified in this Agreement.,Deadlines are very important for all tasks and dates in this deal.
Neither party shall issue any press release or public announcement relating to this Agreement without the other party's prior written consent.,Neither side can make public statements about this deal without the other's written permission.
"The Disclosing Party shall indemnify, defend, and hold harmless the Receiving Party from any and all claims, damages, or liabilities arising from the Disclosing Party's negligence, adhering to relevant legal requirements.","The sharer must pay for any losses or legal issues the receiver faces because of the sharer's carelessness, as long as it follows the law."
The Lessee covenants to maintain the secrecy of the Proprietary Information and shall not disclose said data to third parties as far as the governing law permits.,The tenant promises to keep the private info secret and not share it with outsiders as much as the law allows.
Time is of the essence with respect to all obligations and performance dates specified in this Agreement.,Deadlines are very important for all tasks and dates in this deal.
The headings and captions in this Agreement are for convenience only and shall not affect the interpretation or construction of this Agreement.,The titles in this document are just for easy reading and don't change the contract's meaning.
"This instrument embodies the entire agreement between the parties and supersedes all prior negotiations, understandings, and representations.",This document contains the whole deal and replaces any previous talks or promises.
"Nothing contained herein shall be construed to create a partnership, joint venture, or agency relationship between the Vendor and the Purchaser.",This contract does not make the seller and buyer partners or agents of each other.
"Nothing contained herein shall be construed to create a partnership, joint venture, or agency relationship between the Indemnitor and the Indemnitee.",This contract does not make the payer and protected party partners or agents of each other.
"During the Term, the Employer shall be the sole and exclusive provider of the Services to the Employee within the Territory.","While this contract lasts, only the employer can provide these services to the worker in this area."
Each party shall execute and deliver such further instruments as may be reasonably necessary to carry out the intent of this Agreement.,Each side will sign any extra papers needed to make this agreement work.
"All intellectual property rights developed during the term of this Agreement shall vest exclusively in the Indemnitor, to the fullest extent permitted by law.",The payer will own all creative rights made during this contract to the full limit of the law.
"if any part of this text is judged legally void, the remaining portions shall remain in full force and effect, preserving the original intent of the parties.","If a court decides one part of this contract is broken, the rest of the contract stays valid and keeps the original meaning."
"All intellectual property rights developed during the term of this Agreement shall vest exclusively in the Lessor, to the fullest extent permitted by law.",The landlord will own all creative rights made during this contract to the full limit of the law.
"The Purchaser shall be responsible for all applicable federal, state, and local taxes arising from the transactions contemplated hereby, in compliance with pertinent statutes.","The buyer must pay all taxes related to this deal, obeying relevant laws."
"The Indemnitee shall be responsible for all applicable federal, state, and local taxes arising from the transactions contemplated hereby, governed by valid enactments.","The protected party must pay all taxes related to this deal, obeying relevant laws."
"if any part of this text is judged legally void, the remaining portions shall remain in full force and effect, preserving the original intent of the parties.","If a court decides one part of this contract is broken, the rest of the contract stays valid and keeps the original meaning."
"The failure of the Disclosing Party to enforce any right hereunder shall not constitute a waiver of such right, nor shall it preclude subsequent enforcement.",Just because the sharer doesn't enforce a rule right away doesn't mean they lose the right to enforce it later.
"This Agreement may be executed in counterparts, each of which shall be deemed an original, but all of which together shall constitute one and the same instrument.","This contract can be signed in separate copies, but they all count as one single agreement."
"Neither party shall be liable for failure to perform obligations due to causes beyond their reasonable control, including acts of God, contingent upon statutory mandates.","Neither side is responsible for missing work due to major disasters they can't control, following relevant laws."
This Agreement shall be binding upon and inure to the benefit of the parties hereto and their respective successors and assigns.,This contract applies to the parties and anyone who takes over their business or rights.
The obligations concerning confidentiality and indemnification shall survive the expiration or termination of this Agreement for a period of five years.,Duties regarding secrecy and paying for damages will last for five years after this contract ends.
The Indemnitee shall maintain comprehensive general liability insurance with limits of not less than one million dollars per occurrence.,The protected party must keep liability insurance covering at least one million dollars per incident.
This Agreement shall be binding upon and inure to the benefit of the parties hereto and their respective successors and assigns.,This contract applies to the parties and anyone who takes over their business or rights.
"Payment shall be remitted by the Lessee within thirty (30) days of the invoice date, and late payments shall incur interest at a rate of 1.5% per month.","The tenant must pay within 30 days of the bill, and late payments will include a 1.5% monthly interest fee."
"All intellectual property rights developed during the term of this Agreement shall vest exclusively in the Lessor, to the fullest extent permitted by law.",The landlord will own all creative rights made during this contract to the full limit of the law.
This Agreement shall be binding upon and inure to the benefit of the parties hereto and their respective successors and assigns.,This contract applies to the parties and anyone who takes over their business or rights.
"Nothing contained herein shall be construed to create a partnership, joint venture, or agency relationship between the Vendor and the Purchaser.",This contract does not make the seller and buyer partners or agents of each other.
The Indemnitee may not subcontract any portion of the services to be performed hereunder without the Indemnitor's prior written approval.,The protected party cannot hire others to do the work without the payer's written okay.
"The Employer shall indemnify, defend, and hold harmless the Employee from any and all claims, damages, or liabilities arising from the Employer's negligence, in compliance with pertinent statutes.","The employer must pay for any losses or legal issues the worker faces because of the employer's carelessness, as long as it follows the law."
"Upon termination, the Receiving Party shall explicitly return all materials, equipment, and documents belonging to the Disclosing Party forthwith.","When the deal ends, the receiver must immediately give back all of the sharer's stuff and papers."
"The failure of the Vendor to enforce any right hereunder shall not constitute a waiver of such right, nor shall it preclude subsequent enforcement.",Just because the seller doesn't enforce a rule right away doesn't mean they lose the right to enforce it later.
The rights and remedies provided in this Agreement are cumulative and not exclusive of any rights or remedies provided by law.,"The rights in this deal are added to any rights given by law, not replacing them."
"if any part of this text is judged legally void, the remaining portions shall remain in full force and effect, preserving the original intent of the parties.","If a court decides one part of this contract is broken, the rest of the contract stays valid and keeps the original meaning."
"The Employee agrees not to solicit, recruit, or hire any employee of the Employer for a period of twelve months following termination.",The worker agrees not to try to hire the employer's workers for one year after the contract ends.
"before any contractual powers are exercised, the Indemnitor shall have the right to inspect and audit the books and records of the Indemnitee during normal business hours.","Before using rights in this deal, the payer can check the protected party's records during standard work hours."
"Nothing contained herein shall be construed to create a partnership, joint venture, or agency relationship between the Indemnitor and the Indemnitee.",This contract does not make the payer and protected party partners or agents of each other.
"Payment shall be remitted by the Receiving Party within thirty (30) days of the invoice date, and late payments shall incur interest at a rate of 1.5% per month.","The receiver must pay within 30 days of the bill, and late payments will include a 1.5% monthly interest fee."
"Nothing contained herein shall be construed to create a partnership, joint venture, or agency relationship between the Vendor and the Purchaser.",This contract does not make the seller and buyer partners or agents of each other.
"Neither party shall be liable for failure to perform obligations due to causes beyond their reasonable control, including acts of God, adhering to relevant legal requirements.","Neither side is responsible for missing work due to major disasters they can't control, following relevant laws."
The Licensee shall maintain comprehensive general liability insurance with limits of not less than one million dollars per occurrence.,The licensee must keep liability insurance covering at least one million dollars per incident.
"Upon termination, the Receiving Party shall explicitly return all materials, equipment, and documents belonging to the Disclosing Party forthwith.","When the deal ends, the receiver must immediately give back all of the sharer's stuff and papers."
"The Licensor makes no representations or warranties, express or implied, regarding the fitness for a particular purpose of the goods.",The licensor does not promise that the goods will work for any specific job.
Neither party shall issue any press release or public announcement relating to this Agreement without the other party's prior written consent.,Neither side can make public statements about this deal without the other's written permission.
"This instrument embodies the entire agreement between the parties and supersedes all prior negotiations, understandings, and representations.",This document contains the whole deal and replaces any previous talks or promises.
The obligations concerning confidentiality and indemnification shall survive the expiration or termination of this Agreement for a period of five years.,Duties regarding secrecy and paying for damages will last for five years after this contract ends.
Each party shall execute and deliver such further instruments as may be reasonably necessary to carry out the intent of this Agreement.,Each side will sign any extra papers needed to make this agreement work.
The headings and captions in this Agreement are for convenience only and shall not affect the interpretation or construction of this Agreement.,The titles in this document are just for easy reading and don't change the contract's meaning.
"This Agreement may be executed in counterparts, each of which shall be deemed an original, but all of which together shall constitute one and the same instrument.","This contract can be signed in separate copies, but they all count as one single agreement."
"The Indemnitor shall indemnify, defend, and hold harmless the Indemnitee from any and all claims, damages, or liabilities arising from the Indemnitor's negligence, in compliance with pertinent statutes.","The payer must pay for any losses or legal issues the protected party faces because of the payer's carelessness, as long as it follows the law."
"The Lessee agrees not to solicit, recruit, or hire any employee of the Lessor for a period of twelve months following termination.",The tenant agrees not to try to hire the landlord's workers for one year after the contract ends.
"This Agreement may be terminated forthwith by the Indemnitee unless distinctly stipulated elsewhere herein, provided that written notice is dispatched no less than thirty days prior to the effective date.","The protected party can end this contract immediately, unless the contract says otherwise, by sending a written warning at least 30 days in advance."
The rights and remedies provided in this Agreement are cumulative and not exclusive of any rights or remedies provided by law.,"The rights in this deal are added to any rights given by law, not replacing them."
"No amendment, modification, or waiver of any provision of this Agreement shall be effective unless in writing and signed by both parties.",Changes to this contract are only valid if they are written down and signed by both sides.
"During the Term, the Licensor shall be the sole and exclusive provider of the Services to the Licensee within the Territory.","While this contract lasts, only the licensor can provide these services to the licensee in this area."
The Defendant shall maintain comprehensive general liability insurance with limits of not less than one million dollars per occurrence.,The defendant must keep liability insurance covering at least one million dollars per incident.
The Receiving Party may not subcontract any portion of the services to be performed hereunder without the Disclosing Party's prior written approval.,The receiver cannot hire others to do the work without the sharer's written okay.
The headings and captions in this Agreement are for convenience only and shall not affect the interpretation or construction of this Agreement.,The titles in this document are just for easy reading and don't change the contract's meaning.
"This Agreement and the rights herein may not be assigned by the Employee without the prior written consent of the Employer, barring specific exclusions noted in this text.","The worker cannot transfer this contract to anyone else without the employer's written permission, unless this deal says otherwise."
The headings and captions in this Agreement are for convenience only and shall not affect the interpretation or construction of this Agreement.,The titles in this document are just for easy reading and don't change the contract's meaning.
Neither party shall issue any press release or public announcement relating to this Agreement without the other party's prior written consent.,Neither side can make public statements about this deal without the other's written permission.
"for all disagreements connected to this bond, exclusive jurisdiction and venue shall lie within the courts of the State of Delaware.","If there is a fight about this deal, the courts in Delaware will be the only place to handle it."
"This Agreement may be terminated forthwith by the Licensee except as otherwise expressly provided in this agreement, provided that written notice is dispatched no less than thirty days prior to the effective date.","The licensee can end this contract immediately, unless the contract says otherwise, by sending a written warning at least 30 days in advance."
The headings and captions in this Agreement are for convenience only and shall not affect the interpretation or construction of this Agreement.,The titles in this document are just for easy reading and don't change the contract's meaning.
The Lessee shall maintain comprehensive general liability insurance with limits of not less than one million dollars per occurrence.,The tenant must keep liability insurance covering at least one million dollars per incident.
"This Agreement may be terminated forthwith by the Licensee unless stated otherwise in this document, provided that written notice is dispatched no less than thirty days prior to the effective date.","The licensee can end this contract immediately, unless the contract says otherwise, by sending a written warning at least 30 days in advance."
"Neither party shall be liable for failure to perform obligations due to causes beyond their reasonable control, including acts of God, governed by valid enactments.","Neither side is responsible for missing work due to major disasters they can't control, following relevant laws."
"The Employee shall be responsible for all applicable federal, state, and local taxes arising from the transactions contemplated hereby, in compliance with pertinent statutes.","The worker must pay all taxes related to this deal, obeying relevant laws."
The Lessee covenants to maintain the secrecy of the Proprietary Information and shall not disclose said data to third parties to the maximum range allowed by statute.,The tenant promises to keep the private info secret and not share it with outsiders as much as the law allows.
"Upon termination, the Defendant shall explicitly return all materials, equipment, and documents belonging to the Plaintiff forthwith.","When the deal ends, the defendant must immediately give back all of the plaintiff's stuff and papers."
"No amendment, modification, or waiver of any provision of this Agreement shall be effective unless in writing and signed by both parties.",Changes to this contract are only valid if they are written down and signed by both sides.
"This instrument embodies the entire agreement between the parties and supersedes all prior negotiations, understandings, and representations.",This document contains the whole deal and replaces any previous talks or promises.
The obligations concerning confidentiality and indemnification shall survive the expiration or termination of this Agreement for a period of five years.,Duties regarding secrecy and paying for damages will last for five years after this contract ends.
"During the Term, the Employer shall be the sole and exclusive provider of the Services to the Employee within the Territory.","While this contract lasts, only the employer can provide these services to the worker in this area."
The rights and remedies provided in this Agreement are cumulative and not exclusive of any rights or remedies provided by law.,"The rights in this deal are added to any rights given by law, not replacing them."
"No amendment, modification, or waiver of any provision of this Agreement shall be effective unless in writing and signed by both parties.",Changes to this contract are only valid if they are written down and signed by both sides.
This Agreement shall be binding upon and inure to the benefit of the parties hereto and their respective successors and assigns.,This contract applies to the parties and anyone who takes over their business or rights.
"This Agreement may be terminated forthwith by the Licensee unless stated otherwise in this document, provided that written notice is dispatched no less than thirty days prior to the effective date.","The licensee can end this contract immediately, unless the contract says otherwise, by sending a written warning at least 30 days in advance."
"All notices required hereunder shall be in writing and deemed effective upon receipt when sent via certified mail, return receipt requested.",All official alerts must be written and count as delivered when they arrive via certified mail.
"This Agreement may be executed in counterparts, each of which shall be deemed an original, but all of which together shall constitute one and the same instrument.","This contract can be signed in separate copies, but they all count as one single agreement."
"All intellectual property rights developed during the term of this Agreement shall vest exclusively in the Indemnitor, to the fullest extent permitted by law.",The payer will own all creative rights made during this contract to the full limit of the law.
"The Indemnitor shall indemnify, defend, and hold harmless the Indemnitee from any and all claims, damages, or liabilities arising from the Indemnitor's negligence, subject to all applicable laws and regulations.","The payer must pay for any losses or legal issues the protected party faces because of the payer's carelessness, as long as it follows the law."
"in the event a term is ruled ineffective, the remaining portions shall remain in full force and effect, preserving the original intent of the parties.","If a court decides one part of this contract is broken, the rest of the contract stays valid and keeps the original meaning."
"Nothing contained herein shall be construed to create a partnership, joint venture, or agency relationship between the Indemnitor and the Indemnitee.",This contract does not make the payer and protected party partners or agents of each other.
"as a prerequisite to activating rights within this deal, the Licensor shall have the right to inspect and audit the books and records of the Licensee during normal business hours.","Before using rights in this deal, the licensor can check the licensee's records during standard work hours."
"in the event of a legal conflict stemming from this deal, exclusive jurisdiction and venue shall lie within the courts of the State of Delaware.","If there is a fight about this deal, the courts in Delaware will be the only place to handle it."
"prior to the enforcement of any claims under this pact, the Indemnitor shall have the right to inspect and audit the books and records of the Indemnitee during normal business hours.","Before using rights in this deal, the payer can check the protected party's records during standard work hours."
"before utilizing any privileges granted herein, the Lessor shall have the right to inspect and audit the books and records of the Lessee during normal business hours.","Before using rights in this deal, the landlord can check the tenant's records during standard work hours."
"All intellectual property rights developed during the term of this Agreement shall vest exclusively in the Indemnitor, to the fullest extent permitted by law.",The payer will own all creative rights made during this contract to the full limit of the law.
"The Licensor shall indemnify, defend, and hold harmless the Licensee from any and all claims, damages, or liabilities arising from the Licensor's negligence, in compliance with pertinent statutes.","The licensor must pay for any losses or legal issues the licensee faces because of the licensor's carelessness, as long as it follows the law."
"as a condition precedent to the exercise of any rights under this agreement, the Employer shall have the right to inspect and audit the books and records of the Employee during normal business hours.","Before using rights in this deal, the employer can check the worker's records during standard work hours."
The Defendant shall maintain comprehensive general liability insurance with limits of not less than one million dollars per occurrence.,The defendant must keep liability insurance covering at least one million dollars per incident.
"The Lessee agrees not to solicit, recruit, or hire any employee of the Lessor for a period of twelve months following termination.",The tenant agrees not to try to hire the landlord's workers for one year after the contract ends.
This Agreement shall be binding upon and inure to the benefit of the parties hereto and their respective successors and assigns.,This contract applies to the parties and anyone who takes over their business or rights.
"regarding any claims originating from this contract, exclusive jurisdiction and venue shall lie within the courts of the State of Delaware.","If there is a fight about this deal, the courts in Delaware will be the only place to handle it."
Each party shall execute and deliver such further instruments as may be reasonably necessary to carry out the intent of this Agreement.,Each side will sign any extra papers needed to make this agreement work.
Each party shall execute and deliver such further instruments as may be reasonably necessary to carry out the intent of this Agreement.,Each side will sign any extra papers needed to make this agreement work.
"Neither party shall be liable for failure to perform obligations due to causes beyond their reasonable control, including acts of God, in compliance with pertinent statutes.","Neither side is responsible for missing work due to major disasters they can't control, following relevant laws."
"This Agreement and the rights herein may not be assigned by the Lessee without the prior written consent of the Lessor, barring specific exclusions noted in this text.","The tenant cannot transfer this contract to anyone else without the landlord's written permission, unless this deal says otherwise."
Each party shall execute and deliver such further instruments as may be reasonably necessary to carry out the intent of this Agreement.,Each side will sign any extra papers needed to make this agreement work.
"The Indemnitee shall be responsible for all applicable federal, state, and local taxes arising from the transactions contemplated hereby, subject to all applicable laws and regulations.","The protected party must pay all taxes related to this deal, obeying relevant laws."
"This Agreement may be executed in counterparts, each of which shall be deemed an original, but all of which together shall constitute one and the same instrument.","This contract can be signed in separate copies, but they all count as one single agreement."
"if a tribunal finds a section void, the remaining portions shall remain in full force and effect, preserving the original intent of the parties.","If a court decides one part of this contract is broken, the rest of the contract stays valid and keeps the original meaning."
"Upon termination, the Lessee shall explicitly return all materials, equipment, and documents belonging to the Lessor forthwith.","When the deal ends, the tenant must immediately give back all of the landlord's stuff and papers."
Each party shall execute and deliver such further instruments as may be reasonably necessary to carry out the intent of this Agreement.,Each side will sign any extra papers needed to make this agreement work.
Neither party shall issue any press release or public announcement relating to this Agreement without the other party's prior written consent.,Neither side can make public statements about this deal without the other's written permission.
"The Receiving Party shall be responsible for all applicable federal, state, and local taxes arising from the transactions contemplated hereby, adhering to relevant legal requirements.","The receiver must pay all taxes related to this deal, obeying relevant laws."
The obligations concerning confidentiality and indemnification shall survive the expiration or termination of this Agreement for a period of five years.,Duties regarding secrecy and paying for damages will last for five years after this contract ends.
"This Agreement may be terminated forthwith by the Licensee barring specific exclusions noted in this text, provided that written notice is dispatched no less than thirty days prior to the effective date.","The licensee can end this contract immediately, unless the contract says otherwise, by sending a written warning at least 30 days in advance."
The Lessee shall maintain comprehensive general liability insurance with limits of not less than one million dollars per occurrence.,The tenant must keep liability insurance covering at least one million dollars per incident.
"Nothing contained herein shall be construed to create a partnership, joint venture, or agency relationship between the Vendor and the Purchaser.",This contract does not make the seller and buyer partners or agents of each other.
Neither party shall issue any press release or public announcement relating to this Agreement without the other party's prior written consent.,Neither side can make public statements about this deal without the other's written permission.
The headings and captions in this Agreement are for convenience only and shall not affect the interpretation or construction of this Agreement.,The titles in this document are just for easy reading and don't change the contract's meaning.
Time is of the essence with respect to all obligations and performance dates specified in this Agreement.,Deadlines are very important for all tasks and dates in this deal.
"should a court deem any clause invalid, the remaining portions shall remain in full force and effect, preserving the original intent of the parties.","If a court decides one part of this contract is broken, the rest of the contract stays valid and keeps the original meaning."
"Neither party shall be liable for failure to perform obligations due to causes beyond their reasonable control, including acts of God, in compliance with pertinent statutes.","Neither side is responsible for missing work due to major disasters they can't control, following relevant laws."
The rights and remedies provided in this Agreement are cumulative and not exclusive of any rights or remedies provided by law.,"The rights in this deal are added to any rights given by law, not replacing them."
The headings and captions in this Agreement are for convenience only and shall not affect the interpretation or construction of this Agreement.,The titles in this document are just for easy reading and don't change the contract's meaning.
"This Agreement and the rights herein may not be assigned by the Purchaser without the prior written consent of the Vendor, save for particular instances detailed within.","The buyer cannot transfer this contract to anyone else without the seller's written permission, unless this deal says otherwise."
"This Agreement may be terminated forthwith by the Licensee except as otherwise expressly provided in this agreement, provided that written notice is dispatched no less than thirty days prior to the effective date.","The licensee can end this contract immediately, unless the contract says otherwise, by sending a written warning at least 30 days in advance."
"No amendment, modification, or waiver of any provision of this Agreement shall be effective unless in writing and signed by both parties.",Changes to this contract are only valid if they are written down and signed by both sides.
"Upon termination, the Purchaser shall explicitly return all materials, equipment, and documents belonging to the Vendor forthwith.","When the deal ends, the buyer must immediately give back all of the seller's stuff and papers."
Time is of the essence with respect to all obligations and performance dates specified in this Agreement.,Deadlines are very important for all tasks and dates in this deal.
"The Vendor makes no representations or warranties, express or implied, regarding the fitness for a particular purpose of the goods.",The seller does not promise that the goods will work for any specific job.
"in the event of a legal conflict stemming from this deal, exclusive jurisdiction and venue shall lie within the courts of the State of Delaware.","If there is a fight about this deal, the courts in Delaware will be the only place to handle it."
"in the event a term is ruled ineffective, the remaining portions shall remain in full force and effect, preserving the original intent of the parties.","If a court decides one part of this contract is broken, the rest of the contract stays valid and keeps the original meaning."
"Nothing contained herein shall be construed to create a partnership, joint venture, or agency relationship between the Lessor and the Lessee.",This contract does not make the landlord and tenant partners or agents of each other.
"Nothing contained herein shall be construed to create a partnership, joint venture, or agency relationship between the Disclosing Party and the Receiving Party.",This contract does not make the sharer and receiver partners or agents of each other.
Each party shall execute and deliver such further instruments as may be reasonably necessary to carry out the intent of this Agreement.,Each side will sign any extra papers needed to make this agreement work.
The Indemnitee covenants to maintain the secrecy of the Proprietary Information and shall not disclose said data to third parties within the full bounds of the law.,The protected party promises to keep the private info secret and not share it with outsiders as much as the law allows.
"No amendment, modification, or waiver of any provision of this Agreement shall be effective unless in writing and signed by both parties.",Changes to this contract are only valid if they are written down and signed by both sides.
The obligations concerning confidentiality and indemnification shall survive the expiration or termination of this Agreement for a period of five years.,Duties regarding secrecy and paying for damages will last for five years after this contract ends.
The Lessee may not subcontract any portion of the services to be performed hereunder without the Lessor's prior written approval.,The tenant cannot hire others to do the work without the landlord's written okay.
"in the event a term is ruled ineffective, the remaining portions shall remain in full force and effect, preserving the original intent of the parties.","If a court decides one part of this contract is broken, the rest of the contract stays valid and keeps the original meaning."
"Payment shall be remitted by the Receiving Party within thirty (30) days of the invoice date, and late payments shall incur interest at a rate of 1.5% per month.","The receiver must pay within 30 days of the bill, and late payments will include a 1.5% monthly interest fee."
"The Indemnitee shall be responsible for all applicable federal, state, and local taxes arising from the transactions contemplated hereby, governed by valid enactments.","The protected party must pay all taxes related to this deal, obeying relevant laws."
"Payment shall be remitted by the Purchaser within thirty (30) days of the invoice date, and late payments shall incur interest at a rate of 1.5% per month.","The buyer must pay within 30 days of the bill, and late payments will include a 1.5% monthly interest fee."
"Nothing contained herein shall be construed to create a partnership, joint venture, or agency relationship between the Lessor and the Lessee.",This contract does not make the landlord and tenant partners or agents of each other.
The headings and captions in this Agreement are for convenience only and shall not affect the interpretation or construction of this Agreement.,The titles in this document are just for easy reading and don't change the contract's meaning.
This Agreement shall be binding upon and inure to the benefit of the parties hereto and their respective successors and assigns.,This contract applies to the parties and anyone who takes over their business or rights.
"This Agreement and the rights herein may not be assigned by the Defendant without the prior written consent of the Plaintiff, save for particular instances detailed within.","The defendant cannot transfer this contract to anyone else without the plaintiff's written permission, unless this deal says otherwise."
The Defendant shall maintain comprehensive general liability insurance with limits of not less than one million dollars per occurrence.,The defendant must keep liability insurance covering at least one million dollars per incident.
"The Lessee shall be responsible for all applicable federal, state, and local taxes arising from the transactions contemplated hereby, pursuant to governing ordinances.","The tenant must pay all taxes related to this deal, obeying relevant laws."
Neither party shall issue any press release or public announcement relating to this Agreement without the other party's prior written consent.,Neither side can make public statements about this deal without the other's written permission.
Time is of the essence with respect to all obligations and performance dates specified in this Agreement.,Deadlines are very important for all tasks and dates in this deal.
"The failure of the Vendor to enforce any right hereunder shall not constitute a waiver of such right, nor shall it preclude subsequent enforcement.",Just because the seller doesn't enforce a rule right away doesn't mean they lose the right to enforce it later.
"All intellectual property rights developed during the term of this Agreement shall vest exclusively in the Plaintiff, to the fullest extent permitted by law.",The plaintiff will own all creative rights made during this contract to the full limit of the law.
This Agreement shall be binding upon and inure to the benefit of the parties hereto and their respective successors and assigns.,This contract applies to the parties and anyone who takes over their business or rights.
Neither party shall issue any press release or public announcement relating to this Agreement without the other party's prior written consent.,Neither side can make public statements about this deal without the other's written permission.
The Licensee may not subcontract any portion of the services to be performed hereunder without the Licensor's prior written approval.,The licensee cannot hire others to do the work without the licensor's written okay.
"No amendment, modification, or waiver of any provision of this Agreement shall be effective unless in writing and signed by both parties.",Changes to this contract are only valid if they are written down and signed by both sides.
"Payment shall be remitted by the Defendant within thirty (30) days of the invoice date, and late payments shall incur interest at a rate of 1.5% per month.","The defendant must pay within 30 days of the bill, and late payments will include a 1.5% monthly interest fee."
"The Licensor makes no representations or warranties, express or implied, regarding the fitness for a particular purpose of the goods.",The licensor does not promise that the goods will work for any specific job.
The rights and remedies provided in this Agreement are cumulative and not exclusive of any rights or remedies provided by law.,"The rights in this deal are added to any rights given by law, not replacing them."
"All notices required hereunder shall be in writing and deemed effective upon receipt when sent via certified mail, return receipt requested.",All official alerts must be written and count as delivered when they arrive via certified mail.
The Lessee may not subcontract any portion of the services to be performed hereunder without the Lessor's prior written approval.,The tenant cannot hire others to do the work without the landlord's written okay.
The obligations concerning confidentiality and indemnification shall survive the expiration or termination of this Agreement for a period of five years.,Duties regarding secrecy and paying for damages will last for five years after this contract ends.
"The failure of the Employer to enforce any right hereunder shall not constitute a waiver of such right, nor shall it preclude subsequent enforcement.",Just because the employer doesn't enforce a rule right away doesn't mean they lose the right to enforce it later.
Each party shall execute and deliver such further instruments as may be reasonably necessary to carry out the intent of this Agreement.,Each side will sign any extra papers needed to make this agreement work.
"This instrument embodies the entire agreement between the parties and supersedes all prior negotiations, understandings, and representations.",This document contains the whole deal and replaces any previous talks or promises.
"In the 3rd hour, we will delve into our first case, which comes courtesy of Professor Pamela Karlan's course in torts.","In the 3rd hour, we will explore our first case, which comes from Professor Pamela Karlan's course in torts."
"We consider whether a law enforcement official can, consistent with the Fourth Amendment, attempt to stop a fleeing motorist from continuing his public-endangering flight by ramming the motorist's car from behind.","We consider whether a law enforcement official can, consistent with the Fourth Amendment protection against unreasonable searches and seizures, attempt to stop a fleeing driver from continuing his dangerous flight by ramming the driver's car from behind."
The deputy activated his blue flashing lights indicating that respondent should pull over.,The deputy turned on his blue flashing lights indicating that the defendant should pull over.
"Instead, respondent sped away, initiating a chase down what is in most portions a two-lane road, at speeds exceeding 85 miles per hour.","Instead, the defendant sped away, starting a chase down what is mostly a two-lane road, at speeds exceeding 85 miles per hour."
Respondent was badly injured and was rendered a quadriplegic.,The defendant was badly injured and became a quadriplegic.
"Respondent filed suit against Deputy Scott and others under Rev. Stat. § 1979, 42 U.S.C. § 1983, alleging, inter alia, a violation of his federal constitutional rights, viz. use of excessive force resulting in an unreasonable seizure under the Fourth Amendment.","The defendant filed a lawsuit against Deputy Scott and others under Revised Statutes section 1979, Title 42 of the United States Code section 1983, claiming, among other things, a violation of his federal constitutional rights, namely use of excessive force resulting in an unreasonable seizure under the Fourth Amendment."
"In response, Scott filed a motion for summary judgment based on an assertion of qualified immunity.","In response, Scott filed a request for a decision without trial based on a claim of limited protection from lawsuits."
"In resolving questions of qualified immunity, courts are required to resolve a ""threshold question: Taken in the light most favorable to the party asserting the injury, do the facts alleged show the officer's conduct violated a constitutional right.""","In resolving questions of limited protection from lawsuits, courts are required to resolve a ""threshold question: Viewing the facts in favor of the person claiming the injury, do the facts claimed show the officer's conduct violated a constitutional right."""
"As this case was decided on summary judgment, there have not yet been factual findings by a judge or jury, and respondent's version of events (unsurprisingly) differs substantially from Scott's version.","As this case was decided on a motion for decision without trial, there have not yet been factual findings by a judge or jury, and the defendant's version of events (unsurprisingly) differs substantially from Scott's version."
"In qualified immunity cases, this usually means adopting (as the Court of Appeals did here) the plaintiff's version of the facts.","In limited protection from lawsuit cases, this usually means adopting (as the Court of Appeals did here) the complainant's version of the facts."
The videotape quite clearly contradicts the version of the story told by respondent and adopted by the Court of Appeals.,The video recording quite clearly contradicts the version of the story told by the defendant and adopted by the Court of Appeals.
"For example, the Court of Appeals adopted respondent's assertions that, during the chase, ""there was little, if any, actual threat to pedestrians or other motorists, as the roads were mostly empty and respondent remained in control of his vehicle.""","For example, the Court of Appeals adopted the defendant's claims that, during the chase, ""there was little, if any, actual threat to pedestrians or other drivers, as the roads were mostly empty and the defendant remained in control of his vehicle."""
"Taking the facts from the non-movant's viewpoint, respondent remained in control of his vehicle, slowed for turns and intersections, and typically used his indicators for turns.","Taking the facts from the person not making the motion's viewpoint, the defendant remained in control of his vehicle, slowed for turns and intersections, and typically used his turn signals for turns."
"Significantly, by the time the parties were back on the highway and Scott rammed respondent, the motorway had been cleared of motorists and pedestrians allegedly because of police blockades of the nearby intersections.","Significantly, by the time the parties were back on the highway and Scott rammed the defendant, the motorway had been cleared of drivers and pedestrians supposedly because of police blockades of the nearby intersections."
That was the case here with regard to the factual issue whether respondent was driving in such fashion as to endanger human life.,That was the case here regarding the factual issue whether the defendant was driving in such a way as to endanger human life.
The Court of Appeals should not have relied on such visible fiction; it should have viewed the facts in the light depicted by the videotape.,The Court of Appeals should not have relied on such obvious fiction; it should have viewed the facts in the light shown by the video recording.
"Judging the matter on that basis, we think it is quite clear that Deputy Scott did not violate the Fourth Amendment.","Judging the matter on that basis, we think it is quite clear that Deputy Scott did not violate the Fourth Amendment protection against unreasonable searches and seizures."
"Scott does not contest that his decision to terminate the car chase by ramming his bumper into respondent's vehicle constituted a ""seizure.""","Scott does not dispute that his decision to end the car chase by ramming his bumper into the defendant's vehicle constituted a ""seizure."""
"Thus, in judging whether Scott's actions were reasonable, we must consider the risk of bodily harm that Scott's actions posed to respondent in light of the threat to the public that Scott was trying to eliminate.","Thus, in judging whether Scott's actions were reasonable, we must consider the risk of bodily harm that Scott's actions posed to the defendant in light of the threat to the public that Scott was trying to eliminate."
"Although there is no obvious way to quantify the risks on either side, it is clear from the videotape that respondent posed an actual and imminent threat to the lives of any pedestrians who might have been present, to other civilian motorists, and to the officers involved in the chase.","Although there is no obvious way to measure the risks on either side, it is clear from the video recording that the defendant posed an actual and immediate threat to the lives of any pedestrians who might have been present, to other civilian drivers, and to the officers involved in the chase."
"It is equally clear that Scott's actions posed a high likelihood of serious injury or death to respondent—though not the near certainty of death posed by, say, shooting a fleeing felon in the back of the head, or pulling alongside a fleeing motorist's car and shooting the motorist.","It is equally clear that Scott's actions posed a high likelihood of serious injury or death to the defendant—though not the near certainty of death posed by, say, shooting a fleeing criminal in the back of the head, or pulling alongside a fleeing driver's car and shooting the driver."
We think the police need not have taken that chance and hoped for the best.,We think the police did not need to take that chance and hope for the best.
"Whereas Scott's action—ramming respondent off the road—was certain to eliminate the risk that respondent posed to the public, ceasing pursuit was not.","Whereas Scott's action—ramming the defendant off the road—was certain to eliminate the risk that the defendant posed to the public, stopping pursuit was not."
The Constitution assuredly does not impose this invitation to impunity-earned-by-recklessness.,The Constitution certainly does not impose this invitation to freedom from punishment earned by recklessness.
"Instead, we lay down a more sensible rule: A police officer's attempt to terminate a dangerous high-speed car chase that threatens the lives of innocent bystanders does not violate the Fourth Amendment, even when it places the fleeing motorist at risk of serious injury or death.","Instead, we establish a more sensible rule: A police officer's attempt to end a dangerous high-speed car chase that threatens the lives of innocent bystanders does not violate the Fourth Amendment protection against unreasonable searches and seizures, even when it places the fleeing driver at risk of serious injury or death."
"Scott's attempt to terminate the chase by forcing respondent off the road was reasonable, and Scott is entitled to summary judgment.","Scott's attempt to end the chase by forcing the defendant off the road was reasonable, and Scott is entitled to a decision without trial."
"I join the Court's opinion and would underscore that I do not read today's decision as articulating a mechanical, per se rule.","I join the Court's opinion and would emphasize that I do not read today's decision as stating a mechanical, automatic rule."
The inquiry described by the Court is situation specific.,The inquiry described by the Court is specific to each situation.
"Among other relevant facts and circumstances are the speeds of the vehicles, the nature of the area through which they are traveling (residential, commercial, rural, or otherwise), the time of day or night, the presence or absence of other vehicles and pedestrians on the roadways, the availability and efficacy of alternative methods of apprehension, and the existence of traffic laws and regulations.","Among other relevant facts and circumstances are the speeds of the vehicles, the nature of the area through which they are traveling (residential, commercial, rural, or otherwise), the time of day or night, the presence or absence of other vehicles and pedestrians on the roadways, the availability and effectiveness of alternative methods of capture, and the existence of traffic laws and regulations."
"The Court wisely avoids announcing a bright-line rule, and I agree that the Fourth Amendment does not mandate such rigidity.","The Court wisely avoids announcing a clear-cut rule, and I agree that the Fourth Amendment does not require such rigidity."
"I am happy to join the Court's opinion in this case, but with one caveat: We should not assume that the only two outcomes here were either that Officer Scott would have to call off the pursuit, or that respondent would crash.","I am happy to join the Court's opinion in this case, but with one warning: We should not assume that the only two outcomes here were either that Officer Scott would have to call off the pursuit, or that the defendant would crash."
"The video makes clear that respondent posed a grave public safety risk, and that Officer Scott's decision to end the risk by forcing respondent from the road was reasonable.","The video makes clear that the defendant posed a serious public safety risk, and that Officer Scott's decision to end the risk by forcing the defendant from the road was reasonable."
"Had the Court of Appeals watched the videotape, it would have found summary judgment appropriate.","Had the Court of Appeals watched the video recording, it would have found a decision without trial appropriate."
"The Court of Appeals erred in refusing to view the facts in light of the videotape, and its error was consequential.","The Court of Appeals made a mistake in refusing to view the facts in light of the video recording, and its mistake had consequences."
I respectfully dissent.,I respectfully disagree.
I cannot agree that Scott's actions were reasonable under the Fourth Amendment.,I cannot agree that Scott's actions were reasonable under the Fourth Amendment protection against unreasonable searches and seizures.
I would hold that Officer Scott violated Harris's Fourth Amendment rights and that genuine issues of material fact preclude the entry of summary judgment.,I would hold that Officer Scott violated Harris's Fourth Amendment rights and that genuine issues of material fact prevent the entry of a decision without trial.
"In my view, the Fourth Amendment requires a more careful balancing of the competing interests at stake.","In my view, the Fourth Amendment protection against unreasonable searches and seizures requires a more careful balancing of the competing interests at stake."
I believe the majority has misapplied the qualified immunity doctrine in this case.,I believe the majority has misapplied the limited protection from lawsuit doctrine in this case.
"For these reasons, I respectfully dissent from the Court's judgment.","For these reasons, I respectfully disagree with the Court's judgment."
I would reverse the district court's grant of summary judgment and remand this case for further proceedings.,I would reverse the district court's grant of a decision without trial and send this case back for further proceedings.
"For all these reasons, I respectfully dissent from the Court's decision.","For all these reasons, I respectfully disagree with the Court's decision."
"Thus, we have held that an order denying qualified immunity is immediately appealable even though it is interlocutory; otherwise, it would be ""effectively unreviewable.""","Thus, we have held that an order denying limited protection from lawsuits is immediately appealable even though it is not a final decision; otherwise, it would be ""effectively unreviewable."""
"At the summary judgment stage, however, once we have determined the relevant set of facts and drawn all inferences in favor of the nonmoving party to the extent supportable by the record, the reasonableness of Scott's actions is a pure question of law.","At the decision without trial stage, however, once we have determined the relevant set of facts and drawn all inferences in favor of the party not making the motion to the extent supportable by the record, the reasonableness of Scott's actions is a pure question of law."
"In deciding that question, the relative culpability of the parties is, of course, irrelevant; a seizure occurs whenever the police are responsible for the termination of a person's movement, regardless of the reason for the termination.","In deciding that question, the relative blame of the parties is, of course, irrelevant; a seizure occurs whenever the police are responsible for the ending of a person's movement, regardless of the reason for the ending."
"While still on the four-lane portion of Highway 34, the deputy who had clocked respondent's speed turned on his blue light and siren in an attempt to get respondent to pull over.","While still on the four-lane portion of Highway 34, the deputy who had measured the defendant's speed turned on his blue light and siren in an attempt to get the defendant to pull over."
"The Court is only able to make such a statement by assuming, based on its interpretation of events on the videotape, that the risk of harm posed in this case, and the type of harm involved, rose to a level warranting deadly force.","The Court is only able to make such a statement by assuming, based on its interpretation of events on the video recording, that the risk of harm posed in this case, and the type of harm involved, rose to a level justifying deadly force."
The general scheme of the Agricultural Adjustment Act of 1938 as related to wheat is to control the volume moving in interstate and foreign commerce in order to avoid surpluses and shortages and the consequent abnormally low or high wheat prices and obstructions to commerce.,The general plan of the Agricultural Adjustment Act of 1938 as related to wheat is to control the volume moving in commerce between states and foreign commerce in order to avoid surpluses and shortages and the resulting abnormally low or high wheat prices and obstructions to commerce.
"Within prescribed limits and by prescribed standards the Secretary of Agriculture is directed to ascertain and proclaim each year a national acreage allotment for the next crop of wheat, which is then apportioned to the states and their counties, and is eventually broken up into allotments for individual farms.","Within established limits and by established standards the Secretary of Agriculture is directed to determine and announce each year a national acreage allotment for the next crop of wheat, which is then distributed to the states and their counties, and is eventually broken up into allotments for individual farms."
Appellee says that this is a regulation of production and consumption of wheat.,The person appealing says that this is a regulation of production and consumption of wheat.
"Such activities are, he urges, beyond the reach of Congressional power under the Commerce Clause, since they are local in character, and their effects upon interstate commerce are at most 'indirect.'","Such activities are, he argues, beyond the reach of Congressional power under the Commerce Clause, since they are local in character, and their effects upon commerce between states are at most 'indirect.'"
"The Government's concern lest the Act be held to be a regulation of production or consumption rather than of marketing is attributable to a few dicta and decisions of this Court which might be understood to lay it down that activities such as 'production,' 'manufacturing,' and 'mining' are strictly 'local.'","The Government's concern that the Act be held to be a regulation of production or consumption rather than of marketing is attributable to a few statements and decisions of this Court which might be understood to establish that activities such as 'production,' 'manufacturing,' and 'mining' are strictly 'local.'"
"Even today, when this power has been held to have great latitude, there is no decision of this Court that such activities may be regulated where no part of the product is intended for interstate commerce or intermingled with the subjects thereof.","Even today, when this power has been held to have great flexibility, there is no decision of this Court that such activities may be regulated where no part of the product is intended for commerce between states or mixed with the subjects thereof."
"We believe that a review of the course of decision under the Commerce Clause will make plain, however, that questions of the power of Congress are not to be decided by reference to any formula which would give controlling force to nomenclature such as 'production' and 'indirect' and foreclose consideration of the actual effects of the activity in question upon interstate commerce.","We believe that a review of the course of decision under the Commerce Clause will make clear, however, that questions of the power of Congress are not to be decided by reference to any formula which would give controlling force to terminology such as 'production' and 'indirect' and prevent consideration of the actual effects of the activity in question upon commerce between states."
It was not until 1887 with the enactment of the Interstate Commerce Act that the interstate commerce power began to exert positive influence in American law and life.,It was not until 1887 with the passage of the Interstate Commerce Act that the commerce between states power began to exert positive influence in American law and life.
"These statutes ushered in new phases of adjudication, which required the Court to approach the interpretation of the Commerce Clause in the light of an actual exercise by Congress of its power thereunder.","These statutes brought in new phases of legal decision-making, which required the Court to approach the interpretation of the Commerce Clause in the light of an actual exercise by Congress of its power under it."
It was soon demonstrated that the effects of many kinds of intrastate activity upon interstate commerce were such as to make them a proper subject of federal regulation.,It was soon demonstrated that the effects of many kinds of activity within a state upon commerce between states were such as to make them a proper subject of federal regulation.
"The Court held that railroad rates of an admittedly intrastate character and fixed by authority of the state might, nevertheless, be revised by the Federal Government because of the economic effects which they had upon interstate commerce.","The Court held that railroad rates of an admittedly within-state character and fixed by authority of the state might, nevertheless, be revised by the Federal Government because of the economic effects which they had upon commerce between states."
"Justice Hughes found federal intervention constitutionally authorized because of 'matters having such a close and substantial relation to interstate traffic that the control is essential or appropriate to the security of that traffic, to the efficiency of the interstate service, and to the maintenance of the conditions under which interstate commerce may be conducted upon fair terms and without molestation or hindrance.'","Justice Hughes found federal intervention constitutionally authorized because of 'matters having such a close and substantial relation to traffic between states that the control is essential or appropriate to the security of that traffic, to the efficiency of the service between states, and to the maintenance of the conditions under which commerce between states may be conducted upon fair terms and without interference or hindrance.'"
"But even if appellee's activity be local and though it may not be regarded as commerce, it may still, whatever its nature, be reached by Congress if it exerts a substantial economic effect on interstate commerce and this irrespective of whether such effect is what might at some earlier time have been defined as 'direct' or 'indirect.'","But even if the person appealing's activity be local and though it may not be regarded as commerce, it may still, whatever its nature, be reached by Congress if it exerts a substantial economic effect on commerce between states and this regardless of whether such effect is what might at some earlier time have been defined as 'direct' or 'indirect.'"
"After discussing and affirming the cases stating that such activities were 'local,' and could be regulated under the Commerce Clause only if by virtue of special circumstances their effects upon interstate commerce were 'direct,' the opinion of the Court in Carter v. Carter Coal Co. stated that the distinction between a direct and an indirect effect turns not upon the magnitude of either the cause or the effect, but entirely upon the manner in which the effect has been brought about.","After discussing and confirming the cases stating that such activities were 'local,' and could be regulated under the Commerce Clause only if by virtue of special circumstances their effects upon commerce between states were 'direct,' the opinion of the Court in Carter v. Carter Coal Co. stated that the distinction between a direct and an indirect effect turns not upon the size of either the cause or the effect, but entirely upon the manner in which the effect has been brought about."
But even if the activity be local and though it may not be regarded as commerce it may still whatever its nature be reached by Congress if it exerts a substantial economic effect on interstate commerce.,But even if the activity be local and though it may not be regarded as commerce it may still whatever its nature be reached by Congress if it exerts a substantial economic effect on commerce between states.
"The Australian system of regulation includes the licensing of growers, who may not sow more than the amount licensed, and who may be compelled to cut part of their crops for hay if a heavy crop is in prospect.","The Australian system of regulation includes the licensing of growers, who may not plant more than the amount licensed, and who may be required to cut part of their crops for hay if a heavy crop is in prospect."
The general scheme of the Agricultural Adjustment Act of 1938 as related to wheat is to control the volume moving in interstate and foreign commerce in order to avoid surpluses and shortages and the consequent abnormally low or high wheat prices and obstructions to commerce.,The general plan of the Agricultural Adjustment Act of 1938 as related to wheat is to control the volume moving in commerce between states and foreign commerce in order to avoid surpluses and shortages and the resulting abnormally low or high wheat prices and obstructions to commerce.
"Within prescribed limits and by prescribed standards the Secretary of Agriculture is directed to ascertain and proclaim each year a national acreage allotment for the next crop of wheat, which is then apportioned to the states and their counties, and is eventually broken up into allotments for individual farms.","Within established limits and by established standards the Secretary of Agriculture is directed to determine and announce each year a national acreage allotment for the next crop of wheat, which is then distributed to the states and their counties, and is eventually broken up into allotments for individual farms."
Appellee says that this is a regulation of production and consumption of wheat.,The person appealing says that this is a regulation of production and consumption of wheat.
"Such activities are, he urges, beyond the reach of Congressional power under the Commerce Clause, since they are local in character, and their effects upon interstate commerce are at most 'indirect.'","Such activities are, he argues, beyond the reach of Congressional power under the Commerce Clause, since they are local in character, and their effects upon commerce between states are at most 'indirect.'"
"The Government's concern lest the Act be held to be a regulation of production or consumption rather than of marketing is attributable to a few dicta and decisions of this Court which might be understood to lay it down that activities such as 'production,' 'manufacturing,' and 'mining' are strictly 'local.'","The Government's concern that the Act be held to be a regulation of production or consumption rather than of marketing is attributable to a few statements and decisions of this Court which might be understood to establish that activities such as 'production,' 'manufacturing,' and 'mining' are strictly 'local.'"
"Even today, when this power has been held to have great latitude, there is no decision of this Court that such activities may be regulated where no part of the product is intended for interstate commerce or intermingled with the subjects thereof.","Even today, when this power has been held to have great flexibility, there is no decision of this Court that such activities may be regulated where no part of the product is intended for commerce between states or mixed with the subjects of it."
"We believe that a review of the course of decision under the Commerce Clause will make plain, however, that questions of the power of Congress are not to be decided by reference to any formula which would give controlling force to nomenclature such as 'production' and 'indirect' and foreclose consideration of the actual effects of the activity in question upon interstate commerce.","We believe that a review of the course of decision under the Commerce Clause will make clear, however, that questions of the power of Congress are not to be decided by reference to any formula which would give controlling force to terminology such as 'production' and 'indirect' and prevent consideration of the actual effects of the activity in question upon commerce between states."
It was not until 1887 with the enactment of the Interstate Commerce Act that the interstate commerce power began to exert positive influence in American law and life.,It was not until 1887 with the passage of the Interstate Commerce Act that the commerce between states power began to exert positive influence in American law and life.
"These statutes ushered in new phases of adjudication, which required the Court to approach the interpretation of the Commerce Clause in the light of an actual exercise by Congress of its power thereunder.","These statutes brought in new phases of legal decision-making, which required the Court to approach the interpretation of the Commerce Clause in the light of an actual exercise by Congress of its power under it."
It was soon demonstrated that the effects of many kinds of intrastate activity upon interstate commerce were such as to make them a proper subject of federal regulation.,It was soon demonstrated that the effects of many kinds of activity within a state upon commerce between states were such as to make them a proper subject of federal regulation.
"The Court held that railroad rates of an admittedly intrastate character and fixed by authority of the state might, nevertheless, be revised by the Federal Government because of the economic effects which they had upon interstate commerce.","The Court held that railroad rates of an admittedly within-state character and fixed by authority of the state might, nevertheless, be revised by the Federal Government because of the economic effects which they had upon commerce between states."
"Justice Hughes found federal intervention constitutionally authorized because of 'matters having such a close and substantial relation to interstate traffic that the control is essential or appropriate to the security of that traffic, to the efficiency of the interstate service, and to the maintenance of the conditions under which interstate commerce may be conducted upon fair terms and without molestation or hindrance.'","Justice Hughes found federal intervention constitutionally authorized because of 'matters having such a close and substantial relation to traffic between states that the control is essential or appropriate to the security of that traffic, to the efficiency of the service between states, and to the maintenance of the conditions under which commerce between states may be conducted upon fair terms and without interference or hindrance.'"
"But even if appellee's activity be local and though it may not be regarded as commerce, it may still, whatever its nature, be reached by Congress if it exerts a substantial economic effect on interstate commerce and this irrespective of whether such effect is what might at some earlier time have been defined as 'direct' or 'indirect.'","But even if the person appealing's activity be local and though it may not be regarded as commerce, it may still, whatever its nature, be reached by Congress if it exerts a substantial economic effect on commerce between states and this regardless of whether such effect is what might at some earlier time have been defined as 'direct' or 'indirect.'"
The defendant willfully conspired to have printed and circulated to men who had been called and accepted for military service a document set forth and alleged to be calculated to cause such insubordination and obstruction.,The defendant intentionally conspired to have printed and circulated to men who had been called and accepted for military service a document set forth and claimed to be calculated to cause such disobedience and obstruction.
"They set up the First Amendment to the Constitution forbidding Congress to make any law abridging the freedom of speech, or of the press, and bringing the case here on that ground have argued some other points also of which we must dispose.","They set up the First Amendment to the Constitution forbidding Congress to make any law reducing the freedom of speech, or of the press, and bringing the case here on that ground have argued some other points also of which we must dispose."
The question in every case is whether the words used are used in such circumstances and are of such a nature as to create a clear and present danger that they will bring about the substantive evils that Congress has a right to prevent.,The question in every case is whether the words used are used in such circumstances and are of such a nature as to create a clear and present danger that they will bring about the substantial evils that Congress has a right to prevent.
It is a question of proximity and degree.,It is a question of closeness and degree.
"After he was advised of his right to counsel and to silence, O'Brien stated to FBI agents that he had burned his registration certificate because of his beliefs, knowing that he was violating federal law.","After he was advised of his right to a lawyer and to silence, O'Brien stated to FBI agents that he had burned his registration certificate because of his beliefs, knowing that he was violating federal law."
"He stated in argument to the jury that he burned the certificate publicly to influence others to adopt his antiwar beliefs, as he put it, 'so that other people would reevaluate their positions with Selective Service, with the armed forces, and reevaluate their place in the culture of today, to hopefully consider my position.'","He stated in argument to the jury that he burned the certificate publicly to influence others to adopt his antiwar beliefs, as he put it, 'so that other people would rethink their positions with Selective Service, with the armed forces, and rethink their place in the culture of today, to hopefully consider my position.'"
"A law prohibiting destruction of Selective Service certificates no more abridges free speech on its face than a motor vehicle law prohibiting the destruction of drivers' licenses, or a tax law prohibiting the destruction of books and records.","A law prohibiting destruction of Selective Service certificates no more reduces free speech on its face than a motor vehicle law prohibiting the destruction of drivers' licenses, or a tax law prohibiting the destruction of books and records."
"Whatever imprecision inheres in these terms, we think it clear that a government regulation is sufficiently justified if it is within the constitutional power of the Government; if it furthers an important or substantial governmental interest; if the governmental interest is unrelated to the suppression of free expression; and if the incidental restriction on alleged First Amendment freedoms is no greater than is essential to the furtherance of that interest.","Whatever imprecision exists in these terms, we think it clear that a government regulation is sufficiently justified if it is within the constitutional power of the Government; if it furthers an important or substantial governmental interest; if the governmental interest is unrelated to the suppression of free expression; and if the incidental restriction on claimed First Amendment freedoms is no greater than is essential to the advancement of that interest."
Petitioner moved to dismiss this count on the ground that the St. Paul ordinance was substantially overbroad and impermissibly content-based and therefore facially invalid under the First Amendment.,The petitioner requested to dismiss this count on the ground that the St. Paul ordinance was substantially overbroad and impermissibly content-based and therefore facially invalid under the First Amendment.
A limited categorical approach has remained an important part of our First Amendment jurisprudence.,A limited categorical approach has remained an important part of our First Amendment legal philosophy.
"And in each case, the Court declined to abandon its precedents, invoking the principle of stare decisis.","And in each case, the Court declined to abandon its precedents, invoking the principle of standing by what was decided."
"This is hardly a judicious way of proceeding, and the Court's reasoning in reaching its result is transparently wrong.","This is hardly a wise way of proceeding, and the Court's reasoning in reaching its result is obviously wrong."
"To the contrary, those statements meant precisely what they said: The categorical approach is a firmly entrenched part of our First Amendment jurisprudence.","To the contrary, those statements meant precisely what they said: The categorical approach is a firmly established part of our First Amendment legal philosophy."
"Penal Code section 415 prohibits 'maliciously and willfully disturbing the peace or quiet of any neighborhood or person by offensive conduct,' for wearing a jacket bearing the words 'Fuck the Draft' in a corridor of the Los Angeles Courthouse.","Penal Code section 415 prohibits 'maliciously and intentionally disturbing the peace or quiet of any neighborhood or person by offensive conduct,' for wearing a jacket bearing the words 'Fuck the Draft' in a corridor of the Los Angeles Courthouse."
He was given 30 days' imprisonment.,He was given 30 days in jail.
"This Court has also held that the States are free to ban the simple use, without a demonstration of additional justifying circumstances, of so-called 'fighting words,' those personally abusive epithets which, when addressed to the ordinary citizen, are, as a matter of common knowledge, inherently likely to provoke violent reaction.","This Court has also held that the States are free to ban the simple use, without a demonstration of additional justifying circumstances, of so-called 'fighting words,' those personally abusive insults which, when addressed to the ordinary citizen, are, as a matter of common knowledge, inherently likely to provoke violent reaction."
"We cannot sanction the view that the Constitution, while solicitous of the cognitive content of individual speech, has little or no regard for that emotive function which, practically speaking, may often be the more important element of the overall message sought to be communicated.","We cannot approve the view that the Constitution, while concerned with the cognitive content of individual speech, has little or no regard for that emotional function which, practically speaking, may often be the more important element of the overall message sought to be communicated."
"It is, in essence, whether California can excise, as 'offensive conduct,' one particular scurrilous epithet from the public discourse.","It is, in essence, whether California can remove, as 'offensive conduct,' one particular vulgar insult from the public discourse."
"Accordingly, I concur in the judgment of the Court.","Accordingly, I agree with the judgment of the Court."
This is hardly a judicious way of proceeding.,This is hardly a wise way of proceeding.
The Court's reasoning in reaching its result is transparently wrong.,The Court's reasoning in reaching its result is obviously wrong.
The categorical approach is a firmly entrenched part of our First Amendment jurisprudence.,The categorical approach is a firmly established part of our First Amendment legal philosophy.
This case may seem at first blush too inconsequential to find its way into our books.,This case may seem at first glance too unimportant to find its way into our books.
He was given 30 days' imprisonment.,He was given 30 days in jail.
Simply by averting their eyes.,Simply by looking away.
It is whether California can excise one particular scurrilous epithet from the public discourse.,It is whether California can remove one particular vulgar insult from the public discourse.
There may be some persons with such lawless and violent proclivities.,There may be some persons with such lawless and violent tendencies.
"Judge Gurfein's view of the Statute is not, however, the only plausible construction that could be given.","Judge Gurfein's view of the law is not, however, the only reasonable interpretation that could be given."
"Even if it is determined that the Government could not in good faith bring criminal prosecutions against the New York Times and the Washington Post, it is clear that Congress has specifically rejected passing legislation that would have clearly given the President the power he seeks here and made the current activity of the newspapers unlawful.","Even if it is determined that the Government could not in good faith bring criminal charges against the New York Times and the Washington Post, it is clear that Congress has specifically rejected passing laws that would have clearly given the President the power he seeks here and made the current activity of the newspapers illegal."
When Congress specifically declines to make conduct unlawful it is not for this Court.,When Congress specifically refuses to make conduct illegal it is not for this Court.
"It is not for this Court to fling itself into every breach perceived by some Government official nor is it for this Court to take on itself the burden of enacting law, especially a law that Congress has refused to pass.","It is not for this Court to throw itself into every problem seen by some Government official nor is it for this Court to take on itself the burden of passing law, especially a law that Congress has refused to pass."
be affirmed and the judgment of the United States Court of Appeals for the Second Circuit should be reversed insofar as it remands the case for further hearings.,be upheld and the ruling of the United States Court of Appeals for the Second Circuit should be reversed to the extent that it sends the case back for further hearings.
"In these cases, the imperative of a free and unfettered press comes into collision with another imperative, the effective functioning of a complex modern government and specifically the effective exercise of certain constitutional powers of the Executive.","In these cases, the necessity of a free and unrestricted press comes into conflict with another necessity, the effective functioning of a complex modern government and specifically the effective exercise of certain constitutional powers of the Executive."
The precipitate action of this Court aborting trials not yet completed is not the kind of judicial conduct that ought to attend the disposition of a great issue.,The rushed action of this Court stopping trials not yet completed is not the kind of judicial conduct that should attend the handling of a great issue.
"The newspapers make a derivative claim under the First Amendment; they denominate this right as the public 'right to know'; by implication, the Times asserts a sole trusteeship of that right by virtue of its journalistic 'scoop.' The right is asserted as an absolute.","The newspapers make a secondary claim under the First Amendment; they call this right the public 'right to know'; by implication, the Times claims sole guardianship of that right because of its journalistic 'scoop.' The right is claimed as an absolute."
"Conceivably such exceptions may be lurking in these cases and would have been flushed had they been properly considered in the trial courts, free from unwarranted deadlines and frenetic pressures.","Possibly such exceptions may be hiding in these cases and would have been discovered had they been properly considered in the trial courts, free from unjustified deadlines and frantic pressures."
"But why should the United States Government, from whom this information was illegally acquired by someone, along with all the counsel, trial judges, and appellate judges be placed under needless pressure? After these months of deferral, the alleged 'right to know' has somehow and suddenly become a right that must be vindicated instanter.","But why should the United States Government, from whom this information was illegally acquired by someone, along with all the lawyers, trial judges, and appeals judges be placed under needless pressure? After these months of delay, the claimed 'right to know' has somehow and suddenly become a right that must be defended immediately."
With such an approach—one that great newspapers have in the past practiced and stated editorially to be the duty of an honorable press—the newspapers and Government might well have nar-.,With such an approach—one that great newspapers have in the past practiced and stated in editorials to be the duty of an honorable press—the newspapers and Government might well have narrowed their differences.
"If the action of the judges up to now has been correct, that result is sheer happenstance.2.","If the action of the judges up to now has been correct, that result is pure chance."
Our grant of the writ of certiorari before final judgment in the Times case aborted the trial in the District Court before it had made a complete record pursuant to the mandate of the Court of Appeals for the Second Circuit.,Our grant of the court order for review before final ruling in the Times case stopped the trial in the District Court before it had made a complete record according to the order of the Court of Appeals for the Second Circuit.
The consequence of all this melancholy series of events is that we literally do not know what we are acting on.,The result of all this unfortunate series of events is that we literally do not know what we are acting on.
"As I see it, we have been forced to deal with litigation concerning rights of great magnitude without an adequate record, and surely without time for adequate treatment either in the prior proceedings or in this Court.","As I see it, we have been forced to deal with legal proceedings concerning rights of great importance without an adequate record, and surely without time for adequate treatment either in the earlier proceedings or in this Court."
"I would affirm the Court of Appeals for the Second Circuit and allow the District Court to complete the trial aborted by our grant of certiorari, meanwhile preserving the status quo in the post case.","I would uphold the Court of Appeals for the Second Circuit and allow the District Court to complete the trial stopped by our grant of review, meanwhile keeping things as they are in the Post case."
"The New York Times' petition for certiorari, its motion for accelerated consideration thereof, and its application for interim relief were filed in this Court on June 24 at about 11 a.m.","The New York Times' request for review, its motion for speeded-up consideration of it, and its application for temporary relief were filed in this Court on June 24 at about 11 a.m."
Due regard for the extraordinarily important and difficult questions involved in these litigations should have led the Court to shun such a precipitate timetable.,Proper consideration for the extraordinarily important and difficult questions involved in these legal cases should have led the Court to avoid such a rushed timetable.
"This question involves as well the construction and validity of a singularly opaque statute—the Espionage Act, 18 U.S.C. § 793(e).","This question involves as well the interpretation and validity of a particularly unclear law—the Espionage Act, 18 U.S.C. § 793(e)."
"Whether the newspapers are entitled to retain and use the documents notwithstanding the seemingly uncontested facts that the documents, or the originals of which they are duplicates, were purloined from the Government's possession and that the newspapers received them with knowledge that they had been feloniously acquired.","Whether the newspapers are allowed to keep and use the documents despite the seemingly undisputed facts that the documents, or the originals of which they are copies, were stolen from the Government's possession and that the newspapers received them with knowledge that they had been illegally acquired."
The doctrine against enjoining conduct in violation of criminal statutes; and.,The principle against blocking conduct in violation of criminal laws.
It is a reflection on the stability of the judicial process that these great issues—as important as any that have arisen during my time on the Court—should have been decided under the pressures engendered by th torrent of publicity that has attended these litigations from their inception.,It is a reflection on the stability of the judicial process that these great issues—as important as any that have arisen during my time on the Court—should have been decided under the pressures created by the flood of publicity that has accompanied these legal cases from their start.
"Forced as I am to reach the merits of these cases, I dissent from the opinion and judgments of the Court.","Forced as I am to reach the substance of these cases, I disagree with the opinion and rulings of the Court."
It is a sufficient basis for affirming the Court of Appeals for the Second Circuit in the Times litigation to observe that its order must rest on the conclusion that because of the time elements the Government had not been given an adequate opportunity to present its case.,It is a good enough reason for upholding the Court of Appeals for the Second Circuit in the Times case to observe that its order must rest on the conclusion that because of the time limits the Government had not been given an adequate opportunity to present its case.
In the Post litigation the Government had more time to prepare; this was apparently the basis for the refusal of the Court of Appeals for the District of Columbia Circuit on rehearing to conform its judgment to that of the Second Circuit.,In the Post case the Government had more time to prepare; this was apparently the reason for the refusal of the Court of Appeals for the District of Columbia Circuit on rehearing to match its ruling to that of the Second Circuit.
"But I think there is another and more fundamental reason why this judgment cannot stand—a reason which also furnishes an additional ground for not reinstating the judgment of the District Court in the Times litigation, set aside by the Court of Appeals.","But I think there is another and more basic reason why this ruling cannot stand—a reason which also provides an additional basis for not restoring the ruling of the District Court in the Times case, reversed by the Court of Appeals."
"I agree that, in performance of its duty to protect the values of the First Amendment against political pressures, the judiciary must review the initial Executive determination to the point of satisfying itself that the subject matter of the dispute does lie within the proper compass of the President's foreign relations power.","I agree that, in doing its duty to protect the values of the First Amendment against political pressures, the courts must review the initial Executive decision to the point of satisfying itself that the subject matter of the dispute does lie within the proper range of the President's foreign relations power."
Constitutional considerations forbid 'a complete abandonment of judicial control.' Cf.,Constitutional considerations forbid 'a complete giving up of judicial control.'
Moreover the judiciary may properly insist that the determination that disclosure of the subject matter would irreparably impair the national security be made by the head of the Executive Department concerned—here the Secretary of State or the Secretary of Defense after actual personal consideration by that officer.,Moreover the courts may properly insist that the decision that disclosure of the subject matter would permanently harm the national security be made by the head of the Executive Department concerned—here the Secretary of State or the Secretary of Defense after actual personal consideration by that officer.
This safeguard is required in the analogous area of executive claims of privilege for secrets of state.,This protection is required in the similar area of executive claims of privilege for secrets of state.
But in my judgment the judiciary may not properly go beyond these two inquiries and redetermine for itself the probable impact of disclosure on the national security.,But in my judgment the courts may not properly go beyond these two questions and decide for itself the probable effect of disclosure on the national security.
"cisions are wholly confided by our Constitution to the political departments of the government, Executive and Legislative.","decisions are entirely entrusted by our Constitution to the political branches of the government, Executive and Legislative."
"They are decisions of a kind for which the Judiciary has neither aptitude, facilities nor responsibility and have long been held to belong in the domain of political power not subject to judicial intrusion or inquiry.' Chicago & Southern Air Lines, Inc. v.","They are decisions of a kind for which the courts have neither skill, resources nor responsibility and have long been held to belong in the domain of political power not subject to judicial interference or inquiry.' Chicago & Southern Air Lines, Inc. v."
"I can see no indication in the opinions of either the District Court or the Court of Appeals in the Post litigation that the conclusions of the Executive were given even the deference owing to an administrative agency, much less that owing to a co-equal branch of the Government operating within the field of its constitutional prerogative.","I can see no sign in the opinions of either the District Court or the Court of Appeals in the Post case that the conclusions of the Executive were given even the respect owed to an administrative agency, much less that owed to an equal branch of the Government operating within the field of its constitutional authority."
The ensuing review by the District Court should be in accordance with the views expressed in this opinion.,The following review by the District Court should be according to the views expressed in this opinion.
And for the reasons stated above I would affirm the judgment of the Court of Appeals for the Second Circuit.,And for the reasons stated above I would uphold the ruling of the Court of Appeals for the Second Circuit.
"Pending further hearings in each case conducted under the appropriate ground rules, I would continue the.","Pending further hearings in each case conducted under the appropriate basic rules, I would continue the existing status."
I cannot believe that the doctrine prohibiting prior restraints reaches to the point of preventing courts from maintaining the status quo long enough to act responsibly in matters of such national importance as those involved here.,I cannot believe that the principle banning prior restraints reaches to the point of preventing courts from maintaining the existing situation long enough to act responsibly in matters of such national importance as those involved here.
"Justice WHITE says, by way of admonition, in the latter part of his opinion.","Justice WHITE says, as a warning, in the latter part of his opinion."
"Seemingly, from then on, every deferral or delay, by restraint or otherwise, was abhorrent and was to be deemed violative of the First Amendment and of the public's 'right immediately to know.' Yet that newspaper stood before us at oral argument and professed criticism of the Government for not lodging its protest earlier than by a Monday telegram following the initial Sunday publication.","Seemingly, from then on, every postponement or delay, by restraint or otherwise, was awful and was to be considered a violation of the First Amendment and of the public's 'right immediately to know.' Yet that newspaper stood before us at oral argument and expressed criticism of the Government for not making its protest earlier than by a Monday telegram following the initial Sunday publication."
"Two federal district courts, two United States courts of appeals, and this Court—within a period of less than three weeks from inception until today—have been pressed into hurried decision of profound constitutional issues on inadequately developed and largely assumed facts without the careful deliberation that, one would hope, should characterize the American judicial process.","Two federal district courts, two United States courts of appeals, and this Court—within a period of less than three weeks from start until today—have been pushed into rushed decision of deep constitutional issues on inadequately developed and largely assumed facts without the careful thought that, one would hope, should characterize the American judicial process."
"With such respect as may be due to the contrary view, this, in my opinion, is not the way to try a lawsuit of this magnitude and asserted importance.","With such respect as may be due to the opposite view, this, in my opinion, is not the way to try a lawsuit of this size and claimed importance."
"It is not the way for federal courts to adjudicate, and to be required to adjudicate, issues that allegedly concern the Nation's.","It is not the way for federal courts to decide, and to be required to decide, issues that supposedly concern the Nation's security."
"Each provision of the Constitution is important, and I cannot subscribe to a doctrine of unlimited absolutism for the First Amendment at the cost of downgrading other provisions.","Each section of the Constitution is important, and I cannot support a principle of unlimited absolutism for the First Amendment at the cost of downgrading other sections."
"When a nation is at war many things that might be said in time of peace are such a hindrance to its effort that their utterance will not be endured so long as men fight and that no Court could regard them as protected by any constitutional right.' 249 U.S., at 52, 39 S.Ct., at 249.","When a nation is at war many things that might be said in time of peace are such an obstacle to its effort that their statement will not be allowed so long as men fight and that no Court could regard them as protected by any constitutional right.' 249 U.S., at 52, 39 S.Ct., at 249."
"orderly presentation of evidence from both sides, with the use of discovery, if necessary, as authorized by the rules, and with the preparation of briefs, oral argument, and court opinions of a quality better than has been seen to this point.","orderly presentation of evidence from both sides, with the use of discovery, if necessary, as allowed by the rules, and with the preparation of briefs, oral argument, and court opinions of a quality better than has been seen to this point."
"Judge Wilkey, dissenting in the District of Columbia case, after a review of only the affidavits before his court (the basic papers had not then been made available by either party), concluded that there were a number of examples of documents that, if in the possession of the Post, and if published, 'could clearly result in great harm to the nation,' and he defined 'harm' to mean 'the death of soldiers, the destruction of alliances, the greatly increased difficulty of negotiation with our enemies, the inability of our diplomats to negotiate * * *.' I, for one, have now been able to give at least some cursory study not only to the affidavits, but to the material itself.","Judge Wilkey, disagreeing in the District of Columbia case, after a review of only the sworn statements before his court (the basic papers had not then been made available by either party), concluded that there were a number of examples of documents that, if in the possession of the Post, and if published, 'could clearly result in great harm to the nation,' and he defined 'harm' to mean 'the death of soldiers, the destruction of alliances, the greatly increased difficulty of negotiation with our enemies, the inability of our diplomats to negotiate.' I, for one, have now been able to give at least some brief study not only to the sworn statements, but to the material itself."
"In introducing the Bill of Rights in the House of Representatives, Madison said: '(B)ut I believe that the great mass of the people who opposed (the Constitution), disliked it because it did not contain effectual provisions against the encroachments on particular rights * * *.' 1 Annals of Cong. 433.","In introducing the Bill of Rights in the House of Representatives, Madison said: 'But I believe that the great mass of the people who opposed the Constitution, disliked it because it did not contain effective protections against the violations of particular rights.' 1 Annals of Cong. 433."
"When speaking of the Bill of Rights in the House of Representatives, Madison said: 'If they (the first ten amendments) are incorporated into the Constitution, independent tribunals of justice will consider themselves in a peculiar manner the guardians of those rights; they will be an impenetrable bulwark against every assumption of power in the Legislative or Executive; they will be naturally led to resist every encroachment upon rights expressly stipulated for in the Constitution by the declaration of rights.' 1 Annals of Cong. 439.","When speaking of the Bill of Rights in the House of Representatives, Madison said: 'If they (the first ten amendments) are added to the Constitution, independent courts will consider themselves in a special manner the protectors of those rights; they will be an unbreakable barrier against every taking of power in the Legislative or Executive; they will be naturally led to resist every violation of rights clearly promised in the Constitution by the bill of rights.' 1 Annals of Cong. 439."
But the criminal sanction is not urged by the United States as the basis of equity power.,But the criminal penalty is not argued by the United States as the basis of fairness power.
"Here there is no question but that the material sought to be suppressed is within the protection of the First Amendment; the only question is whether, notwithstanding that fact, its publication may be enjoined for a time because of the presence of an overwhelming national interest.","Here there is no question but that the material sought to be blocked is within the protection of the First Amendment; the only question is whether, despite that fact, its publication may be stopped for a time because of the presence of an overwhelming national interest."
"Similarly, copyright cases have no pertinence here: the Government is not asserting an interest in the particular form of words chosen in the documents, but is seeking to suppress the ideas expressed therein.","Similarly, copyright cases have no relevance here: the Government is not claiming an interest in the particular form of words chosen in the documents, but is seeking to block the ideas expressed in them."
The 'grave and irreparable danger' standard is that asserted by the Government in this Court.,The 'serious and permanent danger' standard is that claimed by the Government in this Court.
"In remanding to Judge Gurfein for further hearings in the Times litigation, five members of the Court of Appeals for the Second Circuit directed him to determine whether disclosure of certain items specified with particularity by the Government would 'pose such grave and immediate danger to the security of the United States as to warrant their publication being enjoined.'.","In sending back to Judge Gurfein for further hearings in the Times case, five members of the Court of Appeals for the Second Circuit ordered him to determine whether disclosure of certain items listed with detail by the Government would 'pose such serious and immediate danger to the security of the United States as to justify their publication being blocked.'"
"'(e) Whoever having unauthorized possession of, access to, or control over any document, writing, code book, signal book, sketch, photograph, photographic negative, blueprint, plan, map, model, instrument, appliance, or note relating to the national defense, or information relating to the national defense which information the possessor has reason to believe could be used to the injury of the United States or to the advantage of any foreign nation, willfully communicates, delivers, transmits or causes to be communicated, delivered, or transmitted, or attempts to communicate, deliver, transmit or cause to be communicated, delivered, or transmitted the same to any person not entitled to receive it, or willfully retains the same and fails to deliver it to the officer or employee of the United States entitled to receive it;' is guilty of an offense punishable by 10 years in prison, a $10,000 fine, or both.","'(e) Whoever having unauthorized possession of, access to, or control over any document, writing, code book, signal book, sketch, photograph, photographic negative, blueprint, plan, map, model, instrument, appliance, or note relating to the national defense, or information relating to the national defense which information the possessor has reason to believe could be used to the harm of the United States or to the advantage of any foreign nation, intentionally communicates, delivers, transmits or causes to be communicated, delivered, or transmitted, or attempts to communicate, deliver, transmit or cause to be communicated, delivered, or transmitted the same to any person not allowed to receive it, or intentionally keeps the same and fails to deliver it to the officer or employee of the United States allowed to receive it;' is guilty of an offense punishable by 10 years in jail, a $10,000 fine, or both."
"It should also be noted that 18 U.S.C. § 793(g), added in 1950 (see 64 Stat. 1004; S.Rep.No.2369, pt. 1, 81st Cong., 2d Sess., 9 (1950)), provides that '(i)f two or more persons conspire to violate any of the foregoing provisions of this section, and one or more of such persons do any act to effect the object of the conspiracy, each of the parties to such conspiracy shall be subject to the punishment provided for the offense which is the object of such conspiracy.'.","It should also be noted that 18 U.S.C. § 793(g), added in 1950 (see 64 Stat. 1004; S.Rep.No.2369, pt. 1, 81st Cong., 2d Sess., 9 (1950)), provides that 'if two or more persons conspire to violate any of the earlier provisions of this section, and one or more of such persons do any act to accomplish the goal of the conspiracy, each of the parties to such conspiracy shall be subject to the punishment provided for the offense which is the goal of such conspiracy.'"
"'(1) Amends the fourth paragraph of section 793, title 18 (subsec. (d)), to cover the unlawful dissemination of 'information relating to the national defense which information the possessor has reason to believe could be used to the injury of the United States or to the advantage of any foreign nation.' The phrase 'which information the possessor has reason to believe could be used to the injury of the United States or to the advantage of any foreign nation' would modify only 'information relating to the national defense' and not the other items enumerated in the subsection.","'(1) Changes the fourth paragraph of section 793, title 18 (subsec. (d)), to cover the illegal spreading of 'information relating to the national defense which information the possessor has reason to believe could be used to the harm of the United States or to the advantage of any foreign nation.' The phrase 'which information the possessor has reason to believe could be used to the harm of the United States or to the advantage of any foreign nation' would apply only to 'information relating to the national defense' and not the other items listed in the subsection."
The fourth paragraph of section 793 is also amended to provide that only those with lawful possession of the items relating to national defense enumerated therein may retain them subject to demand therefor.,The fourth paragraph of section 793 is also changed to provide that only those with legal possession of the items relating to national defense listed there may keep them subject to demand for them.
"The only difference between subsection (d) and subsection (e) of section 793 is that a demand by the person entitled to receive the items would be a necessary element of an offense under subsection (d) where the possession is lawful, whereas such.","The only difference between subsection (d) and subsection (e) of section 793 is that a demand by the person allowed to receive the items would be a necessary element of an offense under subsection (d) where the possession is legal, whereas such demand is not needed for subsection (e)."
"It seems clear from the foregoing, contrary to the intimations of the District Court for the Southern District of New York in this case, that in prosecuting for communicating or withholding a 'document' as contrasted with similar action with respect to 'information' the Government need not prove an intent to injure the United States or to benefit a foreign nation but only willful and knowing conduct.","It seems clear from the above, opposite to the suggestions of the District Court for the Southern District of New York in this case, that in charging for communicating or withholding a 'document' as opposed to similar action with respect to 'information' the Government need not prove an intent to harm the United States or to benefit a foreign nation but only intentional and knowing conduct."
"Also, from the face of subsection (e) and from the context of the Act of which it was a part, it seems undeniable that a newspaper, as well as others unconnected with the Government, are vulnerable to prosecution under § 793(e) if they communicate or withhold the materials covered by that section.","Also, from the face of subsection (e) and from the context of the Act of which it was a part, it seems clear that a newspaper, as well as others not connected with the Government, can be prosecuted under § 793(e) if they communicate or withhold the materials covered by that section."
"Title 50 U.S.C.App. § 781, 56 Stat. 390, prohibits the making of any sketch or other representation of military installations or any military equipment located on any military installation, as specified; and indeed Congress in the National Defense Act of 1940, 54 Stat. 676, as amended, 56 Stat. 179, conferred jurisdiction on federal district courts over civil actions 'to enjoin any violation' thereof. 50 U.S.C.App. § 1152(6).","Title 50 U.S.C.App. § 781, 56 Stat. 390, bans the making of any sketch or other representation of military installations or any military equipment located on any military installation, as listed; and indeed Congress in the National Defense Act of 1940, 54 Stat. 676, as amended, 56 Stat. 179, gave power to federal district courts over civil actions 'to stop any violation' of it. 50 U.S.C.App. § 1152(6)."
Interestingly the Times explained its refusal to allow the Government to examine its own purloined documents by saying in substance this might compromise its sources and informants! The Times thus asserts a right to guard the secrecy of its sources while denying that the Government of the United States has that power.,Interestingly the Times explained its refusal to allow the Government to examine its own stolen documents by saying in substance this might compromise its sources and informants! The Times thus claims a right to protect the secrecy of its sources while denying that the Government of the United States has that power.
No statute gives this Court express power to establish and enforce the utmost security measures for the secrecy of our deliberations and records.,No law gives this Court express power to establish and enforce the highest security measures for the secrecy of our discussions and records.
Yet I have little doubt as to the inherent power of the Court to protect the confidentiality of its internal operations by whatever judicial measures may be required.,Yet I have little doubt about the natural power of the Court to protect the privacy of its internal operations by whatever judicial measures may be required.
"The contract then provided, in substance, that title would remain in Walker-Thomas until the total of all the monthly payments made equaled the stated value of the item, at which time appellants could take title.","The contract then provided, in substance, that ownership would remain with Walker-Thomas until the total of all the monthly payments made equaled the stated value of the item, at which time appellants could take ownership."
"Shortly thereafter, he defaulted on his monthly payments and appellee sought to replevy all the items purchased since the first transaction in 1958.","Shortly after, he failed to make his monthly payments and appellee sought to take back all the items purchased since the first transaction in 1958."
"Similarly, on April 17, 1962, appellant Williams bought a stereo set of stated value of $514.95.1 She too defaulted shortly thereafter, and appellee sought to replevy all the items purchased since December, 1957.","Similarly, on April 17, 1962, appellant Williams bought a stereo set of stated value of $514.95. She too failed to make payments shortly after, and appellee sought to take back all the items purchased since December, 1957."
"The District of Columbia Court of Appeals affirmed, and we granted appellants' motion for leave to appeal to this court.","The District of Columbia Court of Appeals upheld the decision, and we granted appellants' request for permission to appeal to this court."
"Significantly, at the time of this and the preceding purchases, appellee was aware of appellant's financial position.","Importantly, at the time of this and the earlier purchases, appellee knew about appellant's financial situation."
"A review of the legislation in the District of Columbia affecting retail sales and the pertinent decisions of the highest court in this jurisdiction disclose, however, no ground upon which this court can declare the contracts in question contrary to public policy.","A review of the laws in the District of Columbia affecting retail sales and the relevant decisions of the highest court in this area show, however, no basis upon which this court can declare the contracts in question contrary to public policy."
"We note that were the Maryland Retail Installment Sales Act, Art. 83 §§ 128-153, or its equivalent, in force in the District of Columbia, we could grant appellant appropriate relief.","We note that if the Maryland Retail Installment Sales Act, Art. 83 §§ 128-153, or something similar, was in force in the District of Columbia, we could give appellant appropriate remedy."
"We think Congress should consider corrective legislation to protect the public from such exploitive contracts as were utilized in the case at bar..""",We think Congress should consider corrective laws to protect the public from such exploitative contracts as were used in this case.
"The enactment of this section, which occurred subsequent to the contracts here in suit, does not mean that.","The passing of this section, which happened after the contracts here being sued on, does not mean that the common law was different at the time."
"the common law of the District of Columbia was otherwise at the time of enactment, nor does it preclude the court from adopting a similar rule in the exercise of its powers to develop the common law for the District of Columbia.","the common law of the District of Columbia was different at the time of passage, nor does it prevent the court from adopting a similar rule in the exercise of its powers to develop the common law for the District of Columbia."
"In fact, in view of the absence of prior authority on the point, we consider the congressional adoption of § 2-302 persuasive authority for following the rationale of the cases from which the section is explicitly derived.5 Accordingly, we hold that where the element of unconscionability is present at the time a contract is made, the contract should not be enforced.","In fact, in view of the lack of earlier authority on the point, we consider the congressional adoption of § 2-302 persuasive authority for following the reasoning of the cases from which the section is clearly derived. Accordingly, we hold that where the element of unconscionability is present at the time a contract is made, the contract should not be enforced."
"Did each party to the contract, considering his obvious education or lack of it, have a reasonable opportunity to understand the terms of the contract, or were the important terms hidden in a maze of fine print and minimized by deceptive sales practices? Ordinarily, one who signs an agreement without full knowledge of its terms might be held to assume the risk that he has entered a one-sided bargain.8 But when a party of little bargaining power, and hence little real choice, signs a commercially unreasonable contract with little or no knowledge of its terms, it is hardly likely that his consent, or even an objective manifestation of his consent, was ever given to all the terms.","Did each party to the contract, considering his obvious education or lack of it, have a reasonable opportunity to understand the terms of the contract, or were the important terms hidden in a maze of fine print and minimized by misleading sales practices? Ordinarily, one who signs an agreement without full knowledge of its terms might be held to assume the risk that he has entered a one-sided bargain. But when a party of little bargaining power, and therefore little real choice, signs a commercially unreasonable contract with little or no knowledge of its terms, it is hardly likely that his consent, or even an objective sign of his consent, was ever given to all the terms."
"Its opinion in the Williams case, quoted in the majority text, concludes: We think Congress should consider corrective legislation to protect the public from such exploitive contracts as were utilized in the case at bar."".""","Its opinion in the Williams case, quoted in the majority text, concludes: 'We think Congress should consider corrective laws to protect the public from such exploitative contracts as were used in this case.'"
"I mention such matters only to emphasize the desirability of a cautious approach to any such problem, particularly since the law for so long has allowed parties such great latitude in making their own contracts.","I mention such matters only to emphasize the need for a cautious approach to any such problem, particularly since the law for so long has allowed parties such great freedom in making their own contracts."
"I dare say there must annually be thousands upon thousands of installment credit transactions in this jurisdiction, and one can only speculate.","I dare say there must be thousands upon thousands of installment credit transactions every year in this area, and one can only guess."
"Inquiry into the relative bargaining power of the two parties is not an inquiry wholly divorced from the general question of unconscionability, since a one-sided bargain is itself evidence of the inequality of the bargaining parties.","Investigation into the relative bargaining power of the two parties is not an investigation totally separate from the general question of unconscionability, since a one-sided bargain is itself evidence of the inequality of the bargaining parties."
"Within these constraints, however, contracting parties enjoy a legislative preeminence: the rules they must follow are fixed by the terms of their own agreement and it is to the agreement that a court will look in deciding whether each has given or done all he should.","Within these limits, however, contracting parties enjoy a legislative priority: the rules they must follow are set by the terms of their own agreement and it is to the agreement that a court will look in deciding whether each has given or done all he should."
"It may be unclear what the parties have agreed to, and where this is the case, even the least interventionist court must resolve a preliminary issue of interpretation before it can enforce the agreement according to its terms.","It may be unclear what the parties have agreed to, and where this is the case, even the least interfering court must resolve a preliminary issue of interpretation before it can enforce the agreement according to its terms."
"The first solution clearly requires an interpretive elaboration of the parties' bargain, typically through the implication of a risk-allocating term the court believes the parties themselves would have accepted had they addressed the matter at hand.","The first solution clearly requires an interpretive expansion of the parties' bargain, typically through the suggestion of a risk-allocating term the court believes the parties themselves would have accepted had they addressed the matter at hand."
"When are prior statements and promises to be deemed an integral part of the bargain and when should we assume that the parties meant to deny them legal effect through a calculated act of silence or exclusion? A. number of interpretive rules have been devised to help answer this question; often described collectively as the parol evidence rule, they are the subject of the present chapter.","When are earlier statements and promises to be considered an integral part of the bargain and when should we assume that the parties meant to deny them legal effect through a deliberate act of silence or exclusion? A number of interpretive rules have been created to help answer this question; often described collectively as the parol evidence rule, they are the subject of the present chapter."
"that matters in writing made by advice and on consideration, and which finally import the certain truth of the agreement of the parties should be controlled by averment of the parties to be proved by the uncertain testimony of slippery memory.","that matters in writing made with advice and with consideration, and which finally show the certain truth of the agreement of the parties should be controlled by claims of the parties to be proved by the uncertain testimony of unreliable memory."
"Were it otherwise, written contracts would be enforced not according to the plain effect of their language, but pursuant to the story of their negotiations as told by the litigant having at the time being the greater power of persuading the trier of fact.","If it were otherwise, written contracts would be enforced not according to the plain effect of their language, but according to the story of their negotiations as told by the party having at the time the greater power of persuading the judge or jury."
"So far as contracts are concerned, the rule of law would give way to the mere notions of man as to who should win law suits. [Without the parol evidence rule] there would be no assurance of the enforceability of a written contract.","As far as contracts are concerned, the rule of law would give way to the mere ideas of people about who should win lawsuits. Without the parol evidence rule there would be no assurance of the enforceability of a written contract."
"Where it seems obvious from an inspection of the writing that the parties did in fact assent to it as an integrated statement of their agreement, it may seem like a metaphysical quibble to insist that a writing can only have greater or lesser evidentiary weight and can never be self- validating.","Where it seems obvious from an examination of the writing that the parties did in fact agree to it as an integrated statement of their agreement, it may seem like a philosophical minor point to insist that a writing can only have greater or lesser evidentiary weight and can never be self-validating."
"[2] For a discussion of when a promisor may and may not disclaim responsibility for losses resulting from his own negligence, see 6A Corbin §1472.","For a discussion of when someone making a promise may and may not deny responsibility for losses resulting from his own negligence, see 6A Corbin §1472."
"The question for decision is whether the 'Filled Milk Act' of Congress of March 4, 1923, [ … ] which prohibits the shipment in.","The question for decision is whether the 'Filled Milk Act' of Congress of March 4, 1923, which prohibits the shipment in interstate commerce of filled milk exceeds Congress's power."
"nterstate commerce of skimmed milk compounded with any fat or oil other than milk fat, so as to resemble milk or cream, transcends the power of Congress to regulate interstate commerce or infringes the Fifth Amendment.","interstate commerce of skimmed milk mixed with any fat or oil other than milk fat, so as to resemble milk or cream, exceeds the power of Congress to regulate interstate commerce or violates the Fifth Amendment."
"Appellee was indicted in the District Court for Southern Illinois for violation of the act by the shipment in interstate commerce of certain packages of 'Milnut,' a compound of condensed skimmed milk and coconut oil made in imitation or semblance of condensed milk or cream.","Appellee was charged in the District Court for Southern Illinois for violation of the act by the shipment in interstate commerce of certain packages of 'Milnut,' a mixture of condensed skimmed milk and coconut oil made in imitation or appearance of condensed milk or cream."
"The indictment states, in the words of the statute, section 2, 21 U.S.C.A. § 62, that Milnut 'is an adulterated article of food, injurious to the public health,' an[ … ]T[ … ][ … ].","The charging document states, in the words of the law, section 2, 21 U.S.C.A. § 62, that Milnut 'is a contaminated article of food, harmful to the public health.'"
"tute denies to it equal protection of the laws, and in violation of the Fifth Amendment, deprives it of its property without due process of law, particularly in that the statute purports to make binding and conclusive upon appellee the legislative declaration that appellee's product 'is an adulterated article of food, injurious to the public health, and its sale constitutes a fraud on the public.'.","law denies it equal protection of the laws, and in violation of the Fifth Amendment, takes away its property without due process of law, particularly in that the law claims to make binding and final upon appellee the legislative declaration that appellee's product 'is a contaminated article of food, harmful to the public health, and its sale constitutes a fraud on the public.'"
The prohibition of shipment of appellee's product in interstate commerce does not infringe the Fifth Amendment.,The ban on shipment of appellee's product in interstate commerce does not violate the Fifth Amendment.
"The power of the Legislature to secure a minimum of particular nutritive elements in a widely used article of food and to protect the public from fraudulent substitutions, was not doubted; and the Court thought that there was ample scope for the legislative judgment that prohibition of the offending article was an appropriate means of preventing injury to the public.","The power of the Legislature to secure a minimum of particular nutritious elements in a widely used article of food and to protect the public from fraudulent substitutions, was not doubted; and the Court thought that there was plenty of room for the legislative judgment that banning the offending article was an appropriate means of preventing harm to the public."
"We see no persuasive reason for departing from that ruling here, where the Fifth Amendment is concerned; and since none is suggested, we might rest decision wholly on the presumption of constitutionality.","We see no convincing reason for departing from that ruling here, where the Fifth Amendment is concerned; and since none is suggested, we might rest our decision entirely on the assumption of constitutionality."
In twenty years evidence has steadily accumulated of the danger to the public health from the general consumption of foods which have been stripped of elements essential to the maintenance of health.,In twenty years evidence has steadily built up of the danger to public health from the general eating of foods which have been stripped of elements essential to maintaining health.
"The Filled Milk Act was adopted by Congress after committee hearings, in the course of which eminent scientists and health experts testified.","The Filled Milk Act was passed by Congress after committee hearings, during which distinguished scientists and health experts testified."
The conclusions drawn from evidence presented at the hearings were embodied in reports of the.,The conclusions drawn from evidence presented at the hearings were included in reports of the committees.
"Both committees concluded, as the statute itself declares, that the use of filled milk as a substitute for pure milk is generally injurious to health and facilitates fraud on the public.2.","Both committees concluded, as the law itself declares, that the use of filled milk as a substitute for pure milk is generally harmful to health and makes fraud on the public easier."
"We may assume for present purposes that no pronouncement of a Legislature can forestall attack upon the constitutionality of the prohibition which it enacts by applying opprobrious epithets to the prohibited act, and that a statute would deny due process which precluded the disproof in judicial proceedings of all facts which would show or tend to show that a statute depriving the suitor of life, liberty, or property had a rational basis.","We may assume for present purposes that no statement of a Legislature can prevent attack upon the constitutionality of the ban which it passes by applying insulting labels to the banned act, and that a law would deny due process which prevented the disproof in court proceedings of all facts which would show or tend to show that a law taking away the person's life, liberty, or property had a rational basis."
"But such [ … ]ence of facts supporting the legislative judgment is to be presumed, for regulatory legislation affecting ordinary commercial transactions is not to be pronounced unconstitutional unless in the light of the facts made known or generally assumed it is of such a character as to preclude the assumption that it rests upon some rational basis within the knowledge and experience of the legislators.4 See Metropolitan Casualty Ins.","But such existence of facts supporting the legislative judgment is to be assumed, for regulatory laws affecting ordinary commercial transactions is not to be declared unconstitutional unless in the light of the facts made known or generally assumed it is of such a character as to prevent the assumption that it is based upon some rational basis within the knowledge and experience of the lawmakers. See Metropolitan Casualty Ins."
"Where the existence of a rational basis for legislation whose constitutionality is attacked depends upon facts beyond the sphere of judicial notice, such facts may properly be made the subject of judicial inquiry, Borden's Farm Products Co. v.","Where the existence of a rational basis for laws whose constitutionality is attacked depends upon facts beyond what courts commonly know, such facts may properly be investigated by courts, Borden's Farm Products Co. v."
"Baldwin, 293 U.S. 1[ … ]onstitutionality of a statute predicated upon the existence of a particular state of facts may be challenged by showing to the court that those facts have ceased to exist.","Baldwin, 293 U.S. 1 constitutionality of a law based upon the existence of a particular state of facts may be challenged by showing to the court that those facts have stopped existing."
"Sinclair, 264 U.S. 5[ … ] we recognize that the constitutionality of a statute, valid on its face, may be assailed by proof of facts tending to show that the statute as applied to a partic-.","Sinclair, 264 U.S. 5 we recognize that the constitutionality of a law, valid on its face, may be attacked by proof of facts tending to show that the law as applied to a particular case is unconstitutional."
"Barnwell Bros., Inc., 303 U.S. 1[ … ]heir very nature such inquiries, where the legislative judgment is drawn in question, must be restricted to the issue whether any state of facts either known or which could reasonably be assumed affords support for it.","Barnwell Bros., Inc., 303 U.S. 1 by their very nature such inquiries, where the legislative judgment is questioned, must be limited to the issue whether any state of facts either known or which could reasonably be assumed provides support for it."
"Here the demurrer challenges the validity of the statute on its face and it is evident from all the considerations presented to Congress, and those of which we may take judicial notice, that the question is at least debatable whether commerce in filled milk should be left unregulated, or in some measure restricted, or wholly prohibited.","Here the legal objection challenges the validity of the law on its face and it is clear from all the considerations presented to Congress, and those of which we may take judicial notice, that the question is at least debatable whether commerce in filled milk should be left unregulated, or in some measure restricted, or totally banned."
"As that decision was for Congress, neither the finding of a court arrived at by weighing the evidence, nor the verdict of a jury can be substituted for it.","As that decision was for Congress, neither the finding of a court reached by weighing the evidence, nor the verdict of a jury can be put in its place."
"As the statute is not unconstitutional on its face, the demurrer should have been overruled and the judgment will be reversed.","As the law is not unconstitutional on its face, the legal objection should have been denied and the ruling will be reversed."
"2 The reports may be summarized as follows: There is an extensive commerce in milk compounds made of condensed milk from which the butter fat has been extracted and an equivalent amount of vegetable oil, usually coconut oil, substituted.","The reports may be summarized as follows: There is extensive commerce in milk mixtures made of condensed milk from which the butter fat has been removed and an equal amount of vegetable oil, usually coconut oil, substituted."
By reason of the extraction of the natural milk fat the compounded product can be manufactured and sold at a lower cost then pure milk.,Because of the removal of the natural milk fat the mixed product can be manufactured and sold at a lower cost than pure milk.
"be narrower scope for operation of the presumption of constitutionality when legislation appears on its face to be within a specific prohibition of the Constitution, such as those of the first ten Amendments, which are deemed equally specific when held to be embraced within the Fourteenth.","there is narrower scope for operation of the assumption of constitutionality when laws appear on their face to be within a specific ban of the Constitution, such as those of the first ten Amendments, which are considered equally specific when held to be included within the Fourteenth."
"cessary to consider now whether legislation which restricts those political processes which can ordinarily be expected to bring about repeal of undesirable legislation, is to be subjected to more exacting judicial scrutiny under the general prohibitions of the Fourteenth Amendment than are most other types of legislation.","it may be necessary to consider now whether laws which restrict those political processes which can ordinarily be expected to bring about repeal of undesirable laws, should be subjected to stricter judicial scrutiny under the general bans of the Fourteenth Amendment than are most other types of laws."
"enquire whether similar considerations enter into the review of statutes directed at particular religious, Pierce v.","we should enquire whether similar considerations enter into the review of laws directed at particular religious groups, Pierce v."
"The Circuit Court of Appeals affirmed,1 and the importance of the constitutional question involved caused us to grant certiorari.","The Circuit Court of Appeals upheld the decision, and the importance of the constitutional question involved caused us to grant review."
Nothing short of apprehension by the proper military authorities of the gravest imminent danger to the public safety can constitutionally justify either.,Nothing less than recognition by the proper military authorities of the most serious immediate danger to the public safety can constitutionally justify either.
"Here, as in the Hirabayashi case, supra, 320 U.S. at page 99, 63 S.Ct. at page 1385, 87 L.Ed. 1774, '* * * we cannot reject as unfounded the judgment of the military authorities and of Congress that there were disloyal members of that population, whose number and strength could not be precisely and quickly ascertained.","Here, as in the Hirabayashi case, supra, 320 U.S. at page 99, 63 S.Ct. at page 1385, 87 L.Ed. 1774, 'we cannot reject as baseless the judgment of the military authorities and of Congress that there were disloyal members of that population, whose number and strength could not be exactly and quickly determined."
"There was an order issued March 27, 1942, which prohibited petitioner and others of Japanese ancestry from leaving the area, but its effect was specifically limited in time 'until and to the extent that a future proclamation or order should so permit or direct.' 7 Fed.Reg. 2601.","There was an order issued March 27, 1942, which banned petitioner and others of Japanese ancestry from leaving the area, but its effect was specifically limited in time 'until and to the extent that a future announcement or order should so allow or direct.' 7 Fed.Reg. 2601."
"Consequently, the only order in effect touching the petitioner's being in the area on May 30, 1942, the date specified in the information against him, was the May 3 order which prohibited his remaining there, and it was that same order, which he stipulated in his trial that he had violated, knowing of its existence.","Consequently, the only order in effect concerning the petitioner's being in the area on May 30, 1942, the date specified in the charging document against him, was the May 3 order which banned his remaining there, and it was that same order, which he agreed in his trial that he had violated, knowing of its existence."
"We are thus being asked to pass at this time upon the whole subsequent detention program in both assembly and relocation centers, although the only issues framed at the trial related to petitioner's remaining in the prohibited area in violation of the exclusion order.","We are thus being asked to decide at this time upon the whole later detention program in both assembly and relocation centers, although the only issues raised at the trial related to petitioner's remaining in the banned area in violation of the exclusion order."
The lawfulness of one does not necessarily determine the lawfulness of the others.,The legality of one does not necessarily determine the legality of the others.
"There is no reason why violations of these orders, insofar as they were promulgated pursuant to congressional enactment, should not be treated as separate offenses.","There is no reason why violations of these orders, to the extent that they were issued according to congressional law, should not be treated as separate offenses."
It is sufficient here for us to pass upon the order which petitioner violated.,It is enough here for us to decide upon the order which petitioner violated.
"It is said that we are dealing here with the case of imprisonment of a citizen in a concentration camp solely because of his ancestry, without evidence or inquiry concerning his loyalty and good disposition towards the United States.","It is said that we are dealing here with the case of jailing of a citizen in a concentration camp solely because of his ancestry, without evidence or investigation concerning his loyalty and good attitude towards the United States."
That action is not to be stigmatized as lawless because like action in times of peace would be lawless.,That action is not to be labeled as lawless because similar action in times of peace would be lawless.
To talk about a military order that expresses an allowable judgment of war needs by those entrusted with the duty of conducting war as 'an.,To talk about a military order that expresses an acceptable judgment of war needs by those trusted with the duty of conducting war as 'an unconstitutional order' is wrong.
"To recognize that military orders are 'reasonably expedient military precautions' in time of war and yet to deny them constitutional legitimacy makes of the Constitution an instrument for dialetic subtleties not reasonably to be attributed to the hard-headed Framers, of whom a majority had had actual participation in war.","To recognize that military orders are 'reasonably practical military precautions' in time of war and yet to deny them constitutional legitimacy makes of the Constitution a tool for logical technicalities not reasonably to be attributed to the practical Framers, of whom a majority had actual experience in war."
"And being an exercise of the war power explicitly granted by the Constitution for safeguarding the national life by prosecuting war effectively, I find nothing in the Constitution which denies to Congress the power to enforce such a valid military order by making its violation an offense triable in the civil courts.","And being an exercise of the war power clearly granted by the Constitution for protecting the national life by prosecuting war effectively, I find nothing in the Constitution which denies to Congress the power to enforce such a valid military order by making its violation an offense triable in the civil courts."
"I dissent, because I think the indisputable facts exhibit a clear violation of Constitutional rights.","I disagree, because I think the undeniable facts show a clear violation of Constitutional rights."
"On the contrary, it is the case of convicting a citizen as a punishment for not submitting to imprisonment in a concentration camp, based on his ancestry, and solely because of his ancestry, without evidence or inquiry concerning his loyalty and good disposition towards the United States.","On the contrary, it is the case of convicting a citizen as a punishment for not submitting to jailing in a concentration camp, based on his ancestry, and solely because of his ancestry, without evidence or investigation concerning his loyalty and good attitude towards the United States."
"If this be a correct statement of the facts disclosed by this record, and facts of which we take judicial notice, I need hardly labor the conclusion that Constitutional rights have been violated.","If this is a correct statement of the facts disclosed by this record, and facts of which we take judicial notice, I hardly need to work to reach the conclusion that Constitutional rights have been violated."
"The Government's argument, and the opinion of the court, in my judgment, erroneously divide that which is single and indivisible and thus make the case appear as if the petitioner violated a Military Order, sanctioned by Act of Congress, which excluded him from his home, by refusing voluntarily to leave and, so, knowingly and intentionally, defying the order and the Act of Congress.","The Government's argument, and the opinion of the court, in my judgment, wrongly divide that which is single and cannot be divided and thus make the case appear as if the petitioner violated a Military Order, approved by Act of Congress, which excluded him from his home, by refusing voluntarily to leave and, so, knowingly and intentionally, defying the order and the Act of Congress."
"As I have said above, the petitioner, prior to his arrest, was faced with two diametrically contradictory orders given sanction by the Act of Congress of March 21, 1942.","As I have said above, the petitioner, before his arrest, was faced with two completely contradictory orders given approval by the Act of Congress of March 21, 1942."
"These stark realities are met by the suggestion that it is lawful to compel an American citizen to submit to illegal imprisonment on the assumption that he might, after going to the Assembly Center, apply for his discharge by suing out a writ of habeas corpus, as was done in the Endo case, supra.","These harsh realities are met by the suggestion that it is lawful to force an American citizen to submit to illegal jailing on the assumption that he might, after going to the Assembly Center, apply for his release by filing a writ of habeas corpus, as was done in the Endo case, supra."
"Again it is a new doctrine of constitutional law that one indicted for disobedience to an unconstitutional statute may not defend on the ground of the invalidity of the statute but must obey it though he knows it is no law and, after he has suffered the disgrace of conviction and lost his liberty by sentence, then, and not before, seek, from within prison walls, to test the validity of the law.","Again it is a new principle of constitutional law that one charged for disobedience to an unconstitutional law may not defend on the ground of the invalidity of the law but must obey it though he knows it is no law and, after he has suffered the shame of conviction and lost his liberty by sentence, then, and not before, seek, from within prison walls, to test the validity of the law."
"If, as is the fact he was constrained so to do, it is indeed a narrow application of constitutional rights to ignore the order which constrained him, in order to sustain his conviction for violation of another contradictory order.","If, as is the fact he was forced to do so, it is indeed a narrow application of constitutional rights to ignore the order which forced him, in order to uphold his conviction for violation of another contradictory order."
The Constitution makes him a citizen of the United States by nativity and a citizen of California by.,The Constitution makes him a citizen of the United States by birth and a citizen of California by residence.
"Even if all of one's antecedents had been convicted of treason, the Constitution forbids its penalties to be visited upon him, for it provides that 'no Attainder of Treason shall work Corruption of Blood, or Forfeiture except during the Life of the Person attained.' Article 3, § 3, cl. 2.","Even if all of one's ancestors had been convicted of treason, the Constitution forbids its penalties to be imposed upon him, for it provides that 'no Finding of Treason shall work Corruption of Blood, or Loss of Property except during the Life of the Person convicted.' Article 3, § 3, cl. 2."
"But if we cannot confine military expedients by the Constitution, neither would I distort the Constitution to approve all that the military may deem expedient.","But if we cannot limit military actions by the Constitution, neither would I twist the Constitution to approve all that the military may consider practical."
The limitation under which courts always will labor in examining the necessity for a military order are illustrated by this case.,The limits under which courts always will work in examining the necessity for a military order are shown by this case.
In the very nature of things military decisions are not susceptible of intelligent judicial appraisal.,By the very nature of things military decisions are not subject to intelligent judicial review.
"But once a judicial opinion rationalizes such an order to show that it conforms to the Constitution, or rather rationalizes the Constitution to show that the Constitution sanctions such an order, the Court for all time has validated the principle of racial discrimination in criminal procedure and of transplanting American citizens.","But once a judicial opinion justifies such an order to show that it conforms to the Constitution, or rather justifies the Constitution to show that the Constitution approves such an order, the Court for all time has validated the principle of racial discrimination in criminal procedure and of relocating American citizens."
"All who observe the work of courts are familiar with what Judge Cardozo described as 'the tendency of a principle to expand itself to the limit of its logic.'1 A military commander may overstep the bounds of constitutionality, and it is an incident.","All who observe the work of courts are familiar with what Judge Cardozo described as 'the tendency of a principle to expand itself to the limit of its logic.' A military commander may go beyond the bounds of constitutionality, and it is an incident."
"We yielded, and the Chief Justice guarded the opinion as carefully as language.","We gave in, and the Chief Justice guarded the opinion as carefully as language allowed."
"He said: 'Our investigation here does not go beyond the inquiry whether, in the light of all the relevant circumstances preceding and attending their promulgation, the challenged orders and statute afforded a reasonable basis for the action taken in imposing the curfew.' 320 U.S. at page 101, 63 S.Ct. at page 1386, 87 L.Ed. 1774. 'We decide only the issue as we have defined it—we decide only that the curfew order as applied, and at the time it was applied, was within the boundaries of the war power.' 320 U.S. at page 102, 63 S.Ct. at page 1386, 87 L.Ed. 1774.","He said: 'Our investigation here does not go beyond the question whether, in the light of all the relevant circumstances before and during their issuance, the challenged orders and law provided a reasonable basis for the action taken in imposing the curfew.' 320 U.S. at page 101, 63 S.Ct. at page 1386, 87 L.Ed. 1774. 'We decide only the issue as we have defined it—we decide only that the curfew order as applied, and at the time it was applied, was within the limits of the war power.' 320 U.S. at page 102, 63 S.Ct. at page 1386, 87 L.Ed. 1774."
"Because we said that these citizens could be made to stay in their homes during the hours of dark, it is said we must require them to leave home entirely; and if that, we are told they may also be taken into custody for deportation; and if that, it is argued they may also be held for some undetermined time in detention camps.","Because we said that these citizens could be made to stay in their homes during the hours of dark, it is said we must require them to leave home entirely; and if that, we are told they may also be taken into custody for removal; and if that, it is argued they may also be held for some undetermined time in detention camps."
